assists,birth_date,bonus,bps,can_select,can_transact,chance_of_playing_next_round,chance_of_playing_this_round,clean_sheets,clean_sheets_per_90,clearances_blocks_interceptions,code,corners_and_indirect_freekicks_order,corners_and_indirect_freekicks_text,cost_change_event,cost_change_event_fall,cost_change_start,cost_change_start_fall,creativity,creativity_rank,creativity_rank_type,defensive_contribution,defensive_contribution_per_90,direct_freekicks_order,direct_freekicks_text,dreamteam_count,element_type,ep_next,ep_this,event_points,expected_assists,expected_assists_per_90,expected_goal_involvements,expected_goal_involvements_per_90,expected_goals,expected_goals_conceded,expected_goals_conceded_per_90,expected_goals_per_90,first_name,form,form_rank,form_rank_type,goals_conceded,goals_conceded_per_90,goals_scored,has_temporary_code,ict_index,ict_index_rank,ict_index_rank_type,id,in_dreamteam,influence,influence_rank,influence_rank_type,known_name,minutes,news,news_added,now_cost,now_cost_rank,now_cost_rank_type,opta_code,own_goals,penalties_missed,penalties_order,penalties_saved,penalties_text,photo,points_per_game,points_per_game_rank,points_per_game_rank_type,recoveries,red_cards,region,removed,saves,saves_per_90,scout_risks,second_name,selected_by_percent,selected_rank,selected_rank_type,special,squad_number,starts,starts_per_90,status,tackles,team,team_code,team_join_date,threat,threat_rank,threat_rank_type,total_points,transfers_in,transfers_in_event,transfers_out,transfers_out_event,value_form,value_season,web_name,yellow_cards
0,1995-09-15,5,462,True,True,None,None,13,0.45,26,154561,None,,0,0,5,-5,33.4,370,3,0,0.0,None,,1,1,4.2,3.7,3,0.06,0.0,0.06,0.0,0.00,20.43,0.7,0.0,David,3.2,113,10,22,0.76,0,False,44.6,264,16,1,True,411.8,104,17,,2610,,None,60,86,1,p154561,0,0,None,0,,154561.jpg,4.0,66,5,243,0,200,False,45,1.55,"[{'property': 'blank_gw', 'notes': 'This player currently has no Premier League fixture in Gameweek 31.', 'gameweek': 31, 'url': None}]",Raya Martín,34.2,7,1,False,None,29,1.0,a,1,1,3,2024-07-04,0.0,810,94,115,3968241,21488,2323084,20956,0.5,19.2,Raya,1
0,1994-10-03,0,0,True,True,None,None,0,0,0,109745,None,,0,0,-4,4,0.0,617,73,0,0,None,,0,1,1.0,0.5,0,0.00,0,0.00,0,0.00,0.00,0,0,Kepa,0.0,516,77,0,0,0,False,0.0,627,85,2,False,0.0,625,85,,0,,None,41,649,36,p109745,0,0,None,0,,109745.jpg,0.0,635,85,0,0,200,False,0,0,"[{'property': 'blank_gw', 'notes': 'This player currently has no Premier League fixture in Gameweek 31.', 'gameweek': 31, 'url': None}]",Arrizabalaga Revuelta,0.4,281,36,False,None,0,0,a,0,1,3,2025-07-01,0.0,590,60,0,14403,68,76359,218,0.0,0.0,Arrizabalaga,0
0,2002-04-13,0,0,False,True,0,0,0,0,0,463748,None,,0,0,0,0,0.0,576,61,0,0,None,,0,1,0.0,0.0,0,0.00,0,0.00,0,0.00,0.00,0,0,Karl,0.0,471,65,0,0,0,False,0.0,586,73,3,False,0.0,584,73,,0,Has joined Werder Bremen on loan for the rest of the season.,2025-08-26T13:44:02.357864Z,40,685,54,p463748,0,0,None,0,,463748.jpg,0.0,594,73,0,0,67,False,0,0,"[{'property': 'blank_gw', 'notes': 'This player currently has no Premier League fixture in Gameweek 31.', 'gameweek': 31, 'url': None}]",Hein,0.2,371,54,False,None,0,0,u,0,1,3,2020-10-28,0.0,547,48,0,5545,0,48053,43,0.0,0.0,Hein,0
0,2006-03-13,0,0,True,True,None,None,0,0,0,551221,None,,0,0,-1,1,0.0,545,43,0,0,None,,0,1,1.0,0.5,0,0.00,0,0.00,0,0.00,0.00,0,0,Tommy,0.0,441,49,0,0,0,False,0.0,558,58,4,False,0.0,556,58,,0,,None,39,776,90,p551221,0,0,None,0,,551221.jpg,0.0,566,58,0,0,241,False,0,0,"[{'property': 'blank_gw', 'notes': 'This player currently has no Premier League fixture in Gameweek 31.', 'gameweek': 31, 'url': None}]",Setford,0.2,358,52,False,None,0,0,a,0,1,3,2024-07-24,0.0,514,30,0,33553,123,33035,249,0.0,0.0,Setford,0
4,1997-12-19,21,523,True,True,100,100,12,0.54,167,226597,None,,0,0,11,-11,105.1,248,71,197,8.93,None,,4,2,5.8,5.3,9,1.59,0.07,3.46,0.15,1.87,13.95,0.63,0.08,Gabriel,4.8,33,9,15,0.68,3,False,92.5,92,23,5,True,628.0,24,10,Gabriel Magalhães,1985,,2025-11-17T12:00:07.436586Z,71,33,1,p226597,0,0,None,0,,226597.jpg,6.7,2,1,42,0,30,False,0,0.0,"[{'property': 'blank_gw', 'notes': 'This player currently has no Premier League fixture in Gameweek 31.', 'gameweek': 31, 'url': None}]",dos Santos Magalhães,42.9,4,1,False,None,22,1.0,a,30,1,3,2020-09-01,194.0,132,24,153,8071737,40717,5183183,13242,0.7,21.5,Gabriel,3
0,2001-03-24,6,412,True,True,100,100,10,0.45,112,462424,None,,0,0,1,-1,124.6,221,54,138,6.26,None,,1,2,5.0,4.5,10,0.61,0.03,1.49,0.07,0.88,14.10,0.64,0.04,William,4.0,72,21,16,0.73,1,False,59.7,202,68,6,False,400.0,115,51,,1984,,2026-01-28T04:30:08.458028Z,61,84,4,p462424,0,0,None,0,,462424.jpg,4.0,67,26,89,0,73,False,0,0.0,"[{'property': 'blank_gw', 'notes': 'This player currently has no Premier League fixture in Gameweek 31.', 'gameweek': 31, 'url': None}]",Saliba,13.5,25,9,False,None,23,1.04,a,26,1,3,2019-07-25,72.0,284,83,96,1874107,16426,2182448,9780,0.7,15.7,Saliba,1
2,2002-05-19,4,308,True,True,100,100,10,0.67,61,466075,None,,0,0,1,-1,109.3,240,68,91,6.08,None,,2,2,2.6,2.1,0,0.40,0.03,3.17,0.22,2.77,7.79,0.52,0.19,Riccardo,1.6,223,83,8,0.53,1,False,56.8,215,72,7,False,228.6,237,92,,1347,,2025-12-27T22:00:11.031357Z,56,132,14,p466075,0,0,None,0,,466075.jpg,4.3,41,18,59,0,106,False,0,0.0,"[{'property': 'blank_gw', 'notes': 'This player currently has no Premier League fixture in Gameweek 31.', 'gameweek': 31, 'url': None}]",Calafiori,6.1,61,21,False,None,17,1.14,a,30,1,3,2024-07-29,230.0,105,12,86,2630802,1039,2443867,8107,0.3,15.4,Calafiori,5
5,2001-06-17,7,496,True,True,100,100,12,0.46,71,445122,None,,-1,1,8,-8,380.2,58,10,130,5.03,None,,2,2,5.0,4.5,8,1.45,0.06,6.16,0.24,4.71,15.81,0.61,0.18,Jurriën,4.0,73,22,20,0.77,3,False,118.7,45,4,8,True,455.6,79,35,,2325,,2026-01-28T04:30:08.479318Z,63,69,2,p445122,0,0,None,0,,445122.jpg,4.8,20,6,95,0,152,False,0,0.0,"[{'property': 'blank_gw', 'notes': 'This player currently has no Premier League fixture in Gameweek 31.', 'gameweek': 31, 'url': None}]",Timber,27.7,14,4,False,None,26,1.01,a,59,1,3,2023-07-14,348.0,60,1,135,6497608,34902,3732436,37256,0.6,21.4,J.Timber,5
0,2000-02-15,0,0,False,True,0,0,0,0,0,440854,None,,0,0,-1,1,0.0,800,266,0,0,None,,0,2,0.0,0.0,0,0.00,0,0.00,0,0.00,0.00,0,0,Jakub,0.0,782,263,0,0,0,False,0.0,801,266,9,False,0.0,801,266,,0,has joined Porto on loan for the rest of the season.,2025-09-02T13:37:25.929594Z,54,172,20,p440854,0,0,None,0,,440854.jpg,0.0,802,266,0,0,172,False,0,0,"[{'property': 'blank_gw', 'notes': 'This player currently has no Premier League fixture in Gameweek 31.', 'gameweek': 31, 'url': None}]",Kiwior,0.0,592,211,False,None,0,0,u,0,1,3,2023-01-23,0.0,798,266,0,1119,0,10895,2,0.0,0.0,Kiwior,0
0,2006-09-26,0,36,True,True,None,None,0,0.0,10,499169,None,,0,0,-4,4,45.5,349,121,14,4.05,None,,0,2,1.0,0.5,0,0.06,0.02,0.11,0.03,0.05,5.26,1.52,0.01,Myles,0.0,761,259,5,1.45,0,False,9.4,417,151,10,False,31.2,428,161,,311,,None,51,239,36,p499169,0,0,None,0,,499169.jpg,0.9,507,175,14,0,241,False,0,0.0,"[{'property': 'blank_gw', 'notes': 'This player currently has no Premier League fixture in Gameweek 31.', 'gameweek': 31, 'url': None}]",Lewis-Skelly,1.4,162,63,False,None,1,0.29,a,4,1,3,2022-12-04,18.0,386,137,12,134303,300,464547,728,0.0,2.4,Lewis-Skelly,3
1,1997-10-08,3,112,True,True,75,75,3,0.66,23,198869,None,,0,0,-4,4,92.7,270,83,36,7.92,None,,1,2,0.8,0.4,0,0.49,0.11,0.92,0.2,0.43,6.13,1.35,0.09,Benjamin,0.0,757,257,4,0.88,0,False,25.0,348,119,11,False,111.4,340,127,,409,Knock - 75% chance of playing,2026-02-22T23:00:08.984090Z,51,227,30,p198869,0,0,None,0,,198869.jpg,4.3,39,17,18,0,241,False,0,0.0,"[{'property': 'blank_gw', 'notes': 'This player currently has no Premier League fixture in Gameweek 31.', 'gameweek': 31, 'url': None}]",White,0.5,264,97,False,None,5,1.1,d,13,1,3,2021-07-30,46.0,327,106,30,346779,28,405193,1119,0.0,5.9,White,0
0,None,0,0,True,True,None,None,0,0,0,563324,None,,0,0,-2,2,0.0,510,196,0,0,None,,0,2,1.0,0.5,0,0.00,0,0.00,0,0.00,0.00,0,0,Brayden,0.0,406,157,0,0,0,False,0.0,525,196,13,False,0.0,523,196,,0,,None,38,810,258,p563324,0,0,None,0,,563324.jpg,0.0,533,196,0,0,None,False,0,0,"[{'property': 'blank_gw', 'notes': 'This player currently has no Premier League fixture in Gameweek 31.', 'gameweek': 31, 'url': None}]",Clarke,0.4,272,100,False,None,0,0,a,0,1,3,None,0.0,479,190,0,51725,82,78141,286,0.0,0.0,Clarke,0
0,None,0,0,False,True,0,0,0,0,0,588793,None,,0,0,-1,1,0.0,550,208,0,0,None,,0,2,0.0,0.0,0,0.00,0,0.00,0,0.00,0.00,0,0,Maldini,0.0,446,171,0,0,0,False,0.0,563,208,14,False,0.0,561,208,,0,has joined Morecambe on loan for the rest of the season.,2025-09-22T21:14:30.857843Z,39,781,230,p588793,0,0,None,0,,588793.jpg,0.0,571,208,0,0,None,False,0,0,"[{'property': 'blank_gw', 'notes': 'This player currently has no Premier League fixture in Gameweek 31.', 'gameweek': 31, 'url': None}]",Kacurri,0.1,489,175,False,None,0,0,u,0,1,3,None,0.0,519,202,0,10218,0,22635,11,0.0,0.0,Kacurri,0
0,2006-07-26,0,0,True,True,None,None,0,0,0,499167,None,,0,0,-3,3,0.0,491,178,0,0,None,,0,2,1.0,0.5,0,0.00,0,0.00,0,0.00,0.00,0,0,Josh,0.0,385,137,0,0,0,False,0.0,509,181,15,False,0.0,507,181,,0,,None,37,816,263,p499167,0,0,None,0,,499167.jpg,0.0,518,182,0,0,241,False,0,0,"[{'property': 'blank_gw', 'notes': 'This player currently has no Premier League fixture in Gameweek 31.', 'gameweek': 31, 'url': None}]",Nichols,0.2,352,128,False,None,0,0,a,0,1,3,2024-07-24,0.0,459,171,0,28018,1118,28374,635,0.0,0.0,Nichols,0
8,2001-09-05,13,460,True,True,100,100,8,0.4,20,223340,2,,0,0,-2,2,695.0,8,8,152,7.54,2,,2,3,5.0,4.5,2,5.65,0.28,12.37,0.61,6.72,12.49,0.62,0.33,Bukayo,4.0,75,36,16,0.79,5,False,189.3,6,4,16,False,495.4,68,19,,1815,,2026-02-22T23:00:09.004929Z,98,6,4,p223340,0,0,1,0,,223340.jpg,4.8,22,12,99,0,241,False,0,0.0,"[{'property': 'blank_gw', 'notes': 'This player currently has no Premier League fixture in Gameweek 31.', 'gameweek': 31, 'url': None}]",Saka,7.7,52,19,False,None,20,0.99,a,33,1,3,2018-11-28,700.0,7,2,121,4026419,19757,5024494,6285,0.4,12.3,Saka,1
6,1998-12-17,5,252,True,True,75,100,4,0.34,13,184029,4,,0,0,-2,2,434.7,39,36,81,6.81,None,,1,3,1.5,1.5,0,2.91,0.24,3.92,0.32,1.01,12.89,1.08,0.08,Martin,1.0,282,128,11,0.93,1,False,83.7,122,70,17,False,259.6,212,91,,1070,Knee injury - 75% chance of playing,2026-03-01T22:00:07.274545Z,78,18,13,p184029,0,0,3,0,,184029.jpg,3.1,184,80,51,0,161,False,0,0.0,"[{'property': 'blank_gw', 'notes': 'This player currently has no Premier League fixture in Gameweek 31.', 'gameweek': 31, 'url': None}]",Ødegaard,1.6,152,51,False,None,13,1.09,d,17,1,3,2021-08-20,144.0,190,106,62,376808,609,636043,2157,0.1,7.9,Ødegaard,0
1,2002-03-10,6,174,True,True,100,100,5,0.54,11,248857,3,,0,0,-2,2,242.3,127,87,46,4.99,None,,2,3,4.0,3.5,0,1.98,0.21,2.94,0.31,0.96,8.68,0.94,0.1,Noni,3.0,125,58,7,0.76,2,False,70.8,156,83,18,False,182.2,274,117,,829,,2025-09-21T22:30:05.839272Z,68,45,28,p248857,0,0,None,0,,248857.jpg,2.7,244,103,20,0,241,False,0,0.0,"[{'property': 'blank_gw', 'notes': 'This player currently has no Premier League fixture in Gameweek 31.', 'gameweek': 31, 'url': None}]",Madueke,1.1,185,65,False,None,11,1.19,a,15,1,3,2025-07-18,284.0,83,51,51,365123,2243,376482,9312,0.4,7.5,Madueke,0
3,2001-06-18,1,144,True,True,100,100,2,0.24,10,444145,None,,0,0,-2,2,128.5,217,142,59,7.07,None,,0,3,2.8,2.3,1,0.91,0.11,4.33,0.52,3.42,6.87,0.82,0.41,Gabriel,1.8,210,92,5,0.6,1,False,58.7,206,103,19,False,147.2,304,138,Gabriel Martinelli,751,,2025-12-24T02:30:10.584394Z,68,46,29,p444145,0,0,None,0,,444145.jpg,1.8,374,161,39,0,30,False,0,0.0,"[{'property': 'blank_gw', 'notes': 'This player currently has no Premier League fixture in Gameweek 31.', 'gameweek': 31, 'url': None}]",Martinelli Silva,0.9,197,69,False,None,8,0.96,a,10,1,3,2019-07-15,316.0,71,42,42,184006,545,255258,2228,0.3,6.2,Martinelli,2
5,1994-12-04,9,352,True,True,100,100,8,0.44,21,116216,None,,0,0,-3,3,435.2,38,35,111,6.07,None,,2,3,3.4,2.9,1,2.63,0.14,7.45,0.4,4.82,11.47,0.63,0.26,Leandro,2.4,161,73,14,0.77,5,False,126.4,38,28,20,False,401.8,114,36,,1645,,2026-02-19T16:30:08.130679Z,67,48,30,p116216,0,0,4,0,,116216.jpg,3.9,81,40,66,0,21,False,0,0.0,"[{'property': 'blank_gw', 'notes': 'This player currently has no Premier League fixture in Gameweek 31.', 'gameweek': 31, 'url': None}]",Trossard,1.0,189,68,False,None,18,0.98,a,24,1,3,2023-01-20,424.0,36,20,98,530670,2329,462679,5474,0.4,14.6,Trossard,1
9,1999-01-14,21,659,True,True,75,100,12,0.45,99,204480,1,,-1,1,10,-10,840.7,3,3,298,11.18,1,,5,3,4.9,6.1,5,6.22,0.23,9.21,0.34,2.99,16.91,0.63,0.11,Declan,5.6,18,8,21,0.79,4,False,180.1,8,6,21,True,693.8,12,3,,2400,Knock - 75% chance of playing,2026-03-01T22:00:07.286360Z,75,22,15,p204480,0,0,None,0,,204480.jpg,5.6,7,5,146,0,241,False,0,0.0,"[{'property': 'blank_gw', 'notes': 'This player currently has no Premier League fixture in Gameweek 31.', 'gameweek': 31, 'url': None}]",Rice,32.5,9,3,False,None,27,1.01,d,53,1,3,2023-07-15,265.0,89,56,157,6849972,38558,3846311,108266,0.7,20.9,Rice,2
3,1996-06-22,5,238,True,True,0,0,4,0.36,30,195384,None,,0,0,-6,6,187.0,174,119,111,10.03,None,,1,3,0.0,0.0,0,1.45,0.13,4.44,0.4,2.99,6.59,0.6,0.27,Mikel,0.0,777,340,9,0.81,4,False,72.6,149,79,22,False,304.4,184,73,,996,Foot injury - Unknown return date,2026-02-02T11:30:08.998402Z,54,164,101,p195384,0,0,None,0,,195384.jpg,3.1,180,77,55,0,200,False,0,0.0,"[{'property': 'blank_gw', 'notes': 'This player currently has no Premier League fixture in Gameweek 31.', 'gameweek': 31, 'url': None}]",Merino Zazón,0.8,204,71,False,None,10,0.9,i,26,1,3,2024-08-27,237.0,101,63,66,835904,16,836576,1971,0.0,12.2,Merino,1
0,2000-05-30,0,0,False,True,0,0,0,0,0,438098,None,,0,0,-1,1,0.0,799,353,0,0,None,,0,3,0.0,0.0,0,0.00,0,0.00,0,0.00,0.00,0,0,Fábio,0.0,781,342,0,0,0,False,0.0,800,353,23,False,0.0,800,353,,0,has joined Hamburger on loan for the rest of the season.,2025-09-02T13:38:06.128321Z,54,171,106,p438098,0,0,None,0,,438098.jpg,0.0,801,354,0,0,173,False,0,0,"[{'property': 'blank_gw', 'notes': 'This player currently has no Premier League fixture in Gameweek 31.', 'gameweek': 31, 'url': None}]",Ferreira Vieira,0.0,682,277,False,None,0,0,u,0,1,3,2022-06-21,0.0,797,352,0,933,0,4427,2,0.0,0.0,Fábio Vieira,0
0,1994-03-10,0,16,True,True,100,100,0,0.0,7,128295,None,,0,0,-4,4,0.4,476,231,10,19.57,None,,0,3,1.4,0.9,1,0.00,0.0,0.05,0.1,0.05,2.23,4.36,0.1,Christian,0.4,344,160,1,1.96,0,False,2.4,465,211,24,False,15.6,450,201,,46,,2025-08-18T08:00:05.297235Z,51,225,138,p128295,0,0,None,0,,128295.jpg,1.0,496,230,3,0,58,False,0,0.0,"[{'property': 'blank_gw', 'notes': 'This player currently has no Premier League fixture in Gameweek 31.', 'gameweek': 31, 'url': None}]",Nørgaard,0.1,436,148,False,None,0,0.0,a,0,1,3,2025-07-10,7.0,423,204,5,7567,52,61059,69,0.1,1.0,Nørgaard,0
0,2007-03-21,0,20,False,True,0,0,1,0.55,1,499175,None,,0,0,-5,5,22.5,387,196,13,7.09,None,,0,3,0.0,0.0,0,0.08,0.04,0.31,0.17,0.23,0.73,0.4,0.13,Ethan,0.0,749,321,0,0.0,0,False,5.4,440,196,25,False,8.6,461,208,,165,has joined Marseille on loan for the rest of the season.,2026-01-23T17:18:55.073277Z,50,271,166,p499175,0,0,None,0,,499175.jpg,1.3,430,193,10,0,241,False,0,0.0,"[{'property': 'blank_gw', 'notes': 'This player currently has no Premier League fixture in Gameweek 31.', 'gameweek': 31, 'url': None}]",Nwaneri,0.1,448,153,False,None,0,0.0,u,2,1,3,2022-09-17,24.0,367,188,8,13149,0,36825,57,0.0,1.6,Nwaneri,0
1,1999-02-02,9,510,True,True,100,100,13,0.48,99,481655,None,,-1,1,-3,3,318.4,80,59,246,9.06,None,,1,3,5.0,4.5,2,2.07,0.08,4.71,0.18,2.64,19.26,0.71,0.1,Martín,4.0,67,33,20,0.74,5,False,108.0,66,42,26,False,521.6,60,16,,2445,,2025-11-01T18:30:07.784912Z,52,213,131,p481655,0,0,None,0,,481655.jpg,3.8,87,42,95,0,200,False,0,0.0,"[{'property': 'blank_gw', 'notes': 'This player currently has no Premier League fixture in Gameweek 31.', 'gameweek': 31, 'url': None}]",Zubimendi Ibáñez,4.8,72,25,False,None,28,1.03,a,52,1,3,2025-07-06,239.0,100,62,111,1299618,7669,993265,29663,0.8,21.3,Zubimendi,4
0,2005-12-10,0,0,False,True,0,0,0,0,0,588796,None,,0,0,0,0,0.0,726,303,0,0,None,,0,3,0.0,0.0,0,0.00,0,0.00,0,0.00,0.00,0,0,Ismeal,0.0,662,259,0,0,0,False,0.0,732,303,28,False,0.0,732,303,,0,has joined Shrewsbury Town on loan for the rest of the season.,2025-09-02T13:24:41.013511Z,45,485,296,p588796,0,0,None,0,,588796.jpg,0.0,734,305,0,0,152,False,0,0,"[{'property': 'blank_gw', 'notes': 'This player currently has no Premier League fixture in Gameweek 31.', 'gameweek': 31, 'url': None}]",Kabia,0.1,483,170,False,None,0,0,u,0,1,3,2024-09-14,0.0,713,299,0,6731,0,30238,19,0.0,0.0,Kabia,0
0,1999-10-22,0,0,False,True,0,0,0,0,0,437742,None,,0,0,0,0,0.0,689,272,0,0,None,,0,3,0.0,0.0,0,0.00,0,0.00,0,0.00,0.00,0,0,Albert,0.0,619,222,0,0,0,False,0.0,695,271,29,False,0.0,693,269,,0,has joined Hamburger permanently.,2025-09-02T13:40:53.094922Z,45,429,256,p437742,0,0,None,0,,437742.jpg,0.0,699,275,0,0,21,False,0,0,"[{'property': 'blank_gw', 'notes': 'This player currently has no Premier League fixture in Gameweek 31.', 'gameweek': 31, 'url': None}]",Sambi Lokonga,0.0,584,219,False,None,0,0,u,0,1,3,2021-07-19,0.0,672,265,0,2952,0,14065,15,0.0,0.0,Sambi,0
1,1999-06-11,0,44,True,True,100,75,2,1.06,5,219847,None,,0,0,-2,2,32.6,371,48,12,6.35,None,,0,4,2.2,1.3,1,0.06,0.03,0.27,0.14,0.21,1.16,0.61,0.11,Kai,1.2,257,32,0,0.0,0,False,8.8,422,53,30,False,32.2,425,50,,170,,2026-02-13T01:00:08.753674Z,73,25,10,p219847,0,0,None,0,,219847.jpg,2.2,316,35,4,0,80,False,0,0.0,"[{'property': 'blank_gw', 'notes': 'This player currently has no Premier League fixture in Gameweek 31.', 'gameweek': 31, 'url': None}]",Havertz,0.5,258,41,False,None,2,1.06,a,3,1,3,2023-06-28,22.0,375,54,9,110344,310,190536,2761,0.2,1.2,Havertz,0
0,1997-04-03,0,68,True,True,100,100,0,0.0,4,205651,None,,0,0,-1,1,24.9,383,49,26,7.7,None,,0,4,1.2,0.7,0,0.19,0.06,1.94,0.58,1.75,3.56,1.05,0.52,Gabriel,0.2,383,49,6,1.78,2,False,33.0,318,37,31,False,100.6,350,36,Gabriel Jesus,304,,2025-07-21T10:00:04.697564Z,64,55,20,p205651,0,0,None,0,,205651.jpg,1.5,415,51,18,0,30,False,0,0.0,"[{'property': 'blank_gw', 'notes': 'This player currently has no Premier League fixture in Gameweek 31.', 'gameweek': 31, 'url': None}]",Fernando de Jesus,0.4,270,43,False,None,2,0.59,a,4,1,3,2022-07-04,207.0,116,29,17,146170,498,111248,4945,0.0,2.7,G.Jesus,2
3,1998-06-29,8,335,True,True,None,None,6,0.41,17,232413,None,,0,0,-3,3,212.3,151,104,85,5.82,None,,3,3,4.8,4.3,2,2.07,0.14,5.80,0.4,3.73,8.43,0.58,0.26,Eberechi,3.8,85,38,10,0.68,6,False,89.2,103,60,266,False,330.2,159,57,,1314,,None,72,31,18,p232413,0,0,None,0,,232413.jpg,3.7,102,49,54,0,241,False,0,0.0,"[{'property': 'blank_gw', 'notes': 'This player currently has no Premier League fixture in Gameweek 31.', 'gameweek': 31, 'url': None}]",Eze,8.0,46,15,False,None,15,1.03,a,14,1,3,2025-08-23,351.0,57,35,88,3320607,13377,3713207,6252,0.5,12.2,Eze,1
0,2004-06-27,1,113,True,True,100,100,1,0.16,36,500040,None,,0,0,-2,2,37.3,361,128,55,8.97,None,,0,2,2.0,1.5,0,0.46,0.08,0.46,0.08,0.00,4.61,0.75,0.0,Cristhian,1.0,274,98,5,0.82,0,False,17.3,378,134,662,False,128.2,322,122,,552,,2025-12-04T09:00:09.512338Z,53,201,25,p500040,0,0,None,0,,500040.jpg,1.8,372,140,22,0,200,False,0,0.0,"[{'property': 'blank_gw', 'notes': 'This player currently has no Premier League fixture in Gameweek 31.', 'gameweek': 31, 'url': None}]",Mosquera,0.1,427,158,False,None,5,0.82,a,19,1,3,2025-07-24,8.0,415,156,22,45090,190,51844,155,0.2,4.2,Mosquera,1
0,1998-06-04,11,349,True,True,100,100,10,0.5,18,224117,None,,0,0,-2,2,196.0,166,14,67,3.35,None,,3,4,7.0,6.5,2,1.74,0.09,9.97,0.5,8.23,13.22,0.66,0.41,Viktor,6.0,13,4,11,0.55,10,False,114.5,53,11,666,False,373.8,129,12,,1801,,2025-11-01T18:00:08.847750Z,88,8,4,p224117,0,0,2,0,,224117.jpg,3.4,139,14,43,0,206,False,0,0.0,"[{'property': 'blank_gw', 'notes': 'This player currently has no Premier League fixture in Gameweek 31.', 'gameweek': 31, 'url': None}]",Gyökeres,12.3,27,5,False,None,22,1.1,a,6,1,3,2025-07-26,583.0,20,12,93,3369352,33918,4897022,28095,0.7,10.6,Gyökeres,4
1,2009-12-31,0,13,True,True,75,75,0,0.0,0,616077,None,,0,0,-3,3,0.8,468,226,3,10.0,None,,0,3,0.8,0.4,0,0.02,0.07,0.16,0.54,0.14,0.12,0.4,0.47,Max,0.0,535,176,0,0.0,0,False,2.8,460,208,700,False,1.0,496,228,,27,Lack of match fitness - 75% chance of playing,2025-12-10T00:00:08.266774Z,42,647,367,p616077,0,0,None,0,,616077.jpg,2.5,266,113,1,0,241,False,0,0.0,"[{'property': 'blank_gw', 'notes': 'This player currently has no Premier League fixture in Gameweek 31.', 'gameweek': 31, 'url': None}]",Dowman,0.5,262,91,False,None,0,0.0,d,2,1,3,2025-07-22,26.0,363,186,5,175831,3141,135421,2262,0.0,1.2,Dowman,0
0,2007-12-28,0,0,True,True,None,None,0,0,0,646243,None,,0,0,-1,1,0.0,676,266,0,0,None,,0,3,1.0,0.5,0,0.00,0,0.00,0,0.00,0.00,0,0,Andre,0.0,604,215,0,0,0,False,0.0,684,265,711,False,0.0,682,263,,0,,None,44,572,342,p646243,0,0,None,0,,646243.jpg,0.0,688,269,0,0,241,False,0,0,"[{'property': 'blank_gw', 'notes': 'This player currently has no Premier League fixture in Gameweek 31.', 'gameweek': 31, 'url': None}]",Harriman-Annous,0.0,700,289,False,None,0,0,a,0,1,3,2025-07-22,0.0,657,258,0,1884,15,1759,16,0.0,0.0,Harriman-Annous,0
1,2002-01-09,5,239,True,True,100,100,3,0.19,88,448104,None,,0,0,-4,4,156.8,191,48,123,7.95,None,,2,2,5.0,4.5,0,1.35,0.09,1.68,0.11,0.33,13.31,0.86,0.02,Piero,4.0,66,18,16,1.03,1,False,54.1,226,76,725,False,332.6,156,67,,1393,,2026-01-09T17:30:12.626512Z,51,236,34,p448104,1,0,None,0,,448104.jpg,3.2,157,58,51,0,62,False,0,0.0,"[{'property': 'blank_gw', 'notes': 'This player currently has no Premier League fixture in Gameweek 31.', 'gameweek': 31, 'url': None}]",Hincapié,0.8,211,80,False,None,16,1.03,a,35,1,3,2025-09-01,53.0,318,101,61,508549,5735,422453,2253,0.8,12.0,Hincapie,2
0,2009-08-29,0,0,True,True,None,None,0,0,0,616065,None,,0,0,0,0,0.0,611,242,0,0,None,,0,2,1.0,0.5,0,0.00,0,0.00,0,0.00,0.00,0,0,Marli,0.0,510,210,0,0,0,False,0.0,621,242,759,False,0.0,619,242,,0,,None,40,729,205,p616065,0,0,None,0,,616065.jpg,0.0,629,242,0,0,241,False,0,0,"[{'property': 'blank_gw', 'notes': 'This player currently has no Premier League fixture in Gameweek 31.', 'gameweek': 31, 'url': None}]",Salmon,0.0,686,239,False,None,0,0,a,0,1,3,2025-07-22,0.0,583,239,0,1286,13,1070,42,0.0,0.0,Salmon,0
0,1992-09-02,10,409,True,True,100,100,6,0.26,23,98980,None,,0,0,1,-1,3.2,448,12,0,0.0,None,,3,1,3.5,4.5,1,0.05,0.0,0.05,0.0,0.00,30.16,1.28,0.0,Emiliano,4.0,65,7,22,0.94,0,False,53.7,228,13,32,False,533.8,53,12,,2115,,2026-01-22T01:30:06.743087Z,51,224,7,p98980,0,0,None,1,,98980.jpg,4.0,61,2,199,0,10,False,68,2.89,[],Martínez Romero,4.7,78,14,False,None,24,1.02,a,0,2,7,2020-09-16,0.0,789,90,96,926264,3228,597099,21644,0.8,18.8,Martinez,2
0,1991-03-10,0,51,True,True,100,100,1,0.22,6,72147,None,,0,0,-3,3,0.0,621,77,0,0.0,None,,0,1,-0.5,0.5,0,0.00,0.0,0.00,0.0,0.00,8.53,1.9,0.0,Marco,0.0,523,81,8,1.78,0,False,9.3,419,28,33,False,92.8,365,28,,405,,2026-02-15T00:30:06.693638Z,42,626,32,p72147,0,0,None,0,,72147.jpg,2.2,303,27,41,0,152,False,13,2.89,[],Bizot,0.4,282,37,False,None,4,0.89,a,0,2,7,2025-07-15,0.0,595,64,11,83607,77,114651,186,0.0,2.6,M.Bizot,2
0,2000-07-04,0,0,False,True,0,0,0,0,0,462492,None,,0,0,0,0,0.0,575,60,0,0,None,,0,1,0.0,0.0,0,0.00,0,0.00,0,0.00,0.00,0,0,Joe,0.0,470,64,0,0,0,False,0.0,585,72,34,False,0.0,583,72,,0,Has joined Port Vale on loan for the rest of the season.,2025-08-12T07:40:37.843391Z,40,684,53,p462492,0,0,None,0,,462492.jpg,0.0,593,72,0,0,13,False,0,0,[],Gauci,0.1,492,74,False,None,0,0,u,0,2,7,2024-02-01,0.0,546,47,0,0,0,17288,36,0.0,0.0,Gauci,0
0,2003-04-24,0,0,False,True,0,0,0,0,0,462381,None,,0,0,0,0,0.0,574,59,0,0,None,,0,1,0.0,0.0,0,0.00,0,0.00,0,0.00,0.00,0,0,Filip,0.0,469,63,0,0,0,False,0.0,584,71,35,False,0.0,582,71,,0,Has joined Stevenage permanently.,2025-07-30T14:08:21.698398Z,40,683,52,p462381,0,0,None,0,,462381.jpg,0.0,592,71,0,0,241,False,0,0,[],Marschall,0.0,750,84,False,None,0,0,u,0,2,7,2021-12-13,0.0,545,46,0,0,0,1261,3,0.0,0.0,Marschall,0
2,1997-08-07,6,391,True,True,100,100,7,0.27,101,199796,5,,0,0,4,-4,413.2,44,4,149,5.81,None,,2,2,0.7,1.7,0,2.44,0.1,3.48,0.14,1.04,34.08,1.33,0.04,Matty,1.2,250,91,25,0.98,3,False,113.3,56,8,36,False,531.2,55,26,,2307,,2026-02-12T13:30:08.597113Z,49,301,46,p199796,0,0,None,0,,199796.jpg,3.9,76,28,72,0,172,False,0,0.0,[],Cash,10.6,32,12,False,None,26,1.01,a,48,2,7,2020-09-03,188.0,141,27,101,2803389,5235,1846182,62149,0.2,20.6,Cash,6
4,1993-07-20,4,289,True,True,100,100,6,0.39,53,101188,None,,0,0,0,0,308.9,87,20,79,5.16,2,,1,2,0.7,1.7,2,2.30,0.15,2.84,0.19,0.54,20.64,1.35,0.04,Lucas,1.2,246,90,14,0.91,0,False,69.5,162,54,37,False,279.6,199,79,,1378,,2025-10-23T13:30:07.954318Z,45,408,72,p101188,0,0,None,0,,101188.jpg,3.1,170,65,53,0,73,False,0,0.0,[],Digne,1.5,156,62,False,None,16,1.04,a,26,2,7,2022-01-13,108.0,228,58,74,308850,848,352927,2850,0.3,16.4,Digne,3
1,1997-10-23,3,436,True,True,100,100,8,0.3,142,199798,None,,0,0,-1,1,86.9,278,89,162,6.06,None,,0,2,3.1,4.1,1,0.53,0.02,1.54,0.06,1.01,37.16,1.39,0.04,Ezri,3.6,86,27,29,1.09,0,False,67.8,169,56,38,False,482.6,72,32,,2405,,2025-11-18T09:30:07.536725Z,44,526,106,p199798,0,0,None,0,,199798.jpg,3.3,142,50,86,1,241,False,0,0.0,[],Konsa Ngoyo,8.2,44,16,False,None,27,1.01,a,20,2,7,2019-07-11,104.0,234,61,88,714951,5682,1980171,16187,0.8,20.0,Konsa,0
0,2002-03-10,0,198,True,True,None,None,2,0.16,58,441302,None,,0,0,-3,3,286.3,96,23,92,7.18,None,,0,2,2.3,3.3,1,1.82,0.14,2.87,0.22,1.05,18.26,1.43,0.08,Ian,2.8,129,44,16,1.25,0,False,71.3,153,51,39,False,241.2,227,88,,1153,,None,42,635,147,p441302,0,0,None,0,,441302.jpg,1.8,361,136,70,0,152,False,0,0.0,[],Maatsen,0.6,227,87,False,None,12,0.94,a,34,2,7,2024-06-28,184.0,146,29,39,80765,691,104251,1828,0.7,9.3,Maatsen,2
1,1993-03-13,4,148,True,True,100,100,3,0.35,62,149484,None,,0,0,-2,2,67.8,306,102,65,7.48,None,,1,2,2.7,3.7,0,0.34,0.04,0.99,0.11,0.65,12.82,1.48,0.07,Tyrone,3.2,99,32,8,0.92,0,False,30.7,328,111,40,False,183.8,270,109,,782,,2025-11-02T00:00:09.519584Z,43,578,126,p149484,0,0,None,0,,149484.jpg,3.7,95,33,22,0,241,False,0,0.0,[],Mings,0.7,219,83,False,None,9,1.04,a,3,2,7,2019-07-08,55.0,313,97,41,151340,783,197468,1888,0.7,9.5,Mings,0
1,1997-01-16,2,225,True,True,100,100,4,0.28,76,244954,None,,0,0,-2,2,37.8,360,127,94,6.53,None,,0,2,0.1,1.1,1,0.34,0.02,0.97,0.06,0.63,17.98,1.25,0.04,Pau,0.6,308,106,15,1.04,0,False,34.7,310,105,41,False,251.8,215,84,,1296,,2025-12-12T00:00:09.857457Z,43,586,131,p244954,1,0,None,0,,244954.jpg,3.1,168,64,66,0,200,False,0,0.0,[],Torres,0.3,312,115,False,None,14,0.97,a,18,2,7,2023-07-12,55.0,314,98,50,70542,199,95737,434,0.1,11.6,Pau,0
0,2003-02-07,0,0,True,True,100,100,0,0.0,0,606798,None,,0,0,-1,1,1.6,457,167,0,0.0,None,,0,2,-0.3,0.7,0,0.01,0.03,0.01,0.03,0.00,1.52,4.15,0.0,Andrés,0.2,354,124,2,5.45,0,False,0.2,501,177,42,False,0.8,499,177,,33,,2026-01-29T12:00:08.835746Z,39,782,231,p606798,0,0,None,0,,606798.jpg,0.7,511,176,2,0,200,False,0,0.0,[],García,0.2,372,137,False,None,0,0.0,a,0,2,7,2025-01-21,0.0,520,203,2,28204,165,40631,141,0.1,0.5,A.García,0
0,1993-06-08,0,0,False,True,0,0,0,0,0,106468,None,,0,0,0,0,0.0,556,210,0,0,None,,0,2,0.0,0.0,0,0.00,0,0.00,0,0.00,0.00,0,0,Álex,0.0,451,173,0,0,0,False,0.0,568,210,43,False,0.0,566,210,,0,Has joined Girona permanently.,2025-08-26T13:45:03.013808Z,40,662,161,p106468,0,0,None,0,,106468.jpg,0.0,576,210,0,0,200,False,0,0,[],Moreno Lopera,1.6,154,61,False,None,0,0,u,0,2,7,2023-01-11,0.0,526,205,0,44476,0,886747,441,0.0,0.0,Alex Moreno,0
0,2004-01-05,4,110,True,True,100,100,2,0.27,23,515597,None,,0,0,0,0,45.7,348,120,39,5.3,None,,0,2,1.5,2.5,0,0.16,0.02,0.16,0.02,0.00,9.46,1.29,0.0,Lamare,2.0,176,59,8,1.09,0,False,14.7,388,139,44,False,91.8,366,139,,662,,2025-11-20T10:30:09.224047Z,40,703,183,p515597,0,0,None,0,,515597.jpg,1.5,401,147,23,0,152,False,0,0.0,[],Bogarde,0.6,249,94,False,None,7,0.95,a,16,2,7,2021-01-07,10.0,402,146,33,106083,589,89329,819,0.5,8.2,Bogarde,5
0,None,0,0,False,True,0,0,0,0,0,514315,None,,0,0,-2,2,0.0,503,189,0,0,None,,0,2,0.0,0.0,0,0.00,0,0.00,0,0.00,0.00,0,0,Lino,0.0,399,150,0,0,0,False,0.0,520,191,45,False,0.0,518,191,,0,has joined Rotherham on loan for the rest of the season.,2026-02-06T22:51:55.055374Z,38,800,248,p514315,0,0,None,0,,514315.jpg,0.0,528,191,0,0,None,False,0,0,[],da Cruz Sousa,0.3,334,121,False,None,0,0,u,0,2,7,None,0.0,471,182,0,22076,0,37095,366,0.0,0.0,Sousa,0
0,2006-04-20,0,0,False,True,0,0,0,0,0,587178,None,,0,0,0,0,0.0,603,235,0,0,None,,0,2,0.0,0.0,0,0.00,0,0.00,0,0.00,0.00,0,0,Yasin,0.0,502,203,0,0,0,False,0.0,613,235,46,False,0.0,611,235,,0,has joined Anderlecht on loan for the rest of the season.,2025-09-22T21:15:59.805053Z,40,719,196,p587178,0,0,None,0,,587178.jpg,0.0,621,235,0,0,219,False,0,0,[],Özcan,0.1,461,169,False,None,0,0,u,0,2,7,2025-06-01,0.0,575,232,0,4656,0,20933,25,0.0,0.0,Yasin,0
5,2002-07-26,13,455,True,True,100,100,8,0.29,40,244850,None,,-1,1,6,-6,525.2,23,22,171,6.16,1,,3,3,3.1,4.1,2,3.13,0.11,8.27,0.3,5.14,37.99,1.37,0.19,Morgan,3.6,90,40,30,1.08,8,False,179.8,9,7,47,False,588.6,35,10,,2497,,2025-08-10T22:00:04.458365Z,76,19,14,p244850,0,0,None,0,,244850.jpg,4.6,31,15,101,0,241,False,0,0.0,[],Rogers,29.6,13,4,False,None,28,1.01,a,30,2,7,2024-02-01,685.0,9,4,129,5903040,16421,3261733,264732,0.5,17.0,Rogers,5
4,1997-05-07,3,289,True,True,0,0,4,0.28,33,166989,3,,0,0,-1,1,401.3,48,42,138,9.59,None,,0,3,0.0,0.0,0,2.53,0.18,3.50,0.25,0.97,23.03,1.6,0.07,Youri,0.0,793,351,17,1.18,0,False,86.6,111,64,48,False,317.2,175,68,,1295,Ankle injury - Expected back 11 Apr,2026-01-26T04:00:07.415161Z,59,92,58,p166989,0,0,None,0,,166989.jpg,3.1,181,78,67,0,21,False,0,0.0,[],Tielemans,0.6,229,79,False,None,15,1.04,i,38,2,7,2023-06-14,147.0,186,104,52,158203,15,346985,817,0.0,8.8,Tielemans,0
0,1997-08-09,0,20,True,True,100,100,0,0.0,1,215711,2,,0,0,0,0,99.3,257,158,24,9.82,None,,0,3,0.5,1.5,0,0.61,0.25,0.88,0.36,0.27,2.18,0.89,0.11,Leon,1.0,277,124,3,1.23,0,False,16.9,381,178,49,False,28.4,433,192,,220,,2025-08-20T13:31:56.843157Z,55,141,87,p215711,0,0,None,0,,215711.jpg,1.0,501,235,19,0,107,False,0,0.0,[],Bailey,0.1,481,168,False,None,1,0.41,a,4,2,7,2021-08-04,41.0,336,175,6,6451,163,49907,323,0.2,1.1,Bailey,1
2,1996-12-25,8,263,True,True,100,100,3,0.21,23,195546,None,,0,0,-2,2,289.0,93,69,140,9.74,6,,3,3,0.7,1.7,1,1.49,0.1,4.20,0.29,2.71,19.22,1.34,0.19,Emiliano,1.2,252,113,13,0.9,5,False,90.5,99,58,50,False,324.8,167,64,,1293,,2025-10-31T00:00:08.522687Z,53,188,116,p195546,0,0,2,0,,195546.jpg,3.0,192,81,84,0,10,False,0,0.0,[],Buendía Stati,0.5,257,89,False,None,16,1.11,a,33,2,7,2021-06-10,304.0,74,43,77,222039,380,183147,4896,0.2,14.5,Buendía,5
0,2003-10-04,0,0,False,True,0,0,0,0,0,469247,None,,0,0,0,0,0.0,805,358,0,0,None,,0,3,0.0,0.0,0,0.00,0,0.00,0,0.00,0.00,0,0,Samuel,0.0,789,349,0,0,0,False,0.0,806,358,51,False,0.0,806,358,,0,has joined Pisa on loan for the rest of the season.,2025-09-22T21:15:59.838578Z,55,149,93,p469247,0,0,None,0,,469247.jpg,0.0,807,359,0,0,241,False,0,0,[],Iling-Junior,0.0,684,279,False,None,0,0,u,0,2,7,2024-07-01,0.0,803,357,0,1383,0,3783,2,0.0,0.0,Iling Jr,0
2,1999-01-19,3,161,False,True,0,0,1,0.14,2,204646,None,,0,0,-4,4,99.7,256,157,16,2.25,None,,1,3,0.0,0.0,0,0.35,0.05,4.38,0.62,4.03,10.59,1.49,0.57,Donyell,0.0,758,327,10,1.41,4,False,56.3,217,107,53,False,183.4,271,115,,640,has joined Roma on loan for the rest of the season.,2026-01-16T15:17:04.828016Z,51,228,140,p204646,0,0,None,0,,204646.jpg,2.6,255,108,10,0,152,False,0,0.0,[],Malen,0.4,275,96,False,None,5,0.7,u,4,2,7,2025-01-14,290.0,80,49,55,172896,0,338314,344,0.0,10.8,Malen,0
2,1994-10-18,4,289,True,True,0,0,7,0.4,29,122806,None,,0,0,-1,1,385.2,54,46,126,7.13,None,,1,3,0.0,0.0,0,1.96,0.11,4.48,0.25,2.52,26.58,1.5,0.14,John,0.0,774,337,21,1.19,3,False,88.8,104,61,54,False,308.2,181,72,,1591,Knee injury - Expected back 21 Mar,2026-01-19T03:00:08.140927Z,54,158,97,p122806,0,0,None,0,,122806.jpg,3.2,160,70,70,0,243,False,0,0.0,[],McGinn,0.5,259,90,False,None,21,1.19,i,27,2,7,2018-08-08,193.0,133,77,71,208235,16,242412,1035,0.0,13.1,McGinn,3
1,1993-12-05,0,79,True,True,100,100,0,0.0,8,88894,None,,0,0,-2,2,71.1,303,171,26,10.83,None,,0,3,0.3,1.3,1,0.36,0.15,0.93,0.39,0.57,3.73,1.55,0.24,Ross,0.8,289,131,2,0.83,1,False,21.0,363,173,55,False,76.2,382,168,,216,,2025-11-30T22:30:09.043798Z,48,352,219,p88894,0,0,None,0,,88894.jpg,1.7,382,165,14,0,241,False,0,0.0,[],Barkley,0.0,612,236,False,None,0,0.0,a,4,2,7,2024-07-01,63.0,298,161,19,5422,81,12151,56,0.2,4.0,Barkley,0
0,None,0,0,False,True,0,0,0,0,0,491287,None,,0,0,0,0,0.0,786,345,0,0,None,,0,3,0.0,0.0,0,0.00,0,0.00,0,0.00,0.00,0,0,Enzo,0.0,748,320,0,0,0,False,0.0,788,345,56,False,0.0,788,345,,0,Season-long loan to Benfica,2025-07-22T13:50:13.193555Z,50,269,164,p491287,0,0,None,0,,491287.jpg,0.0,789,346,0,0,None,False,0,0,[],Barrenechea,0.0,819,367,False,None,0,0,u,0,2,7,None,0.0,782,343,0,0,0,35,0,0.0,0.0,Barrenechea,0
0,2003-01-03,0,0,False,True,0,0,0,0,0,461421,None,,0,0,0,0,0.0,781,342,0,0,None,,0,3,0.0,0.0,0,0.00,0,0.00,0,0.00,0.00,0,0,Lewis,0.0,744,317,0,0,0,False,0.0,784,342,57,False,0.0,784,342,,0,Has joined Preston North End on loan for the rest of the season.,2025-08-26T13:44:19.058961Z,50,261,160,p461421,0,0,None,0,,461421.jpg,0.0,785,343,0,0,241,False,0,0,[],Dobbin,0.0,663,268,False,None,0,0,u,0,2,7,2024-06-23,0.0,778,340,0,889,0,5431,2,0.0,0.0,Dobbin,0
3,1999-11-23,7,282,True,True,0,0,5,0.32,46,226944,None,,0,0,-1,1,241.3,129,89,149,9.51,None,,0,3,0.0,0.0,0,0.84,0.05,1.36,0.08,0.53,20.80,1.33,0.03,Boubacar,0.0,721,301,15,0.96,1,False,64.2,190,98,58,False,325.0,166,63,,1410,Knee injury - Expected back 01 Jun,2026-01-11T18:30:10.173859Z,49,316,196,p226944,0,0,None,0,,226944.jpg,3.4,128,58,65,0,73,False,0,0.0,[],Kamara,0.2,383,127,False,None,17,1.09,i,38,2,7,2022-06-11,75.0,278,151,61,111358,12,118093,389,0.0,12.4,Kamara,5
0,2001-08-16,3,276,True,True,100,100,5,0.35,81,449871,None,,0,0,-2,2,84.7,282,165,168,11.74,None,,0,3,1.7,2.7,2,0.28,0.02,1.34,0.09,1.06,19.88,1.39,0.07,Amadou,2.2,169,76,15,1.05,2,False,52.8,230,114,59,False,320.8,172,66,,1288,,2025-12-31T00:00:09.203825Z,48,367,229,p449871,0,0,None,0,,449871.jpg,3.3,144,65,53,0,21,False,0,0.0,[],Onana,0.7,216,74,False,None,16,1.12,a,34,2,7,2024-07-22,123.0,220,122,62,157996,941,272331,1568,0.5,12.9,Onana,2
0,2007-01-29,0,0,False,True,0,0,0,0,0,577731,None,,0,0,-1,1,0.0,672,264,0,0,None,,0,3,0.0,0.0,0,0.00,0,0.00,0,0.00,0.00,0,0,Ben,0.0,597,211,0,0,0,False,0.0,679,262,60,False,0.0,677,260,,0,has joined Falkirk on loan for the rest of the season.,2026-02-06T22:47:15.874946Z,44,564,337,p577731,0,0,None,0,,577731.jpg,0.0,684,267,0,0,241,False,0,0,[],Broggio,0.3,339,116,False,None,0,0,u,0,2,7,2024-09-23,0.0,652,255,0,38290,0,50825,248,0.0,0.0,Broggio,0
0,1995-04-15,0,0,False,True,0,0,0,0,0,151589,None,,0,0,0,0,0.0,679,267,0,0,None,,0,3,0.0,0.0,0,0.00,0,0.00,0,0.00,0.00,0,0,Leander,0.0,607,216,0,0,0,False,0.0,687,266,61,False,0.0,685,264,,0,Has joined Real Oviedo permanently.,2025-08-20T13:31:56.822248Z,45,410,250,p151589,0,0,None,0,,151589.jpg,0.0,691,270,0,0,21,False,0,0,[],Dendoncker,0.1,532,194,False,None,0,0,u,0,2,7,2022-09-01,0.0,660,259,0,2169,0,33653,22,0.0,0.0,Dendoncker,0
0,2006-10-02,0,3,False,True,0,0,0,0.0,0,559962,None,,0,0,0,0,0.3,480,234,1,11.25,None,,0,3,0.0,0.0,0,0.00,0.0,0.00,0.0,0.00,0.61,6.86,0.0,Jamaldeen,0.0,650,250,0,0.0,0,False,0.1,507,233,62,False,0.2,505,231,,8,has joined West Brom on loan for the rest of the season.,2026-02-06T22:47:15.891521Z,45,472,287,p559962,0,0,None,0,,559962.jpg,1.0,477,215,1,0,241,False,0,0.0,[],Jimoh-Aloba,0.1,555,202,False,None,0,0.0,u,0,2,7,2024-09-23,0.0,703,292,1,8790,0,10462,86,0.0,0.2,Jimoh-Aloba,0
0,2006-01-19,0,0,False,True,0,0,0,0,0,537403,None,,0,0,-2,2,0.0,640,243,0,0,None,,0,3,0.0,0.0,0,0.00,0,0.00,0,0.00,0.00,0,0,Kadan,0.0,555,186,0,0,0,False,0.0,646,240,63,False,0.0,644,238,,0,has joined Reading on loan for the rest of the season.,2026-02-06T22:47:15.909676Z,43,607,353,p537403,0,0,None,0,,537403.jpg,0.0,654,248,0,0,241,False,0,0,[],Young,0.6,248,86,False,None,0,0,u,0,2,7,2022-12-10,0.0,617,232,0,102090,0,125811,1015,0.0,0.0,Young,0
2,1995-12-30,11,351,True,True,100,100,8,0.35,15,178301,None,,0,0,-4,4,226.3,137,10,71,3.08,None,,2,4,1.1,2.1,2,1.01,0.04,10.81,0.47,9.80,31.67,1.37,0.43,Ollie,1.6,226,29,25,1.08,8,False,134.3,31,8,64,False,382.6,125,11,,2074,,2026-01-29T23:00:09.533353Z,86,10,5,p178301,0,0,3,0,,178301.jpg,3.7,104,9,39,0,241,False,0,0.0,[],Watkins,8.5,42,7,False,None,24,1.04,a,17,2,7,2020-09-09,740.0,4,3,99,2208569,3202,4208429,60709,0.2,11.5,Watkins,1
0,None,0,0,False,True,0,0,0,0,0,576756,None,,0,0,0,0,0.0,724,77,0,0,None,,0,4,0.0,0.0,0,0.00,0,0.00,0,0.00,0.00,0,0,Zépiqueno,0.0,659,68,0,0,0,False,0.0,730,78,65,False,0.0,729,78,,0,has joined Huddersfield Town on loan for the rest of the season.,2025-09-02T13:26:36.441136Z,45,482,69,p576756,0,0,None,0,,576756.jpg,0.0,732,78,0,0,None,False,0,0,[],Redmond,0.3,323,55,False,None,0,0,u,0,2,7,None,0.0,711,77,0,17574,0,84905,51,0.0,0.0,Redmond,0
0,2003-04-04,0,17,True,True,0,0,0,0.0,2,444884,None,,0,0,-4,4,31.7,374,191,6,4.91,None,,0,3,0.0,0.0,0,0.08,0.07,0.37,0.31,0.29,1.74,1.42,0.24,Harvey,0.2,375,169,2,1.64,0,False,7.4,433,194,389,False,11.8,453,203,,110,Knock - Unknown return date,2026-02-20T16:00:09.285169Z,51,235,143,p444884,0,0,None,0,,444884.jpg,1.0,497,231,4,0,241,False,0,0.0,"[{'property': 'loan_ineligible', 'notes': 'This player will not be available to face their parent club in Gameweek 37 as part of their loan conditions.', 'gameweek': 37, 'url': None}]",Elliott,0.2,398,134,False,None,1,0.82,i,0,2,7,2025-09-01,31.0,354,184,5,94085,8,103081,207,0.0,1.0,Elliott,0
1,2000-03-25,0,100,True,True,100,100,1,0.14,11,209243,4,,0,0,-2,2,220.8,141,95,35,4.78,None,,0,3,1.5,2.5,1,1.46,0.2,2.04,0.28,0.58,9.35,1.28,0.08,Jadon,2.0,191,85,4,0.55,0,False,49.0,250,128,456,False,95.2,360,157,,659,,2025-12-13T19:30:11.153931Z,58,106,69,p209243,0,0,None,0,,209243.jpg,1.5,414,184,18,0,241,False,0,0.0,"[{'property': 'loan_ineligible', 'notes': 'This player will not be available to face their parent club in Gameweek 30 as part of their loan conditions.', 'gameweek': 30, 'url': None}]",Sancho,0.2,348,117,False,None,7,0.96,a,6,2,7,2025-09-01,172.0,155,87,25,50131,327,49232,927,0.3,4.3,Sancho,0
0,2004-12-02,0,0,True,True,None,None,0,0,0,481283,None,,0,0,-1,1,0.0,535,36,0,0,None,,0,1,-0.5,0.5,0,0.00,0,0.00,0,0.00,0.00,0,0,James,0.0,432,43,0,0,0,False,0.0,549,52,688,False,0.0,547,52,,0,,None,39,766,83,p481283,0,0,None,0,,481283.jpg,0.0,557,52,0,0,241,False,0,0,[],Wright,0.6,236,32,False,None,0,0,a,0,2,7,2023-03-31,0.0,504,23,0,60942,250,44254,281,0.0,0.0,Wright,0
1,1998-05-09,0,150,True,True,100,100,1,0.13,20,230046,1,,0,0,-1,1,259.1,117,80,84,10.68,None,,0,3,1.5,2.5,1,1.34,0.17,1.70,0.22,0.36,8.53,1.08,0.05,Douglas Luiz,2.0,185,81,10,1.27,0,False,45.3,263,133,699,False,128.4,321,146,Douglas Luiz,708,,2025-11-01T18:30:08.443766Z,49,318,197,p230046,0,0,None,0,,230046.jpg,1.6,390,169,44,0,30,False,0,0.0,[],Soares de Paulo,0.1,485,171,False,None,10,1.27,a,20,2,7,2026-01-28,66.0,291,157,21,25301,197,19204,585,0.4,4.3,Douglas Luiz,2
0,2006-10-02,0,0,False,True,0,0,0,0,0,569577,None,,0,0,0,0,0.0,600,232,0,0,None,,0,2,0.0,0.0,0,0.00,0,0.00,0,0.00,0.00,0,0,Triston,0.0,498,199,0,0,0,False,0.0,610,232,701,False,0.0,608,232,,0,has joined Annecy on loan for the rest of the season.,2025-09-22T21:15:59.825051Z,40,715,192,p569577,0,0,None,0,,569577.jpg,0.0,618,232,0,0,241,False,0,0,[],Rowe,0.1,534,189,False,None,0,0,u,0,2,7,2024-09-23,0.0,572,229,0,8943,0,10708,18,0.0,0.0,Rowe,0
0,2008-03-04,0,3,True,True,None,None,0,0.0,0,645618,None,,0,0,-1,1,0.3,479,233,1,5.62,None,,0,3,-0.5,0.5,0,0.00,0.0,0.00,0.0,0.00,0.90,5.06,0.0,Bradley,0.0,603,214,1,5.62,0,False,0.0,683,264,702,False,0.0,681,262,,16,,None,44,571,341,p645618,0,0,None,0,,645618.jpg,1.0,472,211,1,0,241,False,0,0.0,[],Burrowes,0.1,533,195,False,None,0,0.0,a,0,2,7,2025-01-09,0.0,656,257,1,9842,35,8892,72,0.0,0.2,Burrowes,0
0,2006-12-21,0,0,True,True,None,None,0,0,0,564505,None,,0,0,-1,1,0.0,546,44,0,0,None,,0,1,-0.5,0.5,0,0.00,0,0.00,0,0.00,0.00,0,0,Sam,0.0,442,50,0,0,0,False,0.0,559,59,703,False,0.0,557,59,,0,,None,39,777,91,p564505,0,0,None,0,,564505.jpg,0.0,567,59,0,0,241,False,0,0,[],Proctor,0.6,230,30,False,None,0,0,a,0,2,7,2023-12-16,0.0,515,31,0,90677,1400,41759,714,0.0,0.0,Proctor,0
0,2005-10-06,0,0,True,True,None,None,0,0,0,534836,None,,0,0,-1,1,0.0,543,205,0,0,None,,0,2,-0.5,0.5,0,0.00,0,0.00,0,0.00,0.00,0,0,Travis,0.0,439,168,0,0,0,False,0.0,556,205,710,False,0.0,554,205,,0,,None,39,774,227,p534836,0,0,None,0,,534836.jpg,0.0,564,205,0,0,241,False,0,0,[],Patterson,0.2,379,141,False,None,0,0,a,0,2,7,2025-08-30,0.0,512,199,0,33153,50,22699,161,0.0,0.0,Patterson,0
1,1994-07-17,0,94,True,True,100,100,1,0.16,32,184667,None,,0,0,0,0,27.5,379,135,36,5.66,None,,0,2,-0.3,0.7,0,0.07,0.01,0.10,0.01,0.03,10.75,1.69,0.0,Victor,0.2,367,133,9,1.42,0,False,16.0,383,136,719,False,123.8,325,125,,572,,2025-09-18T04:00:08.433120Z,45,415,76,p184667,0,0,None,0,,184667.jpg,1.8,365,138,13,0,206,False,0,0.0,[],Lindelöf,0.1,475,172,False,None,6,0.94,a,4,2,7,2025-09-01,8.0,413,155,22,20537,105,13764,376,0.0,4.9,Lindelöf,0
0,2007-03-04,0,5,True,True,None,None,0,0.0,0,577285,None,,0,0,0,0,1.7,456,219,1,3.6,None,,0,3,-0.5,0.5,0,0.01,0.04,0.05,0.18,0.04,0.61,2.2,0.14,George,0.0,660,257,0,0.0,0,False,0.3,497,229,754,False,0.0,730,301,,25,,None,45,483,294,p577285,0,0,None,0,,577285.jpg,1.0,481,218,1,0,241,False,0,0.0,[],Hemmings,0.0,751,319,False,None,0,0.0,a,0,2,7,2025-08-05,2.0,449,220,2,1071,22,654,28,0.0,0.4,George Hemmings,0
0,2004-09-09,0,0,True,True,None,None,0,0,0,516875,None,,0,0,0,0,0.0,591,69,0,0,None,,0,1,-0.5,0.5,0,0.00,0,0.00,0,0.00,0.00,0,0,Ronnie,0.0,488,73,0,0,0,False,0.0,601,81,757,False,0.0,599,81,,0,,None,40,705,62,p516875,0,0,None,0,,516875.jpg,0.0,609,81,0,0,244,False,0,0,[],Hollingshead,0.0,713,82,False,None,0,0,a,0,2,7,2025-12-02,0.0,562,56,0,1251,25,820,17,0.0,0.0,Hollingshead,0
0,2007-11-30,0,0,True,True,None,None,0,0,0,664015,None,,0,0,0,0,0.0,616,247,0,0,None,,0,2,-0.5,0.5,0,0.00,0,0.00,0,0.00,0.00,0,0,Leon,0.0,515,215,0,0,0,False,0.0,626,247,768,False,0.0,624,247,,0,,None,40,737,213,p664015,0,0,None,0,,664015.jpg,0.0,634,247,0,0,241,False,0,0,[],Routh,0.0,712,247,False,None,0,0,a,0,2,7,2025-12-20,0.0,589,245,0,643,15,538,28,0.0,0.0,Leon Routh,0
0,2007-03-22,0,0,True,True,None,None,0,0,0,618027,None,,0,0,0,0,0.0,612,243,0,0,None,,0,2,-0.5,0.5,0,0.00,0,0.00,0,0.00,0.00,0,0,TJ,0.0,511,211,0,0,0,False,0.0,622,243,781,False,0.0,620,243,,0,,None,40,731,207,p618027,0,0,None,0,,618027.jpg,0.0,630,243,0,0,241,False,0,0,[],Carroll,0.0,728,253,False,None,0,0,a,0,2,7,2026-01-02,0.0,584,240,0,659,30,391,43,0.0,0.0,Carroll,0
0,2006-05-05,0,9,True,True,100,100,0,0.0,1,653481,None,,0,0,0,0,1.5,460,222,2,9.0,None,,0,3,-0.1,0.9,1,0.04,0.18,0.04,0.18,0.00,0.53,2.38,0.0,Alysson Edward Franco,0.4,343,159,1,4.5,0,False,1.1,480,221,792,False,3.2,481,221,Alysson Edward,20,,2026-02-19T01:00:09.711687Z,50,284,177,p653481,0,0,None,0,,653481.jpg,1.0,494,228,1,0,30,False,0,0.0,[],da Rocha dos Santos,0.0,805,358,False,None,0,0.0,a,0,2,7,2026-01-01,6.0,426,207,2,219,25,152,7,0.1,0.4,Alysson,0
0,1997-10-02,2,45,True,True,None,None,0,0.0,1,173879,None,,0,0,0,0,36.0,363,46,5,3.12,None,,0,4,1.9,2.9,1,0.10,0.06,1.09,0.68,0.99,1.60,1.0,0.62,Tammy,2.4,157,21,2,1.25,1,False,16.5,382,46,808,False,45.6,411,46,,144,,None,60,87,27,p173879,0,0,None,0,,173879.jpg,2.4,291,30,3,0,241,False,0,0.0,[],Abraham,0.4,288,46,False,None,1,0.62,a,1,2,7,2026-01-27,83.0,263,46,12,79092,1181,34518,7153,0.4,2.0,Abraham,0
0,2004-06-15,0,0,True,True,None,None,0,0,0,518030,None,,0,0,-2,2,0.0,638,82,0,0,None,,0,1,-0.5,-0.5,0,0.00,0,0.00,0,0.00,0.00,0,0,Max,0.0,553,85,0,0,0,False,0.0,644,90,183,False,0.0,642,90,,0,,None,43,604,30,p518030,0,0,None,0,,518030.jpg,0.0,652,90,0,0,80,False,0,0,[],Weiß,0.1,446,66,False,None,0,0,a,0,3,90,2025-06-25,0.0,615,71,0,7515,89,17041,85,0.0,0.0,Weiss,0
0,2000-07-19,0,0,False,True,0,0,0,0,0,489571,None,,0,0,0,0,0.0,580,64,0,0,None,,0,1,0.0,0.0,0,0.00,0,0.00,0,0.00,0.00,0,0,Etienne,0.0,475,68,0,0,0,False,0.0,590,76,184,False,0.0,588,76,,0,has joined FC Fredericia permanently.,2025-09-02T12:51:25.510909Z,40,690,57,p489571,0,0,None,0,,489571.jpg,0.0,598,76,0,0,241,False,0,0,[],Green,0.2,402,58,False,None,0,0,u,0,3,90,2024-08-07,0.0,551,51,0,4943,0,33853,60,0.0,0.0,Green,0
0,1990-11-14,0,0,True,True,None,None,0,0,0,51943,None,,0,0,-1,1,0.0,516,20,0,0,None,,0,1,-0.5,-0.5,0,0.00,0,0.00,0,0.00,0.00,0,0,Václav,0.0,412,28,0,0,0,False,0.0,531,37,185,False,0.0,529,37,,0,,None,39,739,67,p51943,0,0,None,0,,51943.jpg,0.0,539,37,0,0,57,False,0,0,[],Hladký,0.2,401,57,False,None,0,0,a,0,3,90,2024-07-19,0.0,485,7,0,14889,63,20091,108,0.0,0.0,Hladký,0
0,1995-09-23,0,0,True,True,0,0,0,0,0,192290,None,,0,0,-1,1,0.0,653,253,0,0,None,,0,2,0.0,0.0,0,0.00,0,0.00,0,0.00,0.00,0,0,Connor,0.0,572,233,0,0,0,False,0.0,659,253,186,False,0.0,657,253,,0,Achilles injury - Unknown return date,2025-08-22T12:30:06.986449Z,44,525,105,p192290,0,0,None,0,,192290.jpg,0.0,667,253,0,0,244,False,0,0,[],Roberts,0.0,651,229,False,None,0,0,i,0,3,90,2021-08-31,0.0,631,252,0,1577,11,9152,8,0.0,0.0,Roberts,0
2,1990-05-28,3,153,True,True,100,100,3,0.12,115,58621,None,,0,0,-1,1,159.2,190,47,151,5.96,None,,1,2,0.1,0.1,0,0.97,0.04,1.09,0.04,0.12,50.46,1.99,0.0,Kyle,0.6,309,107,49,1.93,0,False,55.5,222,75,187,False,371.2,130,57,,2281,,2025-12-06T20:00:09.097987Z,44,518,99,p58621,0,0,None,0,,58621.jpg,2.0,329,124,116,0,241,False,0,0.0,[],Walker,1.1,183,69,False,None,26,1.03,a,36,3,90,2025-07-05,22.0,372,129,52,147837,521,259293,1196,0.1,11.8,Walker,8
0,1999-02-28,0,0,False,True,0,0,0,0,0,247245,None,,0,0,-2,2,0.0,498,184,0,0,None,,0,2,0.0,0.0,0,0.00,0,0.00,0,0.00,0.00,0,0,Hannes,0.0,393,144,0,0,0,False,0.0,515,186,188,False,0.0,513,186,,0,has joined Lugano permanently.,2026-01-07T10:23:30.095250Z,38,792,240,p247245,0,0,None,0,,247245.jpg,0.0,523,186,0,0,92,False,0,0,[],Delcroix,0.2,364,134,False,None,0,0,u,0,3,90,2023-08-22,0.0,466,177,0,26052,0,41100,213,0.0,0.0,Delcroix,0
0,2003-03-19,0,0,False,True,0,0,0,0,0,461567,None,,0,0,0,0,0.0,573,218,0,0,None,,0,2,0.0,0.0,0,0.00,0,0.00,0,0.00,0.00,0,0,Owen,0.0,468,182,0,0,0,False,0.0,583,218,189,False,0.0,581,218,,0,Has joined Stockport County on loan for the rest of the season.,2025-08-11T01:08:30.737822Z,40,682,172,p461567,0,0,None,0,,461567.jpg,0.0,591,218,0,0,241,False,0,0,[],Dodgson,0.0,724,252,False,None,0,0,u,0,3,90,2021-08-20,0.0,544,214,0,0,0,2375,2,0.0,0.0,Dodgson,0
0,1998-10-21,2,121,True,True,None,None,2,0.15,113,478969,None,,0,0,-1,1,43.1,351,122,132,10.08,None,,0,2,-0.5,-0.5,0,0.24,0.02,0.45,0.04,0.21,22.73,1.74,0.02,Hjalmar,0.0,431,165,24,1.83,0,False,39.5,289,94,190,False,273.8,203,81,,1179,,None,39,765,224,p478969,0,0,None,0,,478969.jpg,2.9,196,75,31,0,206,False,0,0.0,[],Ekdal,0.8,209,78,False,None,13,0.99,a,19,3,90,2023-01-21,78.0,270,77,44,247132,155,202896,990,0.0,11.3,Ekdal,0
0,2002-05-26,0,195,True,True,100,100,2,0.08,206,477717,None,,0,0,-1,1,88.1,273,85,236,9.88,None,,0,2,1.3,1.3,0,0.58,0.02,1.25,0.05,0.67,49.93,2.09,0.03,Maxime,1.8,193,69,52,2.18,0,False,69.8,160,53,191,False,524.2,57,28,,2149,,2026-01-15T19:30:09.554033Z,39,764,223,p477717,2,0,None,0,,477717.jpg,2.4,281,108,81,0,73,False,0,0.0,[],Estève,7.8,48,18,False,None,25,1.05,a,30,3,90,2024-06-14,84.0,262,73,59,756380,3379,1923492,5971,0.5,15.1,Estève,0
5,2001-11-14,0,170,True,True,None,None,2,0.13,73,494960,None,,0,0,0,0,228.9,136,34,104,7.0,None,,0,2,-0.5,-0.5,0,1.51,0.1,1.70,0.11,0.19,30.28,2.04,0.01,Quilindschy,0.0,480,188,28,1.88,0,False,59.2,205,69,192,False,305.4,183,75,,1337,,None,40,695,179,p494960,0,0,None,0,,494960.jpg,3.1,165,62,49,0,152,False,0,0.0,[],Hartman,0.6,228,88,False,None,15,1.01,a,31,3,90,2025-06-26,57.0,309,93,46,183778,260,176401,936,0.0,11.5,Hartman,1
2,2003-03-15,1,134,True,True,100,100,1,0.09,70,461188,None,,0,0,-1,1,84.4,284,90,91,8.45,None,,0,2,1.5,1.5,1,0.58,0.05,0.80,0.07,0.22,20.49,1.9,0.02,Bashir,2.0,175,58,22,2.04,0,False,36.6,299,98,193,False,237.0,232,90,,969,,2025-12-05T17:00:09.488823Z,39,760,221,p461188,0,0,None,0,,461188.jpg,2.8,209,81,36,0,241,False,0,0.0,[],Humphreys,0.1,429,160,False,None,10,0.93,a,21,3,90,2025-07-01,46.0,324,104,33,18588,442,13546,313,0.5,8.5,Humphreys,4
0,2000-05-19,0,0,True,True,0,0,0,0,0,241231,None,,0,0,-1,1,0.0,529,200,0,0,None,,0,2,0.0,0.0,0,0.00,0,0.00,0,0.00,0.00,0,0,Jordan,0.0,425,162,0,0,0,False,0.0,543,200,194,False,0.0,541,200,,0,Hamstring injury - Unknown return date,2025-08-22T12:30:07.019474Z,39,756,218,p241231,0,0,None,0,,241231.jpg,0.0,551,200,0,0,80,False,0,0,[],Beyer,0.1,561,202,False,None,0,0,i,0,3,90,2023-07-01,0.0,498,194,0,1868,22,15385,26,0.0,0.0,Jordan,0
0,2001-03-24,0,85,True,True,100,100,1,0.09,47,549329,3,,0,0,-2,2,198.4,163,38,71,6.42,None,,0,2,0.1,0.1,0,1.19,0.11,1.50,0.14,0.31,20.69,1.87,0.03,Lucas,0.6,306,104,23,2.08,0,False,42.2,273,89,195,False,169.6,284,112,Lucas Pires,996,,2025-12-06T20:30:09.199109Z,38,809,257,p549329,0,0,None,0,,549329.jpg,1.3,424,153,62,1,30,False,0,0.0,[],Pires Silva,0.3,315,116,False,None,11,0.99,a,24,3,90,2024-07-16,55.0,312,96,17,47047,262,35414,516,0.2,4.5,Lucas Pires,0
0,2001-08-19,0,0,False,True,0,0,0,0,0,450072,None,,0,0,0,0,0.0,572,217,0,0,None,,0,2,0.0,0.0,0,0.00,0,0.00,0,0.00,0.00,0,0,Shurandy,0.0,466,180,0,0,0,False,0.0,582,217,196,False,0.0,580,217,,0,has joined Sparta Rotterdam on loan for the rest of the season.,2025-08-19T13:36:42.853472Z,40,680,170,p450072,0,0,None,0,,450072.jpg,0.0,590,217,0,0,152,False,0,0,[],Sambo,0.0,614,218,False,None,0,0,u,0,3,90,2024-06-28,0.0,543,213,0,202,0,9651,4,0.0,0.0,Sambo,0
0,2000-11-10,0,20,False,True,0,0,0,0.0,5,519895,None,,0,0,-2,2,18.1,396,145,7,3.84,None,,0,2,0.0,0.0,0,0.08,0.04,0.63,0.34,0.55,3.79,2.08,0.3,Oliver,0.0,402,153,4,2.2,1,False,9.2,420,152,197,False,44.8,412,155,,164,has joined Sparta Prague on loan for the rest of the season.,2026-02-02T13:40:27.470555Z,38,803,251,p519895,0,0,None,0,,519895.jpg,1.9,342,127,4,0,169,False,0,0.0,[],Sonne,0.2,370,136,False,None,1,0.55,u,2,3,90,2025-01-01,30.0,356,118,13,34622,0,32199,496,0.0,3.4,Sonne,0
0,1997-11-14,0,81,True,True,0,0,1,0.1,85,180804,None,,0,0,-1,1,9.8,427,153,97,9.38,None,,0,2,0.0,0.0,0,0.11,0.01,0.72,0.07,0.61,24.88,2.41,0.06,Axel,-0.4,818,265,22,2.13,1,False,28.9,336,114,198,False,225.2,239,93,,931,Achilles injury - Expected back 14 Mar,2026-02-10T15:00:10.247449Z,39,750,215,p180804,1,0,None,0,,180804.jpg,2.5,261,98,29,0,50,False,0,0.0,[],Tuanzebe,0.9,196,76,False,None,11,1.06,i,12,3,90,2025-07-01,52.0,319,102,27,137281,19,292216,1106,-0.1,6.9,Tuanzebe,1
0,1997-01-10,0,29,True,True,100,100,0,0.0,57,208912,None,,0,0,-2,2,1.2,462,168,60,12.74,None,,0,2,1.3,1.3,2,0.02,0.0,0.10,0.02,0.08,9.99,2.12,0.02,Joe,1.8,192,68,10,2.12,0,False,12.6,399,145,199,False,108.6,342,129,,424,,2026-01-22T20:00:06.979570Z,38,788,236,p208912,0,0,None,0,,208912.jpg,1.8,357,132,8,0,241,False,0,0.0,[],Worrall,0.2,388,146,False,None,4,0.85,a,3,3,90,2024-08-23,15.0,390,139,16,23661,1237,23102,258,0.5,4.2,Worrall,0
3,1999-12-01,6,372,True,True,100,100,3,0.15,37,444180,2,,0,0,-5,5,368.7,60,47,167,8.18,None,,2,3,4.1,4.1,10,1.82,0.09,5.35,0.26,3.53,40.56,1.99,0.17,Jaidon,4.6,40,18,41,2.01,7,False,121.9,41,30,200,False,445.0,84,28,,1838,,2025-10-07T11:30:07.662899Z,50,260,159,p444180,0,0,None,0,,444180.jpg,3.6,112,51,99,0,241,False,0,0.0,[],Anthony,1.8,144,47,False,None,22,1.08,a,31,3,90,2025-07-01,406.0,42,25,96,1222006,6718,1088282,1422,0.9,19.2,Anthony,4
0,1997-03-28,0,0,False,True,0,0,0,0,0,183751,None,,0,0,-1,1,0.0,796,351,0,0,None,,0,3,0.0,0.0,0,0.00,0,0.00,0,0.00,0.00,0,0,Manuel,0.0,776,339,0,0,0,False,0.0,797,351,201,False,0.0,797,351,,0,has joined Maccabi Haifa permanently.,2025-09-22T21:45:34.872207Z,54,162,99,p183751,0,0,None,0,,183751.jpg,0.0,798,352,0,0,6,False,0,0,[],Benson Hedilazio,0.0,705,294,False,None,0,0,u,0,3,90,2022-08-04,0.0,794,350,0,1070,0,3141,1,0.0,0.0,Benson,0
1,1998-09-19,0,107,True,True,100,100,3,0.28,20,179458,None,,0,0,-2,2,189.7,173,118,61,5.71,2,,0,3,0.5,0.5,1,1.06,0.1,2.41,0.23,1.35,22.64,2.12,0.13,Jacob,1.0,273,123,26,2.43,0,False,43.2,269,135,202,False,114.4,338,153,,961,,2025-09-14T22:00:08.065375Z,53,187,115,p179458,0,0,3,0,,179458.jpg,1.6,395,173,29,0,58,False,0,0.0,[],Bruun Larsen,0.0,624,243,False,None,10,0.94,a,12,3,90,2025-07-11,128.0,210,116,36,5895,31,8501,37,0.2,6.8,Bruun Larsen,0
0,2005-01-13,0,0,True,True,None,None,0,0,0,578614,None,,0,0,-3,3,0.0,754,324,0,0,None,,0,3,-0.5,-0.5,0,0.00,0,0.00,0,0.00,0.00,0,0,Enock,0.0,696,284,0,0,0,False,0.0,759,324,203,False,0.0,759,324,,0,,None,47,394,246,p578614,0,0,None,0,,578614.jpg,0.0,760,325,0,0,21,False,0,0,[],Agyei,0.0,596,225,False,None,0,0,a,0,3,90,2023-01-30,0.0,746,321,0,4103,44,7149,62,0.0,0.0,Boateng,0
0,2000-07-11,0,0,False,True,0,0,0,0,0,250735,None,,0,0,-1,1,0.0,766,331,0,0,None,,0,3,0.0,0.0,0,0.00,0,0.00,0,0.00,0.00,0,0,Darko,0.0,724,304,0,0,0,False,0.0,770,331,204,False,0.0,770,331,,0,has joined Kocaelispor  permanently.,2025-09-02T12:51:25.524903Z,49,322,200,p250735,0,0,None,0,,250735.jpg,0.0,771,332,0,0,None,False,0,0,[],Churlinov,0.0,725,302,False,None,0,0,u,0,3,90,2022-08-19,0.0,761,329,0,160,0,2083,2,0.0,0.0,Churlinov,0
2,1996-04-07,8,321,True,True,0,0,3,0.18,68,172567,None,,0,0,-1,1,218.1,144,97,173,10.29,None,,1,3,0.0,0.0,0,1.36,0.08,2.30,0.14,0.94,32.50,1.93,0.06,Josh,0.0,714,297,29,1.73,2,False,66.0,180,93,205,False,342.0,149,51,,1513,Knee injury - Expected back 30 Sep,2025-12-27T22:00:11.404644Z,49,298,186,p172567,1,0,None,0,,172567.jpg,3.9,75,36,73,0,104,False,0,0.0,[],Cullen,0.8,203,70,False,None,18,1.07,i,32,3,90,2022-07-12,98.0,243,134,70,568404,14,537903,746,0.0,14.3,Cullen,2
3,1998-12-03,2,155,True,True,75,None,1,0.1,6,174592,None,,0,0,-3,3,243.6,126,86,51,5.29,3,,0,3,1.3,1.7,0,1.65,0.17,3.09,0.32,1.44,17.71,1.84,0.15,Marcus,2.2,167,75,15,1.56,1,False,59.5,203,101,206,False,162.8,292,129,,867,Knock - 75% chance of playing,2026-03-02T16:30:08.287486Z,47,380,238,p174592,0,0,None,0,,174592.jpg,2.5,271,114,37,0,241,False,0,0.0,[],Edwards,0.1,435,147,False,None,9,0.93,d,8,3,90,2025-07-01,190.0,139,80,43,25636,119,22298,651,0.5,9.1,Edwards,0
4,2003-01-21,4,204,True,True,100,100,1,0.11,10,465527,4,,0,0,-3,3,205.6,156,108,76,8.52,None,,0,3,4.1,4.1,10,1.22,0.14,1.72,0.2,0.50,19.70,2.21,0.06,Hannibal,4.6,39,17,20,2.24,1,False,46.9,254,131,207,False,182.2,273,116,,803,,2025-12-06T01:00:07.884430Z,47,389,242,p465527,0,0,None,0,,465527.jpg,2.4,285,123,48,0,218,False,0,0.0,[],Mejbri,0.1,421,143,False,None,9,1.01,a,18,3,90,2024-08-28,81.0,266,145,47,20285,3344,24298,201,1.0,10.0,Hannibal,6
0,2004-09-15,0,0,False,True,0,0,0,0,0,487702,None,,0,0,0,0,0.0,785,344,0,0,None,,0,3,0.0,0.0,0,0.00,0,0.00,0,0.00,0.00,0,0,Luca,0.0,747,319,0,0,0,False,0.0,787,344,208,False,0.0,787,344,,0,has joined Paris FC on loan for the rest of the season.,2025-08-22T14:15:37.649817Z,50,268,163,p487702,0,0,None,0,,487702.jpg,0.0,788,345,0,0,106,False,0,0,[],Koleosho,0.0,734,309,False,None,0,0,u,0,3,90,2023-07-25,0.0,781,342,0,68,0,3025,1,0.0,0.0,Koleosho,0
0,1995-05-06,1,209,True,True,None,None,1,0.07,66,167887,None,,0,0,-2,2,161.9,188,125,146,9.51,None,,0,3,0.5,0.5,1,0.42,0.03,1.02,0.07,0.60,31.61,2.06,0.04,Josh,1.0,263,117,34,2.22,1,False,51.6,236,119,209,False,261.0,211,90,,1381,,None,48,353,220,p167887,0,0,None,0,,167887.jpg,1.9,346,151,46,0,241,False,0,0.0,[],Laurent,0.0,613,237,False,None,14,0.91,a,34,3,90,2024-08-30,92.0,251,137,47,5906,34,6303,83,0.2,9.8,Laurent,6
1,2003-09-08,0,125,True,True,None,None,2,0.22,11,469272,None,,0,0,-1,1,108.0,242,150,48,5.33,4,,0,3,0.3,0.3,1,0.66,0.07,1.52,0.17,0.86,14.92,1.66,0.1,Loum,0.8,297,137,13,1.44,1,False,30.9,326,158,210,False,98.6,353,156,,810,,None,49,335,208,p469272,0,0,None,0,,469272.jpg,1.8,370,160,23,0,73,False,0,0.0,[],Tchaouna,0.0,627,244,False,None,9,1.0,a,14,3,90,2025-07-02,101.0,238,132,37,4793,9,5915,27,0.2,7.6,Tchaouna,1
0,2003-01-21,0,0,False,True,0,0,0,0,0,447715,None,,0,0,-1,1,0.0,657,253,0,0,None,,0,3,0.0,0.0,0,0.00,0,0.00,0,0.00,0.00,0,0,Aaron,0.0,580,198,0,0,0,False,0.0,663,250,211,False,0.0,661,248,,0,has joined Leicester City on loan for the rest of the season.,2025-09-02T12:51:25.540742Z,44,541,321,p447715,0,0,None,0,,447715.jpg,0.0,671,258,0,0,241,False,0,0,[],Ramsey,1.4,161,54,False,None,0,0,u,0,3,90,2023-08-22,0.0,635,242,0,62789,0,930177,300,0.0,0.0,A.Ramsey,0
0,2005-02-23,0,0,False,True,0,0,0,0,0,576323,None,,0,0,0,0,0.0,723,301,0,0,None,,0,3,0.0,0.0,0,0.00,0,0.00,0,0.00,0.00,0,0,Oluwaseun,0.0,656,254,0,0,0,False,0.0,729,301,212,False,0.0,728,300,,0,Has joined Cercle Brugge on loan for the rest of the season.,2025-08-15T12:03:26.649417Z,45,479,291,p576323,0,0,None,0,,576323.jpg,0.0,731,303,0,0,14,False,0,0,[],Adewumi,0.0,763,326,False,None,0,0,u,0,3,90,2024-08-29,0.0,709,296,0,0,0,2758,3,0.0,0.0,Adewumi,0
0,2004-10-19,0,2,False,True,0,0,0,0.0,0,551206,None,,0,0,0,0,0.5,473,228,0,0.0,None,,0,3,0.0,0.0,0,0.00,0.0,0.00,0.0,0.00,0.05,0.5,0.0,Jaydon,0.0,645,246,0,0.0,0,False,0.0,719,294,213,False,0.0,718,293,,9,has joined Derby County on loan for the rest of the season.,2026-01-30T16:34:44.759908Z,45,466,283,p551206,0,0,None,0,,551206.jpg,1.0,475,213,0,0,152,False,0,0.0,[],Banel,0.0,616,239,False,None,0,0.0,u,0,3,90,2025-02-03,0.0,698,288,1,7482,0,8985,32,0.0,0.2,Banel,0
0,1999-05-28,0,10,True,True,0,0,0,0.0,0,437748,None,,0,0,-1,1,0.4,475,230,2,9.47,None,,0,3,0.0,0.0,0,0.00,0.0,0.00,0.0,0.00,0.46,2.18,0.0,Mike,0.0,578,197,1,4.74,0,False,0.3,496,228,214,False,0.6,500,229,,19,Ankle injury - Unknown return date,2026-01-06T18:00:09.700973Z,44,538,320,p437748,0,0,None,0,,437748.jpg,1.0,465,204,2,0,21,False,0,0.0,[],Trésor Ndayishimiye,0.1,568,209,False,None,0,0.0,i,0,3,90,2024-07-01,2.0,446,218,4,11874,20,15820,64,0.0,0.9,Trésor,0
0,1998-08-01,6,231,True,True,100,100,2,0.18,28,431639,None,,0,0,-2,2,79.7,294,31,55,4.93,5,,1,4,3.5,3.5,6,0.19,0.02,4.58,0.41,4.39,21.02,1.88,0.39,Zian,4.0,68,10,19,1.7,7,False,69.2,163,22,215,False,289.4,192,16,,1005,,2026-01-22T20:00:07.015630Z,53,194,47,p431639,0,0,1,0,,431639.jpg,3.1,178,18,20,0,152,False,0,0.0,[],Flemming,0.4,292,47,False,None,12,1.07,a,7,3,90,2025-06-01,332.0,66,24,62,161913,5452,145731,1237,0.8,11.7,Flemming,3
0,2000-12-04,0,0,True,True,0,0,0,0,0,492831,None,,0,0,-2,2,0.0,757,83,0,0,None,,0,4,0.0,0.0,0,0.00,0,0.00,0,0.00,0.00,0,0,Zeki,0.0,707,75,0,0,0,False,0.0,762,84,216,False,0.0,762,84,,0,Knee injury - Expected back 25 Apr,2025-08-10T22:00:04.567659Z,48,369,63,p492831,0,0,None,0,,492831.jpg,0.0,763,84,0,0,207,False,0,0,[],Amdouni,0.0,668,85,False,None,0,0,i,0,3,90,2023-07-19,0.0,751,83,0,2076,23,6225,18,0.0,0.0,Amdouni,0
1,2000-09-03,4,173,True,True,100,100,3,0.25,20,435973,None,,0,0,-1,1,123.4,222,23,63,5.33,None,,0,4,0.3,0.3,0,0.28,0.02,2.53,0.21,2.25,21.66,1.83,0.19,Lyle,0.8,294,38,23,1.95,3,False,46.3,260,30,217,False,182.4,272,26,,1064,,2025-12-13T14:30:11.187944Z,49,326,60,p435973,0,0,None,0,,435973.jpg,2.3,296,31,31,0,198,False,0,0.0,[],Foster,0.8,208,32,False,None,12,1.02,a,12,3,90,2023-01-25,163.0,163,38,46,449136,331,440477,1232,0.2,9.4,Foster,4
0,1989-10-30,0,5,True,True,None,None,0,0.0,0,44699,None,,0,0,-3,3,0.3,477,60,2,11.25,None,,0,4,-0.1,-0.1,1,0.00,0.0,0.11,0.62,0.11,0.77,4.33,0.62,Ashley,0.4,330,44,2,11.25,0,False,0.8,483,58,218,False,0.2,504,62,,16,,None,42,623,88,p44699,0,0,2,0,,44699.jpg,1.0,458,56,2,0,241,False,0,0.0,[],Barnes,1.4,160,25,False,None,0,0.0,a,0,3,90,2025-01-02,7.0,417,58,3,221282,1784,330690,3306,0.1,0.7,Barnes,1
0,2000-07-06,0,0,False,True,0,0,0,0,0,220598,None,,0,0,-1,1,0.0,654,67,0,0,None,,0,4,0.0,0.0,0,0.00,0,0.00,0,0.00,0.00,0,0,Michael,0.0,574,58,0,0,0,False,0.0,660,68,219,False,0.0,658,68,,0,has joined Blackpool on loan for the rest of the season.,2025-09-02T12:51:25.555230Z,44,528,76,p220598,0,0,None,0,,220598.jpg,0.0,668,68,0,0,104,False,0,0,[],Obafemi,0.1,463,67,False,None,0,0,u,0,3,90,2023-07-01,0.0,632,67,0,4151,0,40549,27,0.0,0.0,Obafemi,0
0,1989-01-15,7,348,True,True,100,100,3,0.11,52,67089,None,,0,0,0,0,0.0,554,48,0,0.0,None,,2,1,0.5,0.5,0,0.04,0.0,0.04,0.0,0.00,55.96,2.0,0.0,Martin,1.0,259,20,56,2.0,0,False,78.7,132,1,470,False,785.0,5,1,,2520,,2025-08-11T10:30:07.723845Z,40,660,41,p67089,0,0,None,0,,67089.jpg,2.8,210,21,222,0,194,False,103,3.68,[],Dúbravka,32.4,10,2,False,None,28,1.0,a,1,3,90,2025-08-07,0.0,524,35,78,1688180,7181,1413046,16108,0.2,19.5,Dúbravka,1
1,1994-11-01,0,121,True,True,100,100,1,0.17,14,101178,1,,0,0,-4,4,225.4,138,94,33,5.62,1,,0,3,0.9,0.9,2,1.10,0.19,1.23,0.21,0.13,9.87,1.68,0.02,James,1.4,238,105,14,2.39,0,False,32.6,320,155,614,False,95.0,361,158,,528,,2026-02-06T15:00:09.506764Z,56,124,77,p101178,0,0,None,0,,101178.jpg,2.2,310,137,14,0,241,False,0,0.0,[],Ward-Prowse,0.2,389,128,False,None,6,1.02,a,5,3,90,2026-01-28,6.0,427,208,18,18184,200,47318,220,0.3,3.2,Ward-Prowse,0
2,2004-03-26,5,292,True,True,100,100,3,0.15,52,503714,None,,0,0,0,0,143.7,201,131,177,8.8,None,,0,3,1.9,1.9,1,0.26,0.01,2.51,0.12,2.25,40.61,2.02,0.11,Lesley,2.4,154,69,39,1.94,3,False,68.3,166,87,676,False,354.2,141,47,,1811,,2025-09-14T22:00:08.706775Z,50,273,168,p503714,0,0,None,0,,503714.jpg,2.9,200,83,80,1,73,False,0,0.0,[],Ugochukwu,0.1,449,154,False,None,21,1.04,a,45,3,90,2025-08-06,188.0,142,82,79,41500,132,36751,408,0.5,15.8,Ugochukwu,1
1,2001-09-10,2,105,True,True,0,0,1,0.11,11,440323,None,,0,0,-3,3,62.2,319,34,41,4.58,None,,0,4,0.0,0.0,0,0.13,0.01,2.27,0.25,2.14,20.84,2.33,0.24,Armando,0.4,346,45,25,2.8,1,False,35.8,301,35,680,False,96.2,359,38,,805,Knock - Expected back 14 Mar,2026-02-19T16:00:10.012539Z,52,212,49,p440323,0,0,None,0,,440323.jpg,2.0,337,38,24,0,2,False,0,0.0,[],Broja,0.2,397,61,False,None,8,0.89,i,6,3,90,2025-08-08,203.0,123,30,38,47501,31,57881,760,0.1,7.3,Broja,0
2,1999-08-19,0,276,True,True,None,None,2,0.11,83,216055,None,,0,0,0,0,169.6,184,124,240,13.54,None,,0,3,0.3,0.3,1,0.38,0.02,0.93,0.05,0.55,36.47,2.06,0.03,Florentino Ibrain,0.8,299,139,36,2.03,0,False,54.9,223,110,722,False,333.0,155,56,Florentino,1595,,None,50,252,153,p216055,0,0,None,0,,216055.jpg,2.8,222,90,83,0,173,False,0,0.0,[],Morris Luís,0.0,605,232,False,None,19,1.07,a,74,3,90,2025-09-01,44.0,330,172,65,14609,33,12645,107,0.2,13.0,Florentino,4
0,2007-04-07,0,0,True,True,None,None,0,0,0,647960,None,,0,0,0,0,0.0,745,317,0,0,None,,0,3,-0.5,-0.5,0,0.00,0,0.00,0,0.00,0.00,0,0,Oliver,0.0,682,273,0,0,0,False,0.0,751,317,776,False,0.0,751,317,,0,,None,45,509,313,p647960,0,0,None,0,,647960.jpg,0.0,752,318,0,0,241,False,0,0,[],Pimlott,0.0,789,346,False,None,0,0,a,0,3,90,2025-08-25,0.0,732,313,0,540,26,319,11,0.0,0.0,Pimlott,0
0,2007-11-20,0,0,True,True,None,None,0,0,0,704232,None,,0,0,0,0,0.0,750,322,0,0,None,,0,3,-0.5,-0.5,0,0.00,0,0.00,0,0.00,0.00,0,0,George,0.0,688,279,0,0,0,False,0.0,756,322,784,False,0.0,756,322,,0,,None,45,516,319,p704232,0,0,None,0,,704232.jpg,0.0,757,323,0,0,241,False,0,0,[],Brierley,0.0,800,354,False,None,0,0,a,0,3,90,2025-09-22,0.0,738,319,0,403,18,276,16,0.0,0.0,Brierley,0
0,1989-07-19,0,0,False,True,0,0,0,0,0,69752,None,,0,0,0,0,0.0,678,84,0,0,None,,0,1,0.0,0.0,0,0.00,0,0.00,0,0.00,0.00,0,0,Norberto,0.0,606,88,0,0,0,False,0.0,686,92,66,False,0.0,684,92,,0,Has joined Botafogo permanently.,2025-08-11T01:25:12.553868Z,45,406,21,p69752,0,0,None,0,,69752.jpg,0.0,690,92,0,0,30,False,0,0,[],Murara Neto,0.1,566,77,False,None,0,0,u,0,4,91,2022-08-07,0.0,659,74,0,0,0,16510,12,0.0,0.0,Neto,0
0,1999-10-08,5,355,True,True,None,None,7,0.25,53,457569,None,,0,0,0,0,0.0,694,87,0,0.0,None,,0,1,4.5,4.5,3,0.00,0.0,0.00,0.0,0.00,42.79,1.53,0.0,Đorđe,4.5,43,3,46,1.64,0,False,64.1,191,8,67,False,638.0,23,7,,2520,,None,45,435,24,p457569,1,0,None,0,,457569.jpg,3.1,171,18,219,0,190,False,86,3.07,[],Petrović,4.8,74,12,False,None,28,1.0,a,0,4,91,2025-07-16,0.0,677,77,88,926043,13031,736235,4237,1.0,19.6,Petrović,2
0,2000-07-10,0,0,False,True,0,0,0,0,0,444172,None,,0,0,0,0,0.0,571,58,0,0,None,,0,1,0.0,0.0,0,0.00,0,0.00,0,0.00,0.00,0,0,Will,0.0,465,62,0,0,0,False,0.0,581,70,68,False,0.0,579,70,,0,has joined Leyton Orient on loan for the rest of the season.,2026-01-02T17:00:09.176943Z,40,679,51,p444172,0,0,None,0,,444172.jpg,0.0,589,70,0,0,241,False,0,0,[],Dennis,0.7,212,27,False,None,0,0,u,0,4,91,2019-08-01,0.0,542,45,0,47217,0,85744,471,0.0,0.0,Dennis,0
0,2006-12-22,0,0,True,True,None,None,0,0,0,568791,None,,0,0,-1,1,0.0,548,45,0,0,None,,0,1,0.0,0.0,0,0.00,0,0.00,0,0.00,0.00,0,0,Callan,0.0,444,51,0,0,0,False,0.0,561,60,69,False,0.0,559,60,,0,,None,39,779,92,p568791,0,0,None,0,,568791.jpg,0.0,569,60,0,0,243,False,0,0,[],McKenna,0.3,342,47,False,None,0,0,a,0,4,91,2024-02-01,0.0,517,32,0,21523,545,18460,223,0.0,0.0,McKenna,0
0,2002-07-04,0,0,False,True,0,0,0,0,0,495145,None,,0,0,0,0,0.0,584,65,0,0,None,,0,1,0.0,0.0,0,0.00,0,0.00,0,0.00,0.00,0,0,Alex,0.0,481,69,0,0,0,False,0.0,594,77,70,False,0.0,592,77,,0,Has joined Lechia Gdansk on loan for the rest of the season.,2025-08-27T12:50:21.648936Z,40,696,58,p495145,0,0,None,0,,495145.jpg,0.0,602,77,0,0,154,False,0,0,[],Paulsen,0.1,571,78,False,None,0,0,u,0,4,91,2024-07-01,0.0,555,52,0,1107,0,10401,17,0.0,0.0,Paulsen,0
0,2002-09-01,0,0,False,True,0,0,0,0,0,477580,None,,0,0,0,0,0.0,784,263,0,0,None,,0,2,0.0,0.0,0,0.00,0,0.00,0,0.00,0.00,0,0,Illia,0.0,746,255,0,0,0,False,0.0,786,263,71,False,0.0,786,263,,0,Has joined Paris Saint-Germain permanently.,2025-08-12T13:14:36.028170Z,50,265,41,p477580,0,0,None,0,,477580.jpg,0.0,787,263,0,0,225,False,0,0,[],Zabarnyi,0.0,667,234,False,None,0,0,u,0,4,91,2023-01-31,0.0,780,263,0,0,0,8203,2,0.0,0.0,Zabarnyi,0
4,1997-05-10,6,376,True,True,100,100,7,0.26,277,221466,None,,0,0,4,-4,295.3,91,22,324,12.21,None,,1,2,3.2,3.2,4,3.99,0.15,5.24,0.2,1.25,40.84,1.54,0.05,Marcos,3.2,107,37,45,1.7,0,False,131.1,33,2,72,False,848.2,3,1,,2388,,2025-12-06T22:00:07.547408Z,49,314,50,p221466,0,0,None,0,,221466.jpg,4.3,38,16,111,0,10,False,0,0.0,[],Senesi Barón,16.3,20,7,False,None,27,1.02,a,47,4,91,2022-08-08,165.0,159,34,115,4784313,39441,3031469,14706,0.7,23.5,Senesi,8
1,1991-04-29,0,86,True,True,100,100,3,0.37,34,54469,None,,0,0,-1,1,32.3,372,131,41,5.08,None,,0,2,0.8,0.8,0,0.11,0.01,0.11,0.01,0.00,12.46,1.54,0.0,Adam,0.8,285,101,15,1.86,0,False,13.3,394,142,73,False,82.8,373,142,,727,,2025-08-31T01:00:07.918421Z,44,517,98,p54469,0,0,None,0,,54469.jpg,1.9,343,128,18,0,241,False,0,0.0,[],Smith,0.2,385,144,False,None,10,1.24,a,7,4,91,2014-01-28,18.0,384,135,30,25848,147,41150,200,0.2,6.8,Smith,2
2,2001-11-20,7,364,True,True,None,None,7,0.25,153,494521,None,,0,0,0,0,353.1,70,15,230,8.35,None,,0,2,4.8,4.8,4,1.74,0.06,2.13,0.07,0.39,40.49,1.47,0.01,Adrien,4.8,31,8,43,1.56,0,False,101.4,79,17,74,False,569.0,43,17,,2478,,None,45,450,91,p494521,0,0,None,0,,494521.jpg,3.5,119,42,141,0,73,False,0,0.0,[],Truffert,2.2,131,50,False,None,28,1.02,a,77,4,91,2025-06-16,92.0,250,70,99,584624,13677,411730,2654,1.1,22.0,Truffert,3
0,2006-10-17,0,0,True,True,75,75,0,0,0,541462,None,,0,0,-2,2,0.0,506,192,0,0,None,,0,2,0.0,0.0,0,0.00,0,0.00,0,0.00,0.00,0,0,Matai,0.0,403,154,0,0,0,False,0.0,523,194,75,False,0.0,521,194,,0,Lack of match fitness - 75% chance of playing,2026-02-13T11:30:08.409580Z,38,804,252,p541462,0,0,None,0,,541462.jpg,0.0,531,194,0,0,229,False,0,0,[],Akinmboni,0.2,384,143,False,None,0,0,d,0,4,91,2025-01-03,0.0,474,185,0,14364,63,32340,89,0.0,0.0,Akinmboni,0
0,2003-10-26,0,0,True,True,None,None,0,0,0,518906,None,,0,0,-2,2,0.0,505,191,0,0,None,,0,2,0.0,0.0,0,0.00,0,0.00,0,0.00,0.00,0,0,Owen,0.0,401,152,0,0,0,False,0.0,522,193,76,False,0.0,520,193,,0,,None,38,802,250,p518906,0,0,None,0,,518906.jpg,0.0,530,193,0,0,244,False,0,0,[],Bevan,0.2,386,145,False,None,0,0,a,0,4,91,2022-08-22,0.0,473,184,0,15128,228,19102,209,0.0,0.0,Bevan,0
3,2002-01-10,2,219,True,True,None,None,4,0.3,123,463981,None,,0,0,1,-1,80.4,291,93,146,10.93,None,,0,2,6.0,6.0,2,0.83,0.06,1.05,0.08,0.23,19.49,1.46,0.02,James,6.0,11,3,16,1.2,0,False,49.3,249,80,77,False,345.4,146,64,,1202,,None,41,655,159,p463981,0,0,None,0,,463981.jpg,3.5,116,39,36,0,241,False,0,0.0,[],Hill,6.7,56,19,False,None,12,0.9,a,23,4,91,2022-01-05,65.0,292,85,67,917605,41270,152701,6838,1.5,16.3,Hill,2
0,2001-08-13,0,0,False,True,0,0,0,0,0,436893,None,,0,0,-2,2,0.0,499,185,0,0,None,,0,2,0.0,0.0,0,0.00,0,0.00,0,0.00,0.00,0,0,Julián,0.0,394,145,0,0,0,False,0.0,516,187,78,False,0.0,514,187,,0,has joined Celtic on loan for the rest of the season.,2026-01-02T18:38:26.036808Z,38,794,242,p436893,0,0,None,0,,436893.jpg,0.0,524,187,0,0,139,False,0,0,[],Araujo Zúñiga,0.5,254,95,False,None,0,0,u,0,4,91,2024-08-13,0.0,467,178,0,47440,0,131931,378,0.0,0.0,J.Araujo,0
0,1997-11-05,0,0,False,True,0,0,0,0,0,223911,None,,0,0,0,0,0.0,564,214,0,0,None,,0,2,0.0,0.0,0,0.00,0,0.00,0,0.00,0.00,0,0,Chris,0.0,458,177,0,0,0,False,0.0,574,214,79,False,0.0,572,214,,0,has joined West Bromwich Albion permanently.,2025-09-02T12:54:34.562307Z,40,672,167,p223911,0,0,None,0,,223911.jpg,0.0,582,214,0,0,244,False,0,0,[],Mepham,0.1,538,192,False,None,0,0,u,0,4,91,2019-01-22,0.0,535,210,0,1400,0,16685,14,0.0,0.0,Mepham,0
0,2005-02-16,0,2,True,True,0,0,0,0.0,0,575901,None,,0,0,0,0,2.5,451,164,1,2.65,None,,0,2,0.0,0.0,0,0.00,0.0,0.00,0.0,0.00,1.62,4.29,0.0,Julio,0.0,499,200,2,5.29,0,False,0.6,488,172,80,False,1.8,489,175,,34,Hamstring injury - Expected back 01 Jun,2026-01-22T01:30:06.830891Z,40,716,193,p575901,0,0,None,0,,575901.jpg,1.0,453,165,4,0,10,False,0,0.0,[],Soler Barreto,0.2,377,139,False,None,0,0.0,i,1,4,91,2025-01-07,2.0,440,164,3,17370,15,33154,180,0.0,0.8,Soler,0
0,1999-05-05,3,147,True,True,0,0,4,0.39,8,222683,None,,0,0,0,0,304.1,89,67,62,6.11,3,,0,3,0.0,0.0,0,1.54,0.15,3.78,0.37,2.24,16.78,1.65,0.22,Justin,0.0,812,365,18,1.77,2,False,57.8,212,105,81,False,146.6,306,139,,914,Knee injury - Expected back 09 May,2026-01-06T12:00:09.646560Z,70,36,21,p222683,0,0,1,0,,222683.jpg,2.2,315,141,44,0,152,False,0,0.0,[],Kluivert,0.6,234,82,False,None,10,0.98,i,10,4,91,2023-07-01,128.0,211,117,40,190273,34,250708,360,0.0,5.7,Kluivert,4
4,1999-03-22,10,372,True,True,100,100,7,0.34,44,201658,2,,0,0,-2,2,459.4,34,32,170,8.26,2,,2,3,2.0,2.0,7,2.64,0.13,8.02,0.39,5.38,28.95,1.41,0.26,Marcus,2.0,190,84,37,1.8,5,False,129.6,34,24,84,False,451.4,81,26,,1852,,2026-01-20T00:30:08.247682Z,53,189,117,p201658,0,0,4,0,,201658.jpg,4.2,49,23,97,0,241,False,0,0.0,[],Tavernier,1.3,168,58,False,None,21,1.02,a,29,4,91,2022-08-01,383.0,49,30,102,880497,14739,803393,1238,0.4,19.2,Tavernier,3
1,1999-02-14,3,266,True,True,100,100,5,0.34,61,200785,None,,0,0,-1,1,80.2,292,170,170,11.57,None,,0,3,1.5,1.5,1,0.34,0.02,0.90,0.06,0.56,20.46,1.39,0.04,Tyler,1.5,228,100,24,1.63,2,False,47.8,253,130,85,False,290.4,190,78,,1322,,2025-12-15T23:30:10.848799Z,49,302,189,p200785,0,0,None,0,,200785.jpg,3.3,145,66,69,0,229,False,0,0.0,[],Adams,0.3,335,114,False,None,17,1.16,a,40,4,91,2023-08-20,105.0,231,129,56,78791,321,92755,195,0.3,11.4,Adams,6
2,1997-07-08,4,180,True,True,100,100,4,0.36,16,111317,None,,0,0,0,0,323.0,76,57,79,7.01,4,,1,3,0.8,0.8,1,2.85,0.25,7.36,0.65,4.51,16.91,1.5,0.4,David,0.8,298,138,18,1.6,1,False,90.0,100,59,86,False,200.4,261,110,,1014,,2026-01-15T19:30:09.403523Z,50,245,149,p111317,0,0,None,0,,111317.jpg,2.0,333,145,48,0,244,False,0,0.0,[],Brooks,0.2,392,130,False,None,12,1.07,a,15,4,91,2018-07-01,391.0,44,27,46,72439,199,78023,208,0.2,9.2,Brooks,7
1,1995-02-22,0,114,True,True,100,100,0,0.0,16,158499,None,,0,0,-1,1,128.7,216,141,60,10.67,None,,0,3,1.0,1.0,0,0.41,0.07,1.85,0.33,1.44,11.83,2.1,0.26,Ryan,1.0,265,118,10,1.78,1,False,38.7,294,147,87,False,122.8,326,147,,506,,2026-01-02T13:30:09.399485Z,49,293,183,p158499,0,0,None,0,,158499.jpg,1.4,421,188,31,0,243,False,0,0.0,[],Christie,0.1,557,204,False,None,2,0.36,a,13,4,91,2021-08-31,133.0,201,112,25,9486,78,15610,110,0.2,5.1,Christie,2
1,1997-02-03,0,184,True,True,0,0,1,0.1,56,155408,1,,0,0,-1,1,183.3,178,121,143,14.79,None,,0,3,0.0,0.0,0,0.52,0.05,0.59,0.06,0.07,13.49,1.4,0.01,Lewis,1.2,249,111,18,1.86,0,False,40.4,284,142,88,False,206.0,256,107,,870,Hamstring injury - Expected back 11 Apr,2026-02-23T13:30:09.159271Z,49,292,182,p155408,0,0,None,0,,155408.jpg,2.4,286,124,62,1,241,False,0,0.0,[],Cook,0.0,589,222,False,None,8,0.83,i,25,4,91,2016-07-08,12.0,397,197,38,11718,5,9380,539,0.2,7.8,Cook,1
0,1996-06-11,0,0,False,True,0,0,0,0,0,168991,None,,0,0,-1,1,0.0,761,327,0,0,None,,0,3,0.0,0.0,0,0.00,0,0.00,0,0.00,0.00,0,0,Philip,0.0,713,296,0,0,0,False,0.0,765,327,89,False,0.0,765,327,,0,has joined Midtjylland permanently.,2025-08-27T12:49:57.472718Z,49,295,185,p168991,0,0,None,0,,168991.jpg,0.0,766,328,0,0,58,False,0,0,[],Billing,0.0,673,272,False,None,0,0,u,0,4,91,2019-07-29,0.0,755,325,0,598,0,6631,2,0.0,0.0,Philip,0
2,2003-08-21,6,423,True,True,100,100,7,0.31,99,503139,4,,1,-1,1,-1,280.7,101,74,270,11.92,6,,1,3,3.5,3.5,3,1.34,0.06,4.43,0.2,3.09,35.16,1.55,0.14,Alex,3.5,93,42,34,1.5,2,False,93.0,91,55,90,False,408.2,108,34,,2038,,2025-12-29T19:30:08.900947Z,51,240,145,p503139,0,0,None,0,,503139.jpg,3.5,121,54,130,0,241,False,0,0.0,[],Scott,1.3,167,57,False,None,25,1.1,a,41,4,91,2023-08-10,245.0,98,60,98,244563,7948,95211,5470,0.7,19.2,Scott,3
0,1999-06-17,0,0,False,True,0,0,0,0,0,224995,None,,0,0,0,0,0.0,779,340,0,0,None,,0,3,0.0,0.0,0,0.00,0,0.00,0,0.00,0.00,0,0,Luis,0.0,742,315,0,0,0,False,0.0,782,340,91,False,0.0,782,340,,0,has joined Cruzeiro on loan for the rest of the season.,2025-08-26T13:43:19.913048Z,50,254,154,p224995,0,0,None,0,,224995.jpg,0.0,783,341,0,0,48,False,0,0,[],Sinisterra Lucumí,0.0,739,312,False,None,0,0,u,0,4,91,2024-06-14,0.0,776,338,0,396,0,3892,3,0.0,0.0,Sinisterra,0
0,1998-07-14,0,0,False,True,0,0,0,0,0,441240,None,,0,0,0,0,0.0,691,274,0,0,None,,0,3,0.0,0.0,0,0.00,0,0.00,0,0.00,0.00,0,0,Romain,0.0,621,224,0,0,0,False,0.0,697,273,92,False,0.0,695,271,,0,has joined Auxerre permanently.,2026-02-06T22:47:52.516051Z,45,431,258,p441240,0,0,None,0,,441240.jpg,0.0,701,277,0,0,73,False,0,0,[],Faivre,0.1,554,201,False,None,0,0,u,0,4,91,2023-07-13,0.0,674,267,0,4403,0,19629,25,0.0,0.0,Faivre,0
1,2000-02-16,0,12,False,True,0,0,0,0.0,1,424044,None,,0,0,0,0,10.0,421,207,4,22.5,None,,0,3,0.0,0.0,0,0.00,0.0,0.00,0.0,0.00,0.40,2.25,0.0,Hamed,0.0,617,221,2,11.25,0,False,3.1,459,207,93,False,21.2,443,195,,16,has joined Marseille on loan for the rest of the season.,2025-09-02T12:54:34.582455Z,45,426,255,p424044,0,0,None,0,,424044.jpg,4.0,57,28,2,0,54,False,0,0.0,[],Traorè,0.3,331,112,False,None,0,0.0,u,1,4,91,2023-07-01,0.0,670,264,4,114900,0,165348,83,0.0,0.9,H.Traorè,0
0,2003-09-02,0,0,False,True,0,0,0,0,0,550596,None,,0,0,0,0,0.0,713,294,0,0,None,,0,3,0.0,0.0,0,0.00,0,0.00,0,0.00,0.00,0,0,Dominic,0.0,644,245,0,0,0,False,0.0,718,293,94,False,0.0,717,292,,0,has joined Novi Pazar on loan for the rest of the season.,2025-09-22T21:51:49.974133Z,45,465,282,p550596,0,0,None,0,,550596.jpg,0.0,722,297,0,0,241,False,0,0,[],Sadi,0.0,640,254,False,None,0,0,u,0,4,91,2022-08-22,0.0,697,287,0,3895,0,8196,3,0.0,0.0,Sadi,0
0,2005-07-09,0,0,False,True,0,0,0,0,0,530121,None,,0,0,-1,1,0.0,664,260,0,0,None,,0,3,0.0,0.0,0,0.00,0,0.00,0,0.00,0.00,0,0,Zain,0.0,587,205,0,0,0,False,0.0,670,257,95,False,0.0,668,255,,0,has joined Olympiakos permanently.,2025-09-22T21:51:49.994072Z,44,553,330,p530121,0,0,None,0,,530121.jpg,0.0,677,264,0,0,241,False,0,0,[],Silcott-Duberry,0.1,575,213,False,None,0,0,u,0,4,91,2025-01-17,0.0,643,250,0,15405,0,21500,9,0.0,0.0,Silcott-Duberry,0
0,2004-09-04,0,3,False,True,0,0,0,0.0,0,606775,None,,0,0,0,0,0.0,735,310,0,0.0,None,,0,3,0.0,0.0,0,0.00,0.0,0.00,0.0,0.00,0.31,4.65,0.0,Ben,0.0,671,266,2,30.0,0,False,0.0,741,310,96,False,0.0,741,310,,6,has joined Barnet on loan for the rest of the season.,2025-09-02T12:54:34.599400Z,45,495,304,p606775,0,0,None,0,,606775.jpg,1.0,482,219,0,0,241,False,0,0.0,[],Winterburn,0.0,639,253,False,None,0,0.0,u,0,4,91,2024-11-29,0.0,722,306,1,2964,0,9992,3,0.0,0.2,Winterburn,0
3,1999-10-06,6,305,True,True,75,100,7,0.33,24,444102,None,,0,0,-1,1,282.1,99,4,79,3.68,None,,0,4,2.1,2.8,6,0.92,0.04,8.42,0.39,7.50,28.36,1.32,0.35,Francisco Evanilson,2.8,138,19,33,1.54,6,False,121.3,43,9,97,False,288.6,193,17,Evanilson,1934,Dead leg - 75% chance of playing,2026-02-28T22:00:07.795563Z,69,40,16,p444102,0,0,None,0,,444102.jpg,3.3,148,15,48,0,30,False,0,0.0,[],de Lima Barbosa,2.4,123,21,False,None,22,1.02,d,7,4,91,2024-08-16,645.0,16,11,85,1097027,1982,1070031,17953,0.4,12.3,Evanilson,1
0,1997-05-10,1,50,True,True,100,100,0,0.0,6,168636,None,,0,0,-1,1,10.9,416,56,10,5.62,1,,0,4,1.0,1.0,1,0.05,0.03,1.40,0.79,1.35,3.32,1.87,0.76,Enes,1.0,275,34,2,1.12,1,False,12.5,403,50,98,False,41.4,415,48,,160,,2026-01-11T18:30:10.266239Z,54,161,41,p168636,0,0,None,0,,168636.jpg,1.3,433,53,4,0,219,False,0,0.0,[],Ünal,0.0,594,81,False,None,0,0.0,a,0,4,91,2024-07-01,80.0,267,48,19,13481,220,10777,191,0.2,3.5,Enes Ünal,1
0,2005-06-21,0,0,False,True,0,0,0,0,0,590760,None,,0,0,-1,1,0.0,675,74,0,0,None,,0,4,0.0,0.0,0,0.00,0,0.00,0,0.00,0.00,0,0,Daniel,0.0,601,65,0,0,0,False,0.0,682,75,99,False,0.0,680,75,,0,has joined HNK Rijeka permanently.,2025-09-22T21:19:25.247985Z,44,568,83,p590760,0,0,None,0,,590760.jpg,0.0,687,75,0,0,241,False,0,0,[],Adu-Adjei,0.1,431,63,False,None,0,0,u,0,4,91,2022-12-19,0.0,655,74,0,22144,0,44303,42,0.0,0.0,Adu-Adjei,0
0,2006-06-23,7,319,True,True,None,None,5,0.43,26,560262,None,,0,0,2,-2,201.8,159,12,71,6.17,None,,0,4,1.8,1.8,2,0.68,0.06,5.33,0.46,4.65,17.83,1.55,0.4,Junior,1.8,197,26,18,1.56,8,False,87.3,109,16,100,False,332.4,157,15,,1036,,None,47,393,65,p560262,0,0,None,0,,560262.jpg,3.1,175,17,38,0,73,False,0,0.0,[],Kroupi,7.1,55,10,False,None,13,1.13,a,7,4,91,2025-02-02,339.0,62,23,71,1819899,12376,1076693,34228,0.4,15.1,Kroupi.Jr,3
1,2005-11-11,0,22,True,True,0,0,0,0.0,1,496208,None,,0,0,-2,2,14.0,405,201,3,5.09,None,,0,3,0.0,0.0,0,0.09,0.15,0.18,0.3,0.09,2.66,4.52,0.15,Ben,0.0,708,292,1,1.7,0,False,4.7,449,202,391,False,21.2,444,196,,53,Hamstring injury - Unknown return date,2025-11-20T10:30:09.618152Z,48,370,231,p496208,0,0,None,0,,496208.jpg,1.8,369,159,0,0,243,False,0,0.0,[],Gannon-Doak,0.0,637,251,False,None,0,0.0,i,2,4,91,2025-08-18,11.0,399,199,7,4621,1,8086,8,0.0,1.5,Gannon-Doak,0
0,2001-01-06,2,164,True,True,100,100,4,0.28,97,242882,None,,0,0,-3,3,54.3,331,114,117,8.26,None,,1,2,0.0,0.0,0,0.19,0.01,0.21,0.01,0.02,22.47,1.59,0.0,Bafodé,0.0,527,220,27,1.91,0,False,34.4,315,107,685,False,267.0,210,82,,1275,,2025-09-13T21:30:08.472990Z,42,634,146,p242882,0,0,None,0,,242882.jpg,2.6,246,93,48,0,73,False,0,0.0,[],Diakité,0.3,325,119,False,None,15,1.06,a,20,4,91,2025-08-13,22.0,369,126,46,98132,114,95361,418,0.0,11.0,Diakité,1
0,2006-03-06,0,0,True,True,None,None,0,0,0,606774,None,,0,0,-2,2,0.0,647,249,0,0,None,,0,3,0.0,0.0,0,0.00,0,0.00,0,0.00,0.00,0,0,Remy,0.0,564,193,0,0,0,False,0.0,653,246,687,False,0.0,651,244,,0,,None,43,618,362,p606774,0,0,None,0,,606774.jpg,0.0,661,254,0,0,241,False,0,0,[],Rees-Dottin,0.2,391,129,False,None,0,0,a,0,4,91,2024-12-28,0.0,624,238,0,23602,677,18812,480,0.0,0.0,Rees-Dottin,0
2,2000-05-10,4,218,True,True,None,None,3,0.3,24,489888,3,,0,0,-1,1,208.8,153,106,105,10.42,None,,0,3,4.0,4.0,1,1.49,0.15,3.98,0.4,2.49,14.42,1.43,0.25,Amine,4.0,71,34,14,1.39,3,False,68.6,165,86,697,False,251.6,217,94,,907,,None,54,177,108,p489888,0,0,None,0,,489888.jpg,2.5,275,118,50,0,145,False,0,0.0,[],Adli,0.6,226,78,False,None,9,0.89,a,31,4,91,2025-08-21,231.0,104,65,59,115801,781,38908,7421,0.7,10.9,Adli,2
2,2005-05-08,0,208,True,True,None,None,4,0.2,60,551483,None,,0,0,0,0,186.3,175,42,110,5.61,None,,0,2,2.5,2.5,2,1.10,0.06,2.11,0.11,1.01,33.41,1.7,0.05,Álex,2.5,147,51,33,1.68,1,False,66.2,179,59,713,False,314.6,177,73,,1765,,None,45,467,93,p551483,0,0,None,0,,551483.jpg,2.3,294,111,92,0,200,False,0,0.0,[],Jiménez Sánchez,0.2,349,127,False,None,20,1.02,a,50,4,91,2025-09-01,161.0,164,35,55,50515,1106,23430,641,0.6,12.2,A.Jimenez,8
0,2007-06-28,0,63,True,True,100,100,1,0.25,34,620487,None,,0,0,-1,1,13.9,406,148,39,9.56,None,,0,2,0.0,0.0,0,0.19,0.05,0.34,0.09,0.15,4.42,1.08,0.04,Veljko,0.0,602,238,6,1.47,0,False,12.2,405,146,721,False,98.4,354,136,,367,,2026-01-06T17:00:10.479922Z,44,570,121,p620487,0,0,None,0,,620487.jpg,2.7,231,91,13,0,190,False,0,0.0,[],Milosavljevic,0.0,654,231,False,None,4,0.98,a,5,4,91,2025-09-01,10.0,405,149,19,6267,24,5860,32,0.0,4.3,Milosavljević,0
0,2008-04-17,0,0,True,True,None,None,0,0,0,678552,None,,0,0,0,0,0.0,748,320,0,0,None,,0,3,0.0,0.0,0,0.00,0,0.00,0,0.00,0.00,0,0,Malcom,0.0,686,277,0,0,0,False,0.0,754,320,756,False,0.0,754,320,,0,,None,45,514,317,p678552,0,0,None,0,,678552.jpg,0.0,755,321,0,0,62,False,0,0,[],DaCosta,0.0,742,314,False,None,0,0,a,0,4,91,2025-12-01,0.0,736,317,0,1664,25,1063,38,0.0,0.0,DaCosta,0
0,1988-03-17,0,0,True,True,None,None,0,0,0,40383,None,,0,0,0,0,0.0,553,47,0,0,None,,0,1,0.0,0.0,0,0.00,0,0.00,0,0.00,0.00,0,0,Fraser,0.0,449,53,0,0,0,False,0.0,566,62,782,False,0.0,564,62,,0,,None,40,659,40,p40383,0,0,None,0,,40383.jpg,0.0,574,62,0,0,241,False,0,0,[],Forster,0.0,670,80,False,None,0,0,a,0,4,91,2026-01-02,0.0,523,34,0,2576,106,794,43,0.0,0.0,Forster,0
0,2007-05-31,0,0,True,True,None,None,0,0,0,658013,None,,0,0,0,0,0.0,746,318,0,0,None,,0,3,0.0,0.0,0,0.00,0,0.00,0,0.00,0.00,0,0,Charlie,0.0,683,274,0,0,0,False,0.0,752,318,799,False,0.0,752,318,,0,,None,45,511,314,p658013,0,0,None,0,,658013.jpg,0.0,753,319,0,0,244,False,0,0,[],Stevens,0.0,783,341,False,None,0,0,a,0,4,91,2025-01-18,0.0,733,314,0,557,34,184,14,0.0,0.0,Stevens,0
0,2005-10-23,0,10,True,True,None,None,0,0.0,2,614574,None,,0,0,0,0,33.5,369,190,8,10.14,None,,0,3,0.2,0.2,0,0.25,0.32,0.31,0.4,0.06,2.34,2.97,0.08,Alex,0.2,373,167,1,1.27,0,False,5.3,441,197,801,False,6.0,473,214,,71,,None,50,282,176,p614574,0,0,None,0,,614574.jpg,0.8,510,240,5,0,98,False,0,0.0,[],Tóth,0.0,758,323,False,None,1,1.27,a,1,4,91,2026-01-20,14.0,392,196,3,863,19,398,41,0.0,0.6,Tóth.A,1
0,2001-09-17,0,0,True,True,None,None,0,0,0,436416,None,,0,0,0,0,0.0,569,57,0,0,None,,0,1,0.0,0.0,0,0.00,0,0.00,0,0.00,0.00,0,0,Christos,0.0,463,61,0,0,0,False,0.0,579,69,806,False,0.0,577,69,,0,,None,40,677,50,p436416,0,0,None,0,,436416.jpg,0.0,587,69,0,0,83,False,0,0,[],Mandas,0.0,769,88,False,None,0,0,a,0,4,91,2026-01-27,0.0,540,44,0,558,27,239,27,0.0,0.0,Mandas,0
1,2006-08-03,2,87,True,True,None,None,1,0.24,3,499604,None,,0,0,1,-1,113.0,236,148,19,4.52,None,,0,3,5.0,5.0,2,0.99,0.24,1.86,0.45,0.87,8.87,2.11,0.21,Rayan Vitor,5.0,27,12,3,0.71,2,False,32.4,321,156,807,False,114.4,339,154,Rayan,378,,None,56,133,82,p499604,0,0,None,0,,499604.jpg,4.8,18,11,13,0,30,False,0,0.0,[],Simplício Rocha,2.6,114,36,False,None,4,0.95,a,3,4,91,2026-01-27,97.0,244,135,24,367573,11415,26487,10809,0.9,4.3,Rayan,1
0,1999-12-10,0,19,True,True,0,100,0,0.0,3,200641,None,,0,0,-2,2,4.0,445,215,17,30.6,None,,0,3,0.0,0.5,0,0.07,0.13,0.68,1.23,0.61,1.21,2.18,1.1,Reiss,0.0,699,287,1,1.8,0,False,3.4,456,206,27,False,16.4,448,199,,50,Calf injury - Expected back 16 Mar,2026-03-02T13:30:07.438484Z,48,356,223,p200641,0,0,None,0,,200641.jpg,1.0,486,223,12,0,241,False,0,0.0,[],Nelson,0.1,488,173,False,None,0,0.0,i,2,5,94,2025-09-01,16.0,389,195,6,10476,43,18104,63,0.0,1.2,Nelson,0
6,2002-02-11,10,287,True,True,100,100,3,0.18,58,533463,3,,0,0,-1,1,242.2,128,88,131,7.72,None,,3,3,5.6,6.1,5,2.30,0.14,7.53,0.45,5.23,21.02,1.24,0.31,Dango,5.6,16,6,24,1.41,5,False,100.2,82,49,83,False,337.4,152,54,,1527,,2025-12-13T14:30:10.953675Z,59,102,66,p533463,0,0,None,0,,533463.jpg,4.3,43,19,59,0,35,False,0,0.0,[],Ouattara,3.0,106,33,False,None,17,1.0,a,14,5,94,2025-08-16,428.0,33,17,94,829817,34375,471794,5922,0.9,15.9,O.Dango,4
0,1998-11-23,6,377,True,True,100,100,6,0.22,34,200720,None,,0,0,2,-2,20.0,393,4,0,0.0,None,,3,1,3.0,3.5,0,0.04,0.0,0.04,0.0,0.00,37.42,1.39,0.0,Caoimhín,3.0,116,11,37,1.37,0,False,64.7,188,7,101,False,626.8,26,8,,2430,,2025-08-09T14:00:04.798673Z,47,382,17,p200720,0,0,None,3,,200720.jpg,3.6,108,13,204,0,104,False,73,2.7,[],Kelleher,11.7,28,5,False,None,27,1.0,a,1,5,94,2025-06-03,0.0,743,82,98,1234246,14581,998555,17886,0.6,20.9,Kelleher,1
0,1999-10-15,0,0,True,True,None,None,0,0,0,235448,None,,0,0,-1,1,0.0,528,32,0,0,None,,0,1,0.0,0.5,0,0.00,0,0.00,0,0.00,0.00,0,0,Ellery,0.0,424,39,0,0,0,False,0.0,542,48,102,False,0.0,540,48,,0,,None,39,755,79,p235448,0,0,None,0,,235448.jpg,0.0,550,48,0,0,241,False,0,0,[],Balcombe,0.3,338,46,False,None,0,0,a,0,5,94,2016-11-02,0.0,497,19,0,16087,137,23758,136,0.0,0.0,Balcombe,0
0,2003-05-02,0,0,False,True,0,0,0,0,0,503300,None,,0,0,-1,1,0.0,540,40,0,0,None,,0,1,0.0,0.0,0,0.00,0,0.00,0,0.00,0.00,0,0,Matthew,0.0,437,47,0,0,0,False,0.0,554,56,103,False,0.0,552,56,,0,has joined Shrewsbury Town on loan for the rest of the season.,2026-01-16T15:17:51.432656Z,39,771,87,p503300,0,0,None,0,,503300.jpg,0.0,562,56,0,0,241,False,0,0,[],Cox,0.1,423,62,False,None,0,0,u,0,5,94,2021-10-26,0.0,509,27,0,11791,0,14368,124,0.0,0.0,Cox,0
0,2006-04-21,0,0,True,True,None,None,0,0,0,535017,None,,0,0,-1,1,0.0,544,42,0,0,None,,0,1,0.0,0.5,0,0.00,0,0.00,0,0.00,0.00,0,0,Julian,0.0,440,48,0,0,0,False,0.0,557,57,104,False,0.0,555,57,,0,,None,39,775,89,p535017,0,0,None,0,,535017.jpg,0.0,565,57,0,0,229,False,0,0,[],Eyestone,0.1,454,67,False,None,0,0,a,0,5,94,2024-08-08,0.0,513,29,0,12938,56,10168,84,0.0,0.0,Eyestone,0
0,2001-10-13,0,1,True,True,None,None,0,0.0,0,507433,None,,0,0,-1,1,0.0,541,41,0,0.0,None,,0,1,0.2,0.7,1,0.00,0.0,0.00,0.0,0.00,0.97,0.97,0.0,Hákon Rafn,0.2,353,23,3,3.0,0,False,1.3,477,32,105,False,13.0,452,32,,90,,None,39,772,88,p507433,0,0,None,0,,507433.jpg,1.0,450,32,7,0,99,False,1,1.0,[],Valdimarsson,0.6,235,31,False,None,1,1.0,a,0,5,94,2024-01-26,0.0,510,28,1,37677,400,71751,243,0.1,0.3,Valdimarsson,0
2,2001-04-30,7,317,True,True,None,None,5,0.22,213,432830,None,,-1,1,-1,1,114.9,232,62,237,10.3,None,,2,2,0.4,0.9,0,1.13,0.05,2.71,0.12,1.58,31.46,1.37,0.07,Nathan,0.4,342,118,32,1.39,1,False,101.3,80,18,106,False,646.4,20,9,,2071,,None,49,324,53,p432830,1,0,None,0,,432830.jpg,3.7,98,34,95,0,104,False,0,0.0,[],Collins,2.7,112,45,False,None,22,0.96,a,24,5,94,2023-07-04,250.0,96,10,93,633569,2261,495391,16568,0.1,19.0,Collins,4
1,2001-02-22,3,204,True,True,None,None,6,0.47,26,249231,None,,0,0,-2,2,167.8,186,45,41,3.21,1,,1,2,2.2,2.7,1,1.03,0.08,3.05,0.24,2.02,20.47,1.6,0.16,Keane,2.2,168,57,20,1.57,3,False,61.6,200,66,107,False,220.4,245,97,,1149,,None,48,365,62,p249231,0,0,None,0,,249231.jpg,3.0,190,71,48,0,241,False,0,0.0,[],Lewis-Potter,1.7,149,59,False,None,13,1.02,a,15,5,94,2022-07-12,228.0,107,14,78,452006,3287,295142,7625,0.5,16.2,Lewis-Potter,1
2,1998-04-17,1,182,True,True,100,100,4,0.23,127,191866,None,,0,0,-1,1,58.0,328,111,159,9.31,None,,0,2,3.2,3.7,1,0.72,0.04,1.41,0.08,0.69,24.20,1.42,0.04,Kristoffer,3.2,100,33,26,1.52,0,False,55.9,220,73,108,False,342.8,148,65,,1537,,2026-01-26T04:00:07.526158Z,44,524,104,p191866,0,0,None,0,,191866.jpg,2.9,198,77,48,0,161,False,0,0.0,[],Ajer,0.3,344,124,False,None,18,1.05,a,32,5,94,2021-07-21,157.0,168,36,64,37423,813,31489,761,0.7,14.5,Ajer,2
2,1997-07-08,0,140,True,True,None,None,4,0.28,52,194010,None,,0,0,-2,2,81.7,288,92,67,4.63,None,,0,2,2.8,3.3,4,0.54,0.04,0.72,0.05,0.18,23.91,1.65,0.01,Rico,2.8,130,45,22,1.52,0,False,26.6,346,117,109,False,149.4,302,115,,1302,,None,43,581,128,p194010,0,0,None,0,,194010.jpg,2.1,319,116,71,0,107,False,0,0.0,[],Henry,0.2,374,138,False,None,13,0.9,a,15,5,94,2016-08-31,35.0,344,114,51,23995,1128,21296,376,0.7,11.9,Henry,2
1,2004-07-10,6,349,True,True,100,75,6,0.23,115,607464,None,,0,0,0,0,381.1,57,9,170,6.49,None,,0,2,1.4,1.4,-1,2.50,0.1,2.77,0.11,0.27,36.59,1.4,0.01,Michael,1.4,234,86,37,1.41,0,False,89.2,102,28,110,False,432.0,91,41,,2358,,2026-02-21T19:30:08.790968Z,45,496,96,p607464,1,0,None,0,,607464.jpg,2.7,233,92,120,0,106,False,0,0.0,[],Kayode,0.7,222,85,False,None,27,1.03,a,55,5,94,2025-07-01,77.0,274,78,72,185730,2662,133834,2029,0.3,16.0,Kayode,6
0,1993-05-29,0,21,True,True,100,100,0,0.0,25,231065,None,,0,0,-3,3,1.1,465,171,29,11.45,None,,0,2,0.0,0.5,0,0.06,0.02,0.06,0.02,0.00,3.18,1.26,0.0,Ethan,0.0,524,218,5,1.97,0,False,7.6,431,155,111,False,62.8,395,152,,228,,2025-08-18T08:00:05.393517Z,42,631,144,p231065,1,0,None,0,,231065.jpg,1.3,426,154,9,0,107,False,0,0.0,[],Pinnock,0.1,452,166,False,None,3,1.18,a,4,5,94,2019-07-02,12.0,396,144,4,12277,104,26664,140,0.0,1.0,Pinnock,1
0,1999-06-24,0,0,False,True,0,0,0,0,0,226956,None,,0,0,0,0,0.0,686,257,0,0,None,,0,2,0.0,0.0,0,0.00,0,0.00,0,0.00,0.00,0,0,Mads,0.0,615,242,0,0,0,False,0.0,693,257,112,False,0.0,691,257,,0,Has joined Southampton permanently.,2025-08-22T14:17:15.662878Z,45,423,82,p226956,0,0,None,0,,226956.jpg,0.0,697,257,0,0,58,False,0,0,[],Roerslev Rasmussen,0.0,711,246,False,None,0,0,u,0,5,94,2019-10-27,0.0,668,257,0,211,0,3929,0,0.0,0.0,Roerslev,0
2,2001-12-20,3,275,True,True,100,100,4,0.18,191,444765,None,,0,0,0,0,56.7,329,112,205,9.08,None,,0,2,4.8,5.3,6,0.49,0.02,3.14,0.14,2.65,30.20,1.34,0.12,Sepp,4.8,30,7,34,1.51,0,False,75.9,138,44,113,False,478.2,73,33,,2033,,2025-12-27T22:00:11.195580Z,45,432,85,p444765,0,0,None,0,,444765.jpg,3.3,143,51,83,0,152,False,0,0.0,[],van den Berg,0.9,198,77,False,None,22,0.97,a,14,5,94,2024-08-22,223.0,109,16,77,253665,11421,200617,1550,1.1,17.1,Van den Berg,1
0,2005-10-09,0,0,False,True,0,0,0,0,0,622536,None,,0,0,-2,2,0.0,514,199,0,0,None,,0,2,0.0,0.0,0,0.00,0,0.00,0,0.00,0.00,0,0,Benjamin,0.0,410,160,0,0,0,False,0.0,529,199,114,False,0.0,527,199,,0,has joined Celtic on loan for the rest of the season.,2026-02-06T22:48:24.603753Z,38,814,261,p622536,0,0,None,0,,622536.jpg,0.0,537,199,0,0,241,False,0,0,[],Arthur,0.2,380,142,False,None,0,0,u,0,5,94,2024-03-08,0.0,483,193,0,12981,0,30062,203,0.0,0.0,Arthur,0
0,None,0,0,False,True,0,0,0,0,0,612534,None,,0,0,0,0,0.0,610,241,0,0,None,,0,2,0.0,0.0,0,0.00,0,0.00,0,0.00,0.00,0,0,Benjamin,0.0,509,209,0,0,0,False,0.0,620,241,115,False,0.0,618,241,,0,has joined Dender on loan for the rest of the season.,2025-09-22T21:16:59.169077Z,40,727,203,p612534,0,0,None,0,,612534.jpg,0.0,628,241,0,0,None,False,0,0,[],Fredrick,0.1,525,187,False,None,0,0,u,0,5,94,None,0.0,582,238,0,2020,0,14343,28,0.0,0.0,Fredrick,0
0,2002-06-10,0,94,True,True,0,50,2,0.31,30,472713,None,,0,0,0,0,16.2,401,146,42,6.43,None,,0,2,0.0,0.6,0,0.17,0.03,0.57,0.09,0.40,6.47,0.99,0.06,Aaron,0.6,307,105,8,1.22,0,False,13.9,391,141,116,False,82.6,374,143,,588,Hamstring injury - Expected back 11 Apr,2026-02-21T19:30:08.807049Z,40,686,173,p472713,0,0,None,0,,472713.jpg,1.8,358,133,33,0,243,False,0,0.0,[],Hickey,0.4,274,101,False,None,7,1.07,i,12,5,94,2022-07-09,42.0,335,110,33,65864,23,73430,1372,0.2,8.2,Hickey,1
0,2004-12-24,0,0,False,True,0,0,0,0,0,570241,None,,0,0,-1,1,0.0,549,207,0,0,None,,0,2,0.0,0.0,0,0.00,0,0.00,0,0.00,0.00,0,0,Kim,0.0,445,170,0,0,0,False,0.0,562,207,117,False,0.0,560,207,,0,has joined Kaiserslautern on loan for the rest of the season.,2025-09-22T21:16:59.154227Z,39,780,229,p570241,0,0,None,0,,570241.jpg,0.0,570,207,0,0,114,False,0,0,[],Ji-soo,0.1,519,185,False,None,0,0,u,0,5,94,2023-07-20,0.0,518,201,0,4108,0,15593,22,0.0,0.0,Ji-soo,0
0,2006-06-28,0,0,False,True,0,0,0,0,0,499717,None,,0,0,0,0,0.0,586,224,0,0,None,,0,2,0.0,0.0,0,0.00,0,0.00,0,0.00,0.00,0,0,Jayden,0.0,483,190,0,0,0,False,0.0,596,224,118,False,0.0,594,224,,0,Has joined Rangers on loan for the rest of the season.,2025-08-19T13:37:28.261506Z,40,698,181,p499717,0,0,None,0,,499717.jpg,0.0,604,224,0,0,241,False,0,0,[],Meghoma,0.0,611,217,False,None,0,0,u,0,5,94,2024-08-30,0.0,557,220,0,279,0,10972,4,0.0,0.0,Meghoma,0
4,2001-11-27,5,317,True,True,100,100,7,0.32,45,513418,None,,0,0,-1,1,309.5,86,65,152,6.93,None,,1,3,1.2,1.7,7,1.79,0.08,11.35,0.52,9.56,26.47,1.21,0.44,Kevin,1.2,256,115,25,1.14,7,False,143.4,25,20,120,False,470.6,75,23,,1973,,2026-02-02T00:30:10.303430Z,69,42,25,p513418,0,1,3,0,,513418.jpg,3.8,91,45,74,1,80,False,0,0.0,[],Schade,1.5,159,53,False,None,23,1.05,a,33,5,94,2023-07-01,658.0,13,5,94,816038,18982,687064,2995,0.2,13.6,Schade,6
4,2000-07-03,6,343,True,True,100,100,2,0.13,31,440089,None,,0,0,-4,4,513.1,27,26,158,10.12,3,,1,3,4.2,4.7,18,3.92,0.25,5.71,0.36,1.79,20.69,1.33,0.11,Mikkel,4.2,58,27,25,1.6,3,False,116.1,50,34,121,False,401.8,113,35,,1405,,2026-01-26T04:00:07.541386Z,56,130,80,p440089,0,0,None,0,,440089.jpg,3.4,136,64,89,0,58,False,0,0.0,[],Damsgaard,0.6,241,84,False,None,16,1.02,a,38,5,94,2022-08-10,245.0,99,61,82,119312,18349,170995,743,0.8,14.6,Damsgaard,0
0,2005-04-03,0,5,True,True,0,0,0,0.0,0,543295,None,,0,0,-3,3,1.8,454,218,4,8.0,None,,0,3,0.0,0.0,0,0.01,0.02,0.01,0.02,0.00,1.49,2.98,0.0,Antoni,0.0,766,332,3,6.0,0,False,0.6,489,224,122,False,4.0,478,218,,45,Knee injury - Expected back 01 Jun,2025-10-16T08:00:09.362049Z,52,217,135,p543295,0,0,None,0,,543295.jpg,1.0,498,232,2,0,152,False,0,0.0,[],Milambo,0.0,652,261,False,None,1,2.0,i,2,5,94,2025-07-03,0.0,790,348,1,2033,7,6937,12,0.0,0.2,Milambo,0
0,2002-08-30,1,42,True,True,0,0,0,0.0,0,244858,None,,0,0,-3,3,6.5,434,211,8,7.2,None,,0,3,0.0,0.0,0,0.03,0.03,0.73,0.66,0.70,2.08,1.87,0.63,Fábio,0.0,692,282,4,3.6,1,False,8.1,426,192,123,False,39.0,417,182,Fábio Carvalho,100,Knee injury - Expected back 01 Jun,2025-11-28T19:00:08.330112Z,47,386,241,p244858,0,0,4,0,,244858.jpg,2.2,304,133,5,0,173,False,0,0.0,[],Freitas Gouveia Carvalho,0.1,465,158,False,None,1,0.9,i,3,5,94,2024-08-12,36.0,342,178,13,27229,4,51376,51,0.0,2.8,Carvalho,0
3,1990-06-17,5,292,True,True,100,100,4,0.23,46,56979,None,,0,0,0,0,316.6,82,61,147,8.41,None,,0,3,1.2,1.7,1,2.08,0.12,2.41,0.14,0.33,22.34,1.28,0.02,Jordan,1.2,251,112,24,1.37,1,False,65.1,186,96,124,False,292.0,188,77,,1573,,2026-01-11T18:30:10.304842Z,50,243,148,p56979,0,0,None,0,,56979.jpg,2.5,273,116,79,0,241,False,0,0.0,[],Henderson,0.3,299,103,False,None,18,1.03,a,22,5,94,2025-07-15,43.0,334,174,65,98475,255,99922,615,0.2,13.0,Henderson,4
4,1998-05-10,6,300,True,True,0,100,5,0.36,66,204580,2,,0,0,-1,1,313.6,84,63,164,11.78,None,,1,3,0.0,3.5,0,1.88,0.14,2.70,0.2,0.82,20.22,1.45,0.06,Vitaly,3.0,118,53,16,1.15,1,False,72.5,150,80,125,False,329.0,162,60,,1253,Foot injury - Unknown return date,2026-02-28T22:00:07.860819Z,49,304,190,p204580,0,0,None,0,,204580.jpg,3.2,153,67,74,0,80,False,0,0.0,[],Janelt,0.3,327,108,False,None,13,0.93,i,24,5,94,2020-10-03,91.0,252,138,70,67487,167,35005,3771,0.6,14.3,Janelt,7
2,1996-01-01,0,296,True,True,None,None,5,0.33,27,207283,1,,0,0,-1,1,362.9,63,49,114,7.46,2,,0,3,3.2,3.7,2,3.68,0.24,5.59,0.37,1.91,20.80,1.36,0.13,Mathias,3.2,106,48,21,1.37,2,False,75.9,139,76,126,False,246.2,222,96,,1375,,None,49,307,192,p207283,0,0,5,0,,207283.jpg,2.3,295,129,64,0,58,False,0,0.0,[],Jensen,0.1,480,167,False,None,16,1.05,a,23,5,94,2019-07-10,151.0,178,97,61,17481,315,17744,346,0.7,12.4,Jensen,2
0,2005-11-20,0,0,False,True,0,0,0,0,0,626464,None,,0,0,-1,1,0.0,774,337,0,0,None,,0,3,0.0,0.0,0,0.00,0,0.00,0,0.00,0.00,0,0,Gustavo,0.0,737,312,0,0,0,False,0.0,778,337,127,False,0.0,778,337,,0,has joined Swansea City on loan for the rest of the season.,2026-01-23T16:43:23.380280Z,49,347,215,p626464,0,0,None,0,,626464.jpg,0.0,779,338,0,0,30,False,0,0,[],Nunes Fernandes Gomes,0.0,719,298,False,None,0,0,u,0,5,94,2024-08-28,0.0,770,335,0,1544,0,2269,17,0.0,0.0,Nunes,0
2,1998-01-01,0,41,False,True,0,0,0,0.0,3,428580,None,,0,0,-2,2,13.6,407,202,10,10.23,None,,0,3,0.0,0.0,0,0.36,0.37,0.36,0.37,0.00,2.02,2.07,0.0,Frank,0.0,706,291,2,2.05,0,False,4.6,450,203,128,False,28.4,432,191,,88,has joined Coventry City on loan for the rest of the season.,2026-02-02T23:18:34.199775Z,48,366,228,p428580,0,0,None,0,,428580.jpg,2.0,330,143,5,0,157,False,0,0.0,[],Onyeka,0.0,607,234,False,None,0,0.0,u,2,5,94,2021-07-20,4.0,435,214,12,5396,0,8854,19,0.0,2.5,Onyeka,0
2,2004-03-01,0,328,True,True,100,100,5,0.23,58,508395,None,,0,0,0,0,215.4,147,100,250,11.33,None,,0,3,1.0,1.5,1,1.13,0.05,2.32,0.1,1.19,30.07,1.36,0.05,Yehor,1.0,269,121,33,1.5,1,False,65.3,183,94,129,False,328.2,163,61,,1986,,2025-10-25T23:00:07.803030Z,50,274,169,p508395,0,0,None,0,,508395.jpg,2.7,236,97,140,0,225,False,0,0.0,[],Yarmoliuk,0.1,469,162,False,None,23,1.04,a,52,5,94,2022-10-28,110.0,227,127,75,23966,93,20486,342,0.2,15.0,Yarmoliuk,7
0,2006-11-30,0,19,True,True,None,None,0,0.0,0,606689,None,,0,0,-1,1,11.5,413,205,5,11.84,None,,0,3,0.6,1.1,1,0.01,0.02,0.10,0.23,0.09,0.39,0.92,0.21,Romelle,0.6,310,142,0,0.0,0,False,4.2,452,204,130,False,8.4,462,209,,38,,None,44,569,340,p606689,0,0,None,0,,606689.jpg,1.0,471,210,5,0,241,False,0,0.0,[],Donovan,0.1,466,159,False,None,0,0.0,a,0,5,94,2025-07-01,21.0,376,190,4,15836,299,18382,199,0.1,0.9,Donovan,0
0,2006-01-10,0,0,False,True,0,0,0,0,0,628204,None,,0,0,-2,2,0.0,650,252,0,0,None,,0,3,0.0,0.0,0,0.00,0,0.00,0,0.00,0.00,0,0,Yunus Emre,0.0,567,196,0,0,0,False,0.0,656,249,131,False,0.0,654,247,,0,has joined Oxford United on loan for the rest of the season.,2026-01-16T15:17:51.447836Z,43,622,366,p628204,0,0,None,0,,628204.jpg,0.0,664,257,0,0,219,False,0,0,[],Konak,0.2,411,139,False,None,0,0,u,0,5,94,2024-01-11,0.0,627,241,0,38108,0,44102,210,0.0,0.0,Konak,0
0,2001-05-08,0,0,False,True,0,0,0,0,0,220695,None,,0,0,0,0,0.0,685,270,0,0,None,,0,3,0.0,0.0,0,0.00,0,0.00,0,0.00,0.00,0,0,Paris,0.0,613,219,0,0,0,False,0.0,692,269,132,False,0.0,690,267,,0,has joined Norwich City permanently.,2026-01-27T16:47:33.569182Z,45,421,253,p220695,0,0,None,0,,220695.jpg,0.0,696,273,0,0,241,False,0,0,[],Maghoma,0.0,672,271,False,None,0,0,u,0,5,94,2020-08-01,0.0,666,262,0,4038,0,5393,35,0.0,0.0,Maghoma,0
0,2002-09-18,0,2,False,True,0,0,0,0.0,0,450539,None,,0,0,-1,1,0.0,658,254,0,0.0,None,,0,3,0.0,0.0,0,0.00,0.0,0.00,0.0,0.00,0.00,0.0,0.0,Myles,0.0,581,199,0,0.0,0,False,0.0,664,251,133,False,0.0,662,249,,1,has joined Oxford United permanently.,2026-01-15T12:49:06.966037Z,44,542,322,p450539,0,0,None,0,,450539.jpg,1.0,466,205,0,0,241,False,0,0.0,[],Peart-Harris,0.0,632,247,False,None,0,0.0,u,0,5,94,2021-07-23,0.0,636,243,1,3881,0,6335,18,0.0,0.2,Peart-Harris,0
0,2003-03-12,0,0,False,True,0,0,0,0,0,591357,None,,0,0,0,0,0.0,729,306,0,0,None,,0,3,0.0,0.0,0,0.00,0,0.00,0,0.00,0.00,0,0,Ryan,0.0,665,262,0,0,0,False,0.0,735,306,134,False,0.0,735,306,,0,Has joined Wigan on loan for the rest of the season,2025-08-11T01:07:54.335986Z,45,488,299,p591357,0,0,None,0,,591357.jpg,0.0,737,308,0,0,241,False,0,0,[],Trevitt,0.0,786,344,False,None,0,0,u,0,5,94,2024-01-08,0.0,716,302,0,0,0,948,0,0.0,0.0,Trevitt,0
1,2001-06-26,19,572,True,True,100,100,6,0.23,53,502500,None,,0,0,11,-11,259.9,116,6,143,5.4,None,,5,4,3.4,3.9,6,1.58,0.06,17.22,0.65,15.64,37.11,1.4,0.59,Igor Thiago,3.4,96,13,38,1.44,18,False,197.1,4,2,136,True,779.2,6,2,Igor Thiago,2382,,2025-12-18T01:30:08.634916Z,71,34,14,p502500,0,1,2,0,,502500.jpg,5.0,13,2,68,0,30,False,0,0.0,[],Nascimento Rodrigues,34.0,8,3,False,None,27,1.02,a,22,5,94,2024-07-01,934.0,2,2,141,8587060,88765,4501793,42493,0.5,19.9,Thiago,6
0,None,0,0,False,True,0,0,0,0,0,533710,None,,0,0,-1,1,0.0,665,69,0,0,None,,0,4,0.0,0.0,0,0.00,0,0.00,0,0.00,0.00,0,0,Iwan,0.0,589,60,0,0,0,False,0.0,672,70,137,False,0.0,670,70,,0,has joined Shrewsbury on loan for the rest of the season.,2026-01-02T18:38:50.184481Z,44,555,78,p533710,0,0,None,0,,533710.jpg,0.0,678,70,0,0,None,False,0,0,[],Morgan,0.3,316,52,False,None,0,0,u,0,5,94,None,0.0,645,69,0,52422,0,81076,172,0.0,0.0,Morgan,0
0,1998-10-23,0,0,True,True,0,25,0,0,0,183656,None,,0,0,-1,1,0.0,762,328,0,0,None,,0,3,0.0,0.1,0,0.00,0,0.00,0,0.00,0.00,0,0,Josh,0.0,715,298,0,0,0,False,0.0,766,328,748,False,0.0,766,328,,0,Lack of match fitness - Expected back 24 May,2025-11-20T12:00:10.592439Z,49,299,187,p183656,0,0,None,0,,183656.jpg,0.0,767,329,0,0,241,False,0,0,[],Dasilva,0.0,809,359,False,None,0,0,i,0,5,94,2025-10-23,0.0,756,326,0,181,2,212,5,0.0,0.0,Dasilva,0
0,2007-02-06,0,0,True,True,None,None,0,0,0,593174,None,,0,0,0,0,0.0,730,78,0,0,None,,0,4,0.0,0.5,0,0.00,0,0.00,0,0.00,0.00,0,0,Kaye,0.0,666,69,0,0,0,False,0.0,736,79,797,False,0.0,736,79,,0,,None,45,489,70,p593174,0,0,None,0,,593174.jpg,0.0,738,79,0,0,21,False,0,0,[],Furo,0.0,706,88,False,None,0,0,a,0,5,94,2026-01-11,0.0,717,78,0,1706,58,743,100,0.0,0.0,Furo,0
0,2007-10-01,0,0,True,True,None,None,0,0,0,559610,None,,0,0,0,0,0.0,716,296,0,0,None,,0,3,0.0,0.5,0,0.00,0,0.00,0,0.00,0.00,0,0,Luka,0.0,648,248,0,0,0,False,0.0,722,296,810,False,0.0,721,295,,0,,None,45,470,285,p559610,0,0,None,0,,559610.jpg,0.0,724,298,0,0,21,False,0,0,[],Bentt,0.0,802,355,False,None,0,0,a,0,5,94,2026-01-31,0.0,701,290,0,263,21,72,15,0.0,0.0,Bentt,0
0,2006-09-25,0,0,True,True,None,None,0,0,0,494556,None,,0,0,0,0,0.0,583,222,0,0,None,,0,2,1.4,1.9,0,0.00,0,0.00,0,0.00,0.00,0,0,Ollie,0.0,479,187,0,0,0,False,0.0,593,222,819,False,0.0,591,222,,0,,None,40,694,178,p494556,0,0,None,0,,494556.jpg,0.0,601,222,0,0,241,False,0,0,[],Shield,0.0,816,266,False,None,0,0,a,0,5,94,2026-02-15,0.0,554,218,0,39,39,2,2,0.0,0.0,Shield,0
0,1990-08-18,0,0,True,True,None,None,0,0,0,49262,None,,0,0,-3,3,0.0,620,76,0,0,None,,0,1,-1.0,0.0,0,0.00,0,0.00,0,0.00,0.00,0,0,Jason,0.0,521,80,0,0,0,False,0.0,629,87,138,False,0.0,627,87,,0,,None,42,624,31,p49262,0,0,None,0,,49262.jpg,0.0,637,87,0,0,241,False,0,0,[],Steele,0.2,351,50,False,None,0,0,a,0,6,36,2018-07-01,0.0,593,63,0,10323,84,39260,131,0.0,0.0,Steele,0
0,2002-08-18,4,451,True,True,None,None,6,0.21,23,489639,None,,0,0,0,0,10.0,422,7,0,0.0,None,,2,1,2.8,3.8,3,0.05,0.0,0.05,0.0,0.00,38.62,1.38,0.0,Bart,3.8,79,8,35,1.25,0,False,70.6,157,3,139,False,695.8,11,3,,2520,,None,45,444,25,p489639,1,0,None,1,,489639.jpg,3.2,151,15,251,0,152,False,79,2.82,[],Verbruggen,5.4,67,11,False,None,28,1.0,a,1,6,36,2023-07-03,0.0,683,78,89,683105,2710,846256,5991,0.8,19.8,Verbruggen,3
0,2000-03-25,0,0,True,True,None,None,0,0,0,209288,None,,0,0,-1,1,0.0,526,30,0,0,None,,0,1,-1.0,0.0,0,0.00,0,0.00,0,0.00,0.00,0,0,Tom,0.0,422,37,0,0,0,False,0.0,540,46,140,False,0.0,538,46,,0,,None,39,751,77,p209288,0,0,None,0,,209288.jpg,0.0,548,46,0,0,39,False,0,0,[],McGill,0.3,313,42,False,None,0,0,a,0,6,36,2021-02-02,0.0,495,17,0,17852,71,27881,120,0.0,0.0,McGill,0
0,2001-07-02,0,0,False,True,0,0,0,0,0,472739,None,,0,0,0,0,0.0,577,62,0,0,None,,0,1,0.0,0.0,0,0.00,0,0.00,0,0.00,0.00,0,0,Carl,0.0,472,66,0,0,0,False,0.0,587,74,141,False,0.0,585,74,,0,Has joined Coventry City on loan for the rest of the season.,2025-07-25T14:54:18.206318Z,40,687,55,p472739,0,0,None,0,,472739.jpg,0.0,595,74,0,0,241,False,0,0,[],Rushworth,0.0,806,92,False,None,0,0,u,0,6,36,2023-07-01,0.0,548,49,0,0,0,244,0,0.0,0.0,Rushworth,0
0,2000-01-23,0,0,False,True,0,0,0,0,0,240514,None,,0,0,0,0,0.0,567,55,0,0,None,,0,1,0.0,0.0,0,0.00,0,0.00,0,0.00,0.00,0,0,Kjell,0.0,461,59,0,0,0,False,0.0,577,67,142,False,0.0,575,67,,0,Has joined Union SG permanently,2025-07-25T14:53:26.961790Z,40,675,48,p240514,0,0,None,0,,240514.jpg,0.0,585,67,0,0,152,False,0,0,[],Scherpen,0.0,807,93,False,None,0,0,u,0,6,36,2021-07-16,0.0,538,42,0,0,0,205,0,0.0,0.0,Scherpen,0
1,1997-11-18,2,78,True,True,None,None,1,0.26,25,204120,None,,0,0,-3,3,38.6,357,124,33,8.51,None,,0,2,0.2,1.2,0,0.24,0.06,0.29,0.07,0.05,4.90,1.26,0.01,Olivier,1.2,243,88,4,1.03,0,False,15.3,385,137,143,False,101.8,348,133,,349,,None,42,630,143,p204120,0,0,None,0,,204120.jpg,2.9,197,76,27,0,73,False,0,0.0,[],Boscagli,0.1,502,179,False,None,4,1.03,a,8,6,36,2025-07-02,12.0,395,143,20,6366,34,12768,87,0.3,4.8,Boscagli,1
0,2003-12-28,0,32,False,True,0,0,1,0.47,16,550090,None,,0,0,-3,3,3.7,447,162,18,8.39,None,,0,2,0.0,0.0,0,0.01,0.0,0.01,0.0,0.00,4.52,2.11,0.0,Diego,0.0,531,223,3,1.4,0,False,4.8,447,161,144,False,42.4,413,156,,193,has joined Paris FC on loan for the rest of the season.,2026-01-30T15:58:36.007916Z,42,642,152,p550090,0,0,None,0,,550090.jpg,2.0,327,122,6,0,106,False,0,0.0,[],Coppola,0.0,599,213,False,None,2,0.93,u,2,6,36,2025-06-17,2.0,442,166,10,2735,0,8188,31,0.0,2.4,Coppola,2
0,2000-12-22,6,226,True,True,100,100,4,0.32,32,465730,3,,0,0,-2,2,319.7,78,19,50,3.98,1,,1,2,0.0,1.0,1,2.15,0.17,3.70,0.29,1.55,20.72,1.65,0.12,Maxim,1.0,261,94,18,1.43,2,False,66.7,177,58,145,False,215.0,251,101,,1131,,2025-09-13T21:30:07.998380Z,43,589,134,p465730,0,0,None,0,,465730.jpg,2.6,247,94,56,0,21,False,0,0.0,[],De Cuyper,1.8,147,58,False,None,14,1.11,a,18,6,36,2025-07-05,132.0,203,48,60,253768,351,709619,2607,0.2,14.0,De Cuyper,2
1,1991-11-21,0,340,True,True,100,100,5,0.19,171,83299,None,,0,0,0,0,96.1,262,79,201,7.58,3,,0,2,2.2,3.2,1,0.47,0.02,1.72,0.07,1.25,36.38,1.37,0.05,Lewis,3.2,102,35,34,1.28,0,False,78.3,134,43,146,False,538.0,51,24,,2385,,2025-12-13T19:30:10.698808Z,45,407,71,p83299,0,0,None,0,,83299.jpg,2.6,249,96,112,0,241,False,0,0.0,"[{'property': 'suspension_risk', 'notes': 'This player currently has nine yellow cards in the Premier League and will face a two-match suspension should they receive another before Gameweek 33.', 'gameweek': None, 'url': None}]",Dunk,1.0,192,72,False,None,26,0.98,a,30,6,36,2009-07-01,147.0,185,42,70,153514,1057,194671,1553,0.7,15.6,Dunk,9
0,1998-01-21,0,0,False,True,0,0,0,0,0,204214,None,,0,0,0,0,0.0,683,255,0,0,None,,0,2,0.0,0.0,0,0.00,0,0.00,0,0.00,0.00,0,0,Pervis,0.0,611,239,0,0,0,False,0.0,690,255,147,False,0.0,688,255,,0,Has joined AC Milan permanently,2025-07-24T10:14:09.955203Z,45,418,78,p204214,0,0,None,0,,204214.jpg,0.0,694,255,0,0,62,False,0,0,[],Estupiñán Tenorio,0.0,743,255,False,None,0,0,u,0,6,36,2022-07-16,0.0,664,254,0,0,0,1978,4,0.0,0.0,Estupiñan,0
2,1999-10-07,4,352,True,True,None,None,6,0.24,73,231416,None,,0,0,-1,1,338.0,73,16,120,4.84,None,,0,2,2.5,3.5,2,2.31,0.09,3.74,0.15,1.43,34.17,1.38,0.06,Ferdi,3.5,92,30,30,1.21,0,False,86.3,112,32,148,False,351.8,144,62,,2230,,None,44,530,109,p231416,0,0,None,0,,231416.jpg,2.8,213,84,102,0,219,False,0,0.0,[],Kadıoğlu,0.3,302,110,False,None,24,0.97,a,47,6,36,2024-08-27,170.0,156,32,75,78318,389,64480,936,0.8,17.0,F.Kadıoğlu,5
0,1998-02-07,0,10,True,True,100,100,0,0.0,13,223434,None,,0,0,0,0,10.6,417,152,13,11.36,None,,0,2,-1.0,0.0,0,0.00,0.0,0.00,0.0,0.00,4.66,4.07,0.0,Igor Julio,0.0,614,241,3,2.62,0,False,3.6,455,164,149,False,25.8,436,162,Igor Julio,103,,2025-12-29T18:00:08.845429Z,45,422,81,p223434,0,0,None,0,,223434.jpg,1.5,405,149,3,0,30,False,0,0.0,[],dos Santos de Paulo,0.1,523,186,False,None,1,0.87,a,0,6,36,2023-07-26,0.0,667,256,6,8968,79,10174,92,0.0,1.3,Igor,0
0,2000-09-30,0,0,False,True,0,0,0,0,0,232792,None,,0,0,-1,1,0.0,655,254,0,0,None,,0,2,0.0,0.0,0,0.00,0,0.00,0,0.00,0.00,0,0,Tariq,0.0,575,235,0,0,0,False,0.0,661,254,150,False,0.0,659,254,,0,has joined Fiorentina permanently.,2025-09-02T12:06:29.254107Z,44,532,111,p232792,0,0,None,0,,232792.jpg,0.0,669,254,0,0,81,False,0,0,[],Lamptey,0.1,512,183,False,None,0,0,u,0,6,36,2020-01-31,0.0,633,253,0,2778,0,38567,13,0.0,0.0,Lamptey,0
2,2000-06-08,7,401,True,True,100,100,6,0.23,184,469142,None,,0,0,-1,1,150.6,197,51,219,8.53,None,,1,2,3.5,4.5,4,0.97,0.04,3.01,0.12,2.05,35.83,1.4,0.08,Jan Paul,4.5,42,13,33,1.29,3,False,111.6,59,9,151,False,736.2,8,3,,2310,,2026-02-08T22:00:09.013159Z,44,544,118,p469142,1,0,None,0,,469142.jpg,4.0,56,23,79,0,152,False,0,0.0,[],van Hecke,3.8,91,32,False,None,26,1.01,a,35,6,36,2020-09-10,226.0,108,15,105,963628,12041,636217,7784,1.0,23.9,Van Hecke,7
0,1992-01-15,1,126,True,True,100,100,1,0.11,57,111478,None,,0,0,-2,2,71.2,302,100,85,9.25,None,,0,2,-0.2,0.8,1,0.12,0.01,1.11,0.12,0.99,14.73,1.6,0.11,Joël,0.8,283,99,12,1.31,1,False,34.9,308,103,152,False,214.0,252,102,,827,,2025-10-02T13:00:07.706508Z,43,575,123,p111478,0,0,None,0,,111478.jpg,2.1,318,115,34,0,152,False,0,0.0,[],Veltman,0.1,428,159,False,None,8,0.87,a,28,6,36,2020-07-29,63.0,296,87,33,21933,63,35709,234,0.2,7.7,Veltman,4
0,1995-01-04,0,0,True,True,0,0,0,0,0,110735,None,,0,0,-1,1,0.0,652,252,0,0,None,,0,2,0.0,0.0,0,0.00,0,0.00,0,0.00,0.00,0,0,Adam,0.0,571,232,0,0,0,False,0.0,658,252,153,False,0.0,656,252,,0,Knee injury - Unknown return date,2025-08-08T14:30:04.202011Z,44,523,103,p110735,0,0,None,0,,110735.jpg,0.0,666,252,0,0,241,False,0,0,[],Webster,0.0,759,258,False,None,0,0,i,0,6,36,2019-08-03,0.0,630,251,0,912,6,1710,10,0.0,0.0,Webster,0
0,2001-11-09,0,0,False,True,0,0,0,0,0,439135,None,,0,0,0,0,0.0,570,216,0,0,None,,0,2,0.0,0.0,0,0.00,0,0.00,0,0.00,0.00,0,0,Eiran,0.0,464,179,0,0,0,False,0.0,580,216,154,False,0.0,578,216,,0,has joined Blackburn Rovers on loan for the rest of the season.,2025-07-28T11:50:54.390347Z,40,678,169,p439135,0,0,None,0,,439135.jpg,0.0,588,216,0,0,104,False,0,0,[],Cashin,0.0,778,260,False,None,0,0,u,0,6,36,2025-01-31,0.0,541,212,0,0,0,777,1,0.0,0.0,Cashin,0
0,None,0,0,False,True,0,0,0,0,0,589100,None,,0,0,0,0,0.0,605,236,0,0,None,,0,2,0.0,0.0,0,0.00,0,0.00,0,0.00,0.00,0,0,Jacob,0.0,504,204,0,0,0,False,0.0,615,236,155,False,0.0,613,236,,0,has joined Harrogate Town on loan until January.,2025-09-22T21:52:58.462370Z,40,721,197,p589100,0,0,None,0,,589100.jpg,0.0,623,236,0,0,None,False,0,0,[],Slater,0.1,498,177,False,None,0,0,u,0,6,36,None,0.0,577,233,0,3175,0,16593,14,0.0,0.0,Slater,0
0,2006-02-24,0,0,True,True,None,None,0,0,0,547720,None,,0,0,-2,2,0.0,509,195,0,0,None,,0,2,-1.0,0.0,0,0.00,0,0.00,0,0.00,0.00,0,0,Charlie,0.0,405,156,0,0,0,False,0.0,524,195,156,False,0.0,522,195,,0,,None,38,807,255,p547720,0,0,None,0,,547720.jpg,0.0,532,195,0,0,241,False,0,0,[],Tasker,0.2,408,149,False,None,0,0,a,0,6,36,2025-03-28,0.0,477,188,0,11870,147,16884,136,0.0,0.0,Tasker,0
1,1997-05-20,2,180,True,True,100,100,4,0.26,20,451340,None,,0,0,-4,4,360.9,65,50,78,5.15,None,,0,3,1.2,2.2,1,2.11,0.14,5.22,0.35,3.11,18.82,1.24,0.21,Mitoma,2.2,173,79,15,0.99,2,False,87.7,107,63,157,False,221.6,242,104,,1363,,2025-12-27T22:00:11.277770Z,61,83,54,p451340,0,0,None,0,,451340.jpg,2.7,242,101,47,0,108,False,0,0.0,[],Kaoru,1.9,136,45,False,None,15,0.99,a,11,6,36,2021-08-09,298.0,78,47,49,279472,918,843874,3018,0.4,8.0,Mitoma,3
4,2002-04-20,2,213,True,True,100,100,6,0.36,32,463067,None,,0,0,-4,4,267.7,112,79,101,6.05,None,,0,3,-0.5,0.5,0,2.06,0.12,4.11,0.24,2.05,19.19,1.15,0.12,Georginio,0.5,326,152,16,0.96,2,False,86.0,114,65,158,False,243.2,226,98,,1502,,2025-11-30T22:30:09.146377Z,56,131,81,p463067,1,0,None,0,,463067.jpg,2.8,226,92,46,0,73,False,0,0.0,[],Rutter,0.3,305,104,False,None,18,1.08,a,23,6,36,2024-08-19,350.0,58,36,65,129613,78,251335,945,0.1,11.6,Georginio,2
0,1994-07-20,0,4,True,True,100,75,0,0.0,0,109345,None,,0,0,-2,2,0.0,808,359,0,0.0,None,,0,3,-0.8,0.2,1,0.00,0.0,0.00,0.0,0.00,0.25,5.62,0.0,Solly,0.2,381,174,0,0.0,0,False,0.0,808,359,159,False,0.0,808,359,,4,,2025-08-10T18:00:05.450301Z,58,105,68,p109345,0,0,None,0,,109345.jpg,1.0,503,237,0,0,241,False,0,0.0,[],March,0.0,752,320,False,None,0,0.0,a,0,6,36,2012-07-01,0.0,807,359,1,812,42,2572,10,0.0,0.2,March,0
8,2004-07-22,6,314,True,True,100,100,6,0.33,21,592031,None,,-1,1,-5,5,448.3,35,33,125,6.88,None,,0,3,-0.5,0.5,0,2.78,0.15,5.69,0.31,2.91,25.32,1.39,0.16,Yankuba,0.5,325,151,26,1.43,1,False,121.7,42,31,160,False,308.4,180,71,,1634,,2025-12-31T00:00:09.377936Z,55,153,95,p592031,0,0,None,0,,592031.jpg,3.5,122,55,70,0,78,False,0,0.0,[],Minteh,1.9,139,46,False,None,18,0.99,a,34,6,36,2024-07-01,459.0,29,14,84,1921364,429,1863207,5051,0.1,15.3,Minteh,0
0,2004-01-23,0,0,False,True,0,0,0,0,0,474120,None,,0,0,-1,1,0.0,801,354,0,0,None,,0,3,0.0,0.0,0,0.00,0,0.00,0,0.00,0.00,0,0,Julio,0.0,783,343,0,0,0,False,0.0,802,354,161,False,0.0,802,354,,0,has joined Strasbourg permanently.,2025-08-10T18:00:05.470138Z,54,175,107,p474120,0,0,None,0,,474120.jpg,0.0,803,355,0,0,168,False,0,0,[],Enciso Espínola,0.0,747,317,False,None,0,0,u,0,6,36,2022-06-17,0.0,799,353,0,105,0,2954,0,0.0,0.0,Enciso,0
1,2004-05-31,2,114,False,True,0,0,2,0.25,4,513433,None,,0,0,-1,1,217.1,145,98,58,7.37,None,,0,3,0.0,0.0,0,0.88,0.11,2.74,0.35,1.86,13.82,1.76,0.24,Brajan,0.0,785,345,11,1.4,1,False,50.0,246,125,162,False,134.4,315,143,,708,has joined Leipzig on loan for the rest of the season.,2026-02-02T13:42:58.370286Z,54,180,111,p513433,0,0,None,0,,513433.jpg,1.9,355,155,40,0,80,False,0,0.0,[],Gruda,0.0,591,223,False,None,8,1.02,u,14,6,36,2024-08-14,152.0,177,96,35,16799,0,19564,48,0.0,6.5,Gruda,2
4,2005-04-11,2,178,True,True,100,100,2,0.19,28,532529,None,,0,0,-4,4,102.0,252,154,83,8.01,None,,0,3,2.0,3.0,5,0.61,0.06,1.67,0.16,1.06,19.13,1.85,0.1,Jack,3.0,120,54,15,1.45,1,False,40.9,282,141,163,False,158.0,297,134,,933,,2025-09-13T21:30:08.019508Z,51,241,146,p532529,1,0,None,0,,532529.jpg,2.8,223,91,43,0,241,False,0,0.0,[],Hinshelwood,0.0,586,221,False,None,10,0.96,a,12,6,36,2022-12-30,149.0,182,101,48,9584,87,17022,90,0.6,9.4,Hinshelwood,0
0,2000-11-21,2,40,True,True,100,100,1,0.49,3,219249,5,,0,0,0,0,67.4,307,173,9,4.38,None,,1,3,-0.8,0.2,0,0.18,0.09,1.39,0.68,1.21,2.33,1.13,0.59,Matt,0.2,379,172,2,0.97,1,False,19.2,371,176,164,False,61.6,396,174,,185,,2025-09-02T12:06:29.272628Z,55,142,88,p219249,0,0,3,0,,219249.jpg,4.3,40,18,2,0,58,False,0,0.0,[],O'Riley,0.3,298,102,False,None,2,0.97,a,4,6,36,2024-08-26,63.0,299,162,13,131731,100,199372,112,0.0,2.4,O'Riley,0
0,2001-06-17,0,0,False,True,0,0,0,0,0,516211,None,,0,0,-1,1,0.0,802,355,0,0,None,,0,3,0.0,0.0,0,0.00,0,0.00,0,0.00,0.00,0,0,Abdallah,0.0,786,346,0,0,0,False,0.0,803,355,165,False,0.0,803,355,,0,has joined Lens permanently.,2025-09-02T12:06:29.290672Z,54,181,112,p516211,0,0,None,0,,516211.jpg,0.0,804,356,0,0,189,False,0,0,[],Sima,0.0,731,307,False,None,0,0,u,0,6,36,2021-08-30,0.0,800,354,0,247,0,2242,2,0.0,0.0,Sima,0
3,2003-10-06,7,351,True,True,75,75,5,0.26,46,509416,None,,0,0,-2,2,214.4,148,101,200,10.59,2,,2,3,-0.8,0.0,0,1.07,0.06,3.61,0.19,2.54,24.57,1.3,0.13,Yasin,0.0,709,293,21,1.11,3,False,73.3,146,78,166,False,311.2,179,70,,1699,Shoulder injury - 75% chance of playing,2026-02-05T23:30:09.359487Z,48,371,232,p509416,0,0,None,0,,509416.jpg,4.0,58,29,111,0,206,False,0,0.0,[],Ayari,0.4,268,94,False,None,18,0.95,d,43,6,36,2023-01-30,206.0,118,70,83,198842,118,172505,2842,0.0,17.3,Ayari,0
0,2004-01-03,0,148,True,True,100,100,4,0.3,46,535301,None,,0,0,-5,5,90.0,271,162,142,10.79,None,,0,3,0.0,1.0,1,0.27,0.02,0.63,0.05,0.36,16.49,1.25,0.03,Carlos,1.0,262,116,16,1.22,0,False,20.9,364,174,167,False,94.0,362,159,,1184,,2026-01-15T20:30:09.550299Z,45,460,277,p535301,0,0,None,0,,535301.jpg,1.7,380,163,68,0,38,False,0,0.0,[],Baleba,1.5,157,52,False,None,18,1.37,a,28,6,36,2023-08-29,25.0,365,187,38,195220,1574,543644,2137,0.2,8.4,Baleba,5
0,2003-03-27,9,315,True,True,100,100,6,0.32,35,514254,None,,0,0,-1,1,277.1,106,76,177,9.53,5,,2,3,4.5,5.5,9,1.27,0.07,5.93,0.32,4.66,24.51,1.32,0.25,Diego,5.5,19,9,23,1.24,5,False,101.7,77,48,169,False,389.4,119,39,,1672,,2026-01-30T12:30:08.867866Z,49,341,209,p514254,0,0,None,0,,514254.jpg,3.1,176,74,79,0,168,False,0,0.0,[],Gómez Amarilla,0.2,382,126,False,None,20,1.08,a,63,6,36,2025-01-01,349.0,59,37,78,82360,1861,70674,509,1.1,15.9,Gomez,6
1,1986-01-04,0,125,True,True,100,100,1,0.16,16,15157,None,,0,0,-1,1,128.4,218,143,56,9.18,None,,0,3,0.8,1.8,2,0.62,0.1,1.58,0.26,0.96,9.50,1.56,0.16,James,1.8,198,86,13,2.13,1,False,29.7,333,160,170,False,116.4,334,150,,549,,2025-10-28T21:00:08.282346Z,49,286,179,p15157,0,0,1,0,,15157.jpg,1.7,383,166,30,0,241,False,0,0.0,[],Milner,0.1,462,157,False,None,4,0.66,a,10,6,36,2023-07-01,54.0,316,167,29,18538,127,23296,120,0.4,5.9,Milner,2
0,2002-06-16,0,0,False,True,0,0,0,0,0,441192,None,,0,0,-1,1,0.0,770,335,0,0,None,,0,3,0.0,0.0,0,0.00,0,0.00,0,0.00,0.00,0,0,Jeremy,0.0,730,308,0,0,0,False,0.0,774,335,171,False,0.0,774,335,,0,has joined Middlesbrough on loan for the rest of the season.,2026-01-27T16:47:58.618791Z,49,330,204,p441192,0,0,None,0,,441192.jpg,0.0,775,336,0,0,62,False,0,0,[],Sarmiento Morante,0.0,703,292,False,None,0,0,u,0,6,36,2021-09-21,0.0,765,333,0,197,0,2963,0,0.0,0.0,Sarmiento,0
0,2006-04-08,0,15,False,True,0,0,0,0.0,0,549074,None,,0,0,-2,2,2.4,453,217,5,7.89,None,,0,3,0.0,0.0,0,0.03,0.05,0.07,0.11,0.04,1.72,2.72,0.06,Tom,0.0,710,294,2,3.16,0,False,1.6,470,214,172,False,6.0,472,213,,57,has joined Millwall on loan for the rest of the season.,2026-02-02T13:42:58.389602Z,48,373,234,p549074,0,0,None,0,,549074.jpg,0.8,509,239,4,0,241,False,0,0.0,[],Watson,0.0,645,257,False,None,0,0.0,u,1,6,36,2025-06-01,7.0,422,203,5,2397,0,4169,31,0.0,1.0,Watson,1
4,1999-11-16,3,268,True,True,100,100,4,0.27,75,467779,None,,0,0,-1,1,244.0,125,85,199,13.64,None,,0,3,-0.2,0.8,1,1.51,0.1,2.81,0.19,1.30,17.51,1.2,0.09,Mats,0.8,296,136,18,1.23,0,False,70.2,159,84,173,False,319.0,173,67,,1313,,2025-12-31T00:00:09.404007Z,49,334,207,p467779,0,0,None,0,,467779.jpg,3.4,129,59,73,0,152,False,0,0.0,[],Wieffer,0.1,443,151,False,None,15,1.03,a,51,6,36,2024-07-06,138.0,195,108,61,79634,24,77712,99,0.2,12.4,Wieffer,6
0,2005-11-18,0,0,False,True,0,0,0,0,0,611695,None,,0,0,0,0,0.0,791,349,0,0,None,,0,3,0.0,0.0,0,0.00,0,0.00,0,0.00,0.00,0,0,Malick,0.0,755,326,0,0,0,False,0.0,793,349,174,False,0.0,793,349,,0,Has joined Swansea City on loan for the rest of the season.,2025-08-15T12:03:00.771795Z,50,281,175,p611695,0,0,None,0,,611695.jpg,0.0,794,350,0,0,54,False,0,0,[],Yalcouyé,0.0,775,335,False,None,0,0,u,0,6,36,2024-07-12,0.0,787,347,0,0,0,1264,0,0.0,0.0,Yalcouye,0
0,2005-09-21,0,3,False,True,0,0,0,0.0,0,567121,None,,0,0,-1,1,0.0,670,263,0,0.0,None,,0,3,0.0,0.0,0,0.00,0.0,0.00,0.0,0.00,0.00,0.0,0.0,Joe,0.0,595,210,0,0.0,0,False,0.0,677,261,175,False,0.0,675,259,,1,has joined Stevenage permanently.,2026-02-06T22:48:38.233784Z,44,561,335,p567121,0,0,None,0,,567121.jpg,1.0,469,208,0,0,241,False,0,0.0,[],Knight,0.1,530,192,False,None,0,0.0,u,0,6,36,2025-01-31,0.0,650,254,1,11030,0,14828,72,0.0,0.2,Knight,0
0,None,0,0,False,True,0,0,0,0,0,550141,None,,0,0,0,0,0.0,712,293,0,0,None,,0,3,0.0,0.0,0,0.00,0,0.00,0,0.00,0.00,0,0,Adrian,0.0,643,244,0,0,0,False,0.0,717,292,176,False,0.0,716,291,,0,has joined Dinamo Bucharest permanently.,2025-09-22T21:46:15.598017Z,45,464,281,p550141,0,0,None,0,,550141.jpg,0.0,721,296,0,0,None,False,0,0,[],Mazilu,0.0,687,281,False,None,0,0,u,0,6,36,None,0.0,696,286,0,1435,0,4591,2,0.0,0.0,Mazilu,0
0,2003-10-15,0,0,False,True,0,0,0,0,0,513834,None,,0,0,0,0,0.0,704,285,0,0,None,,0,3,0.0,0.0,0,0.00,0,0.00,0,0.00,0.00,0,0,Andrew,0.0,635,236,0,0,0,False,0.0,709,284,177,False,0.0,708,283,,0,Has joined Los Angeles FC on loan for the rest of the season.,2025-08-22T14:16:38.542849Z,45,454,271,p513834,0,0,None,0,,513834.jpg,0.0,713,288,0,0,104,False,0,0,[],Moran,0.0,699,288,False,None,0,0,u,0,6,36,2021-08-23,0.0,688,278,0,490,0,5094,2,0.0,0.0,Moran,0
0,1990-11-26,14,354,True,True,100,100,6,0.33,25,50175,None,,0,0,-4,4,233.0,132,9,77,4.27,4,,2,4,4.2,5.2,9,1.05,0.06,10.15,0.56,9.10,23.64,1.31,0.5,Danny,5.2,24,6,21,1.16,10,False,111.5,60,14,178,False,407.4,109,10,,1624,,2025-12-19T14:00:08.695558Z,61,79,25,p50175,0,2,2,0,,50175.jpg,3.4,137,12,34,0,241,False,0,0.0,[],Welbeck,3.7,92,16,False,None,18,1.0,a,18,6,36,2020-10-18,480.0,27,14,91,2014139,7938,2135267,7259,0.9,14.9,Welbeck,4
0,2004-10-19,0,0,False,True,0,0,0,0,0,487117,None,,0,0,0,0,0.0,806,89,0,0,None,,0,4,0.0,0.0,0,0.00,0,0.00,0,0.00,0.00,0,0,Evan,0.0,790,84,0,0,0,False,0.0,807,89,179,False,0.0,807,89,,0,Has joined AS Roma on loan for the rest of the season,2025-07-24T10:13:22.396984Z,55,150,37,p487117,0,0,None,0,,487117.jpg,0.0,808,89,0,0,104,False,0,0,[],Ferguson,0.0,755,92,False,None,0,0,u,0,6,36,2021-08-23,0.0,804,89,0,0,0,1558,1,0.0,0.0,Ferguson,0
1,2006-01-06,0,55,True,True,0,0,0,0.0,2,608181,None,,0,0,-3,3,65.7,311,33,15,10.23,None,,0,4,0.0,0.0,0,0.11,0.08,0.55,0.38,0.44,2.59,1.77,0.3,Stefanos,0.0,768,82,2,1.36,1,False,17.7,377,45,180,False,66.6,392,41,,132,Knee injury - Expected back 01 Jun,2025-12-04T09:00:09.057817Z,52,221,51,p608181,0,0,None,0,,608181.jpg,1.8,371,43,10,0,83,False,0,0.0,[],Tzimas,0.1,526,74,False,None,1,0.68,i,3,6,36,2025-02-03,44.0,332,51,16,13138,11,23143,42,0.0,3.1,Tzimas,0
1,2007-05-30,3,117,True,True,None,None,1,0.31,5,647850,None,,0,0,-2,2,80.0,293,30,38,11.71,None,,0,4,-0.2,0.8,0,0.23,0.07,1.93,0.59,1.70,4.62,1.42,0.52,Charalampos,0.8,292,37,7,2.16,2,False,40.1,286,32,181,False,129.6,320,30,,292,,None,48,375,64,p647850,0,0,None,0,,647850.jpg,1.9,347,40,22,0,83,False,0,0.0,[],Kostoulas,0.4,295,48,False,None,2,0.62,a,11,6,36,2025-07-01,192.0,136,33,30,54963,173,74249,726,0.2,6.2,Kostoulas,2
0,2007-06-11,0,3,True,True,None,None,0,0.0,0,556637,None,,0,0,0,0,0.0,715,295,0,0.0,None,,0,3,-1.0,0.0,0,0.00,0.0,0.00,0.0,0.00,0.00,0.0,0.0,Nehemiah,0.0,647,247,0,0.0,0,False,0.0,721,295,744,False,0.0,720,294,,1,,None,45,469,284,p556637,0,0,None,0,,556637.jpg,1.0,476,214,0,0,241,False,0,0.0,[],Oriola,0.0,718,297,False,None,0,0.0,a,0,6,36,2025-10-17,0.0,700,289,1,2731,26,1978,33,0.0,0.2,Oriola,0
0,2008-03-09,0,0,True,True,None,None,0,0,0,604988,None,,0,0,0,0,0.0,609,240,0,0,None,,0,2,-1.0,0.0,0,0.00,0,0.00,0,0.00,0.00,0,0,Freddie,0.0,508,208,0,0,0,False,0.0,619,240,761,False,0.0,617,240,,0,,None,40,726,202,p604988,0,0,None,0,,604988.jpg,0.0,627,240,0,0,241,False,0,0,[],Simmonds,0.0,708,244,False,None,0,0,a,0,6,36,2024-07-01,0.0,581,237,0,944,29,701,34,0.0,0.0,Simmonds,0
1,1991-06-15,4,164,True,True,None,None,2,0.24,21,60307,1,,0,0,0,0,308.6,88,66,67,8.19,None,,0,3,2.0,3.0,5,1.99,0.24,2.71,0.33,0.72,9.92,1.21,0.09,Pascal,3.0,121,55,6,0.73,1,False,59.3,204,102,783,False,185.2,268,113,,736,,None,55,135,83,p60307,0,0,None,0,,60307.jpg,3.4,135,63,34,0,80,False,0,0.0,[],Groß,0.1,494,176,False,None,8,0.98,a,12,6,36,2026-01-02,100.0,240,133,31,20519,491,9578,602,0.5,5.6,Groß,2
0,2008-04-20,0,9,True,True,None,None,0,0.0,2,597320,None,,0,0,0,0,4.4,441,213,4,4.56,None,,0,3,-0.2,0.8,0,0.03,0.03,0.03,0.03,0.00,1.00,1.14,0.0,Harry,0.8,288,130,2,2.28,0,False,1.4,475,219,795,False,7.2,466,210,,79,,None,45,491,301,p597320,0,0,None,0,,597320.jpg,1.5,406,178,2,0,241,False,0,0.0,[],Howell,0.0,773,333,False,None,1,1.14,a,0,6,36,2025-04-11,2.0,450,221,3,674,39,220,26,0.2,0.7,Howell,0
1,1997-11-18,7,435,True,True,100,100,9,0.35,22,215059,None,,0,0,-1,1,50.0,339,1,0,0.0,None,,2,1,2.3,1.3,2,0.04,0.0,0.04,0.0,0.00,35.72,1.37,0.0,Robert,1.8,199,15,32,1.23,0,False,66.4,178,6,220,False,618.4,29,9,,2344,,2026-01-04T21:30:12.078705Z,49,312,12,p215059,0,0,None,0,,215059.jpg,3.6,110,14,234,1,200,False,71,2.73,[],Lynch Sánchez,13.9,24,3,False,None,27,1.04,a,2,7,8,2023-08-05,0.0,759,87,97,1674135,3274,2809267,21176,0.4,19.8,Sánchez,3
0,2002-04-16,0,18,True,True,100,50,0,0.0,2,508479,None,,0,0,-2,2,0.0,637,81,0,0.0,None,,0,1,0.5,-0.2,0,0.00,0.0,0.00,0.0,0.00,2.78,1.44,0.0,Filip,0.0,552,84,3,1.55,0,False,2.8,461,31,221,False,28.2,434,31,,174,,2026-02-04T18:30:09.811255Z,43,603,29,p508479,0,0,None,0,,508479.jpg,1.5,402,31,14,0,58,False,3,1.55,[],Jörgensen,0.2,404,59,False,None,1,0.52,a,0,7,8,2024-07-30,0.0,614,70,3,15025,33,27018,114,0.0,0.7,Jörgensen,0
0,2005-07-31,0,0,False,True,0,0,0,0,0,549939,None,,0,0,0,0,0.0,596,71,0,0,None,,0,1,0.0,0.0,0,0.00,0,0.00,0,0.00,0.00,0,0,Mike,0.0,494,75,0,0,0,False,0.0,606,83,222,False,0.0,604,83,,0,Has joined RC Strasbourg on loan for the rest of the season.,2025-07-28T11:48:06.001822Z,40,711,64,p549939,0,0,None,0,,549939.jpg,0.0,614,83,0,0,21,False,0,0,[],Penders,0.0,797,91,False,None,0,0,u,0,7,8,2024-08-27,0.0,568,58,0,0,0,340,0,0.0,0.0,Penders,0
0,2004-05-15,0,0,True,True,None,None,0,0,0,471798,None,,0,0,-1,1,0.0,534,35,0,0,None,,0,1,0.5,-0.5,0,0.00,0,0.00,0,0.00,0.00,0,0,Gabriel,0.0,430,42,0,0,0,False,0.0,548,51,223,False,0.0,546,51,,0,,None,39,763,82,p471798,0,0,None,0,,471798.jpg,0.0,556,51,0,0,229,False,0,0,[],Słonina,0.1,460,70,False,None,0,0,a,0,7,8,2022-08-02,0.0,503,22,0,9997,30,12545,41,0.0,0.0,Slonina,0
3,1998-07-22,5,409,True,True,50,0,9,0.43,97,179268,None,,0,0,0,0,384.9,55,7,140,6.68,None,,0,2,1.4,0.0,0,2.73,0.13,4.37,0.21,1.64,27.63,1.32,0.08,Marc,2.4,158,55,21,1.0,1,False,100.8,81,19,224,False,429.6,94,44,,1885,Hamstring injury - 50% chance of playing,2026-02-11T13:00:09.713531Z,60,88,5,p179268,0,0,None,0,,179268.jpg,3.8,90,32,85,1,200,False,0,0.0,[],Cucurella Saseta,14.0,23,8,False,None,22,1.05,d,43,7,8,2022-08-05,194.0,131,23,90,2716665,128,3655051,46551,0.4,15.0,Cucurella,5
6,1999-12-08,11,454,True,True,100,100,8,0.42,71,225796,2,,0,0,1,-1,405.0,46,5,117,6.15,2,,1,2,3.1,2.1,6,2.67,0.14,3.53,0.19,0.86,26.05,1.37,0.05,Reece,2.6,144,48,18,0.95,2,False,91.4,96,25,225,False,417.8,100,45,,1712,,2026-02-04T18:00:09.578345Z,56,129,13,p225796,0,0,None,0,,225796.jpg,4.4,37,15,88,0,241,False,0,0.0,[],James,8.1,45,17,False,None,18,0.95,a,46,7,8,2019-05-15,89.0,256,71,109,2103945,15867,1879173,7953,0.5,19.5,James,4
1,1999-07-05,7,475,True,True,100,100,9,0.34,207,180736,None,,0,0,7,-7,93.4,267,81,240,9.11,None,,2,2,3.1,2.1,1,0.99,0.04,2.13,0.08,1.14,33.96,1.29,0.04,Trevoh,2.6,146,50,32,1.22,3,False,88.8,105,29,226,False,650.6,19,8,,2370,,2025-09-28T00:00:08.404840Z,57,114,10,p180736,0,0,None,0,,180736.jpg,4.7,23,7,104,1,241,False,0,0.0,[],Chalobah,19.9,18,6,False,None,27,1.03,a,33,7,8,2018-02-16,145.0,189,44,127,4779292,9592,2623147,84418,0.5,22.3,Chalobah,3
0,2003-02-26,0,0,True,True,0,0,0,0,0,460028,None,,0,0,-3,3,0.0,753,260,0,0,None,,0,2,0.0,0.0,0,0.00,0,0.00,0,0.00,0.00,0,0,Levi,0.0,694,247,0,0,0,False,0.0,758,260,227,False,0.0,758,260,,0,Anterior cruciate ligament - Unknown return date,2025-08-08T14:30:04.255160Z,47,388,65,p460028,0,0,None,0,,460028.jpg,0.0,759,260,0,0,241,False,0,0,[],Samuels Colwill,0.1,470,171,False,None,0,0,i,0,7,8,2022-07-01,0.0,745,260,0,1194,9,30632,15,0.0,0.0,Colwill,0
2,2003-05-19,7,331,True,True,100,100,7,0.4,50,482609,None,,0,0,-1,1,277.1,105,26,90,5.16,None,,2,2,2.5,1.5,1,1.37,0.08,2.83,0.16,1.46,25.88,1.48,0.08,Malo,2.0,186,67,20,1.15,2,False,75.6,140,45,228,False,323.6,169,70,,1570,,2026-01-15T00:00:09.616293Z,49,336,55,p482609,0,0,None,0,,482609.jpg,3.4,130,46,92,1,73,False,0,0.0,[],Gusto,1.9,137,52,False,None,17,0.97,a,40,7,8,2023-01-28,156.0,172,39,84,474568,1216,468822,4636,0.4,17.1,Gusto,2
0,2001-03-26,0,48,True,True,100,100,0,0.0,41,242880,None,,0,0,-1,1,7.9,431,156,48,9.19,None,,0,2,0.5,-0.5,0,0.06,0.01,0.06,0.01,0.00,7.41,1.42,0.0,Benoît,0.0,576,236,10,1.91,0,False,11.4,409,147,229,False,102.8,346,131,,470,,2025-10-17T12:30:08.541306Z,44,535,114,p242880,0,0,None,0,,242880.jpg,0.9,505,174,16,0,73,False,0,0.0,[],Badiashile Mukinayi,0.0,626,224,False,None,6,1.15,a,7,7,8,2023-01-05,2.0,445,167,7,8844,26,8794,120,0.0,1.6,B.Badiashile,2
1,2000-12-17,3,231,True,True,100,0,4,0.35,117,444463,None,,0,0,-1,1,46.4,346,118,132,11.61,None,,0,2,1.7,0.0,0,0.55,0.05,0.80,0.07,0.25,15.29,1.35,0.02,Wesley,1.2,245,89,11,0.97,0,False,38.9,291,96,230,False,321.0,171,71,,1023,,2026-02-21T18:30:08.885079Z,44,540,117,p444463,0,0,None,0,,444463.jpg,3.0,186,69,57,1,73,False,0,0.0,[],Fofana,0.4,294,109,False,None,11,0.97,a,15,7,8,2022-08-31,22.0,373,130,48,110495,277,101763,1370,0.3,10.9,Fofana,2
0,2005-08-29,0,1,True,True,100,100,0,0.0,7,574458,None,,0,0,0,0,0.1,487,176,8,7.91,None,,0,2,0.9,-0.1,1,0.00,0.0,0.35,0.35,0.35,1.42,1.4,0.35,Mamadou,0.4,337,117,3,2.97,0,False,1.3,478,169,231,False,6.2,469,170,Mamadou Sarr,91,,2025-08-11T01:09:37.642396Z,45,477,95,p574458,0,0,None,0,,574458.jpg,1.0,478,172,2,0,189,False,0,0.0,[],Sarr,0.0,676,236,False,None,1,0.99,a,1,7,8,2025-06-09,7.0,421,159,2,1931,259,2509,77,0.1,0.4,M.Sarr,0
0,1997-09-24,2,118,True,True,100,100,2,0.25,77,109646,None,,0,0,-5,5,32.0,373,132,90,11.25,None,,0,2,0.9,-0.1,1,0.40,0.05,0.50,0.06,0.11,11.55,1.44,0.01,Tosin,0.4,328,112,12,1.5,0,False,27.3,342,116,232,False,221.2,243,96,,720,,2026-02-09T15:30:09.138219Z,40,664,162,p109646,0,0,None,0,,109646.jpg,2.5,263,100,18,0,241,False,0,0.0,[],Adarabioyo,0.3,345,125,False,None,7,0.88,a,13,7,8,2024-07-01,19.0,382,134,32,106312,329,221150,194,0.1,8.0,Tosin,2
0,2006-05-05,5,98,True,True,100,100,2,0.32,31,577016,None,,0,0,-3,3,39.2,354,123,40,6.35,None,,1,2,0.9,-0.1,0,0.13,0.02,0.73,0.12,0.60,13.91,2.21,0.1,Josh,0.4,327,111,12,1.9,1,False,23.1,353,121,233,False,125.2,324,124,,567,,2025-09-24T11:30:08.237944Z,37,817,264,p577016,0,0,None,0,,577016.jpg,2.8,208,80,23,0,241,False,0,0.0,[],Acheampong,1.6,151,60,False,None,7,1.11,a,9,7,8,2024-03-10,66.0,290,84,33,564948,8285,480950,3398,0.1,8.9,Acheampong,1
0,2005-04-29,0,0,False,True,0,0,0,0,0,622758,None,,0,0,0,0,0.0,613,244,0,0,None,,0,2,0.0,0.0,0,0.00,0,0.00,0,0.00,0.00,0,0,Aarón,0.0,512,212,0,0,0,False,0.0,623,244,234,False,0.0,621,244,,0,has joined Strasbourg on loan for the rest of the season.,2026-02-02T23:19:25.503392Z,40,732,208,p622758,0,0,None,0,,622758.jpg,0.0,631,244,0,0,10,False,0,0,[],Anselmino,0.1,574,206,False,None,0,0,u,0,7,8,2024-08-08,0.0,585,241,0,1262,0,10181,13,0.0,0.0,Anselmino,0
2,2002-05-06,7,282,True,True,100,100,3,0.23,18,244851,None,,0,0,1,-1,210.0,152,105,84,6.56,3,,2,3,8.1,7.1,1,1.20,0.09,9.30,0.72,8.10,19.31,1.51,0.63,Cole,7.6,3,1,17,1.33,8,False,96.7,88,52,235,False,384.2,124,41,,1152,,2026-01-22T01:30:07.085135Z,106,3,2,p244851,0,0,1,0,,244851.jpg,4.9,16,9,50,0,241,False,0,0.0,[],Palmer,16.1,21,8,False,None,15,1.17,a,16,7,8,2023-09-01,375.0,53,32,83,2431684,34972,7172451,52041,0.7,7.8,Palmer,4
5,2000-03-09,8,454,True,True,0,100,11,0.46,17,247632,1,,0,0,0,0,684.0,9,9,103,4.34,4,,1,3,0.0,1.9,-1,5.64,0.24,9.91,0.42,4.27,28.79,1.21,0.18,Pedro,2.4,163,74,21,0.88,5,False,155.6,20,16,236,False,442.8,85,29,Pedro Neto,2138,Suspended until 14 Mar,2026-03-01T22:00:07.504358Z,70,37,22,p247632,0,0,None,0,,247632.jpg,3.8,92,46,71,1,173,False,0,0.0,[],Lomba Neto,4.6,79,26,False,None,24,1.01,s,15,7,8,2024-08-11,427.0,34,18,106,1926864,3002,1918351,26939,0.3,15.1,Neto,2
3,2001-01-17,14,518,True,True,100,100,8,0.31,42,448047,3,,-1,1,2,-2,715.5,7,7,190,7.37,1,,2,3,3.5,2.5,1,5.17,0.2,15.06,0.58,9.89,33.26,1.29,0.38,Enzo,3.0,124,57,30,1.16,8,False,193.4,5,3,237,False,621.0,28,6,,2319,,2025-11-09T11:00:08.666360Z,67,49,31,p448047,0,0,2,0,,448047.jpg,4.5,32,16,103,0,10,False,0,0.0,[],Fernández,17.3,19,7,False,None,26,1.01,a,45,7,8,2023-01-31,597.0,18,7,121,5382862,18070,3908647,112912,0.4,18.1,Enzo,7
5,2007-04-24,4,169,True,True,25,0,4,0.49,8,624773,None,,0,0,-1,1,218.3,143,96,51,6.22,None,,1,3,0.3,0.0,0,2.12,0.26,4.94,0.6,2.82,8.13,0.99,0.34,Estêvão,0.6,321,149,8,0.98,2,False,67.7,171,89,238,False,177.2,279,121,Estêvão,738,Hamstring injury - 25% chance of playing,2026-02-21T19:30:08.998124Z,64,61,40,p624773,0,0,3,0,,624773.jpg,2.9,206,88,33,0,30,False,0,0.0,[],Almeida de Oliveira Gonçalves,1.9,135,44,False,None,10,1.22,d,10,7,8,2025-07-14,283.0,84,52,55,852013,50,880073,13849,0.1,8.6,Estêvão,3
2,2004-08-08,0,99,True,True,0,0,1,0.19,6,463936,None,,0,0,-5,5,130.4,212,138,29,5.37,None,,0,3,0.0,0.0,0,0.94,0.17,1.75,0.32,0.81,8.89,1.65,0.15,Jamie,0.2,382,175,7,1.3,0,False,31.3,324,157,239,False,93.0,364,161,,486,Hamstring injury - Unknown return date,2026-01-31T21:30:08.944567Z,60,89,56,p463936,0,0,None,0,,463936.jpg,1.6,397,174,15,0,241,False,0,0.0,[],Bynoe-Gittens,0.1,474,164,False,None,5,0.93,i,8,7,8,2025-07-05,91.0,253,139,25,17100,7,41780,70,0.0,4.2,Gittens,0
0,1997-11-14,0,0,False,True,0,0,0,0,0,213198,None,,0,0,-1,1,0.0,809,360,0,0,None,,0,3,0.0,0.0,0,0.00,0,0.00,0,0.00,0.00,0,0,Christopher,0.0,795,353,0,0,0,False,0.0,809,360,240,False,0.0,809,360,,0,has joined AC Milan permanently.,2025-09-02T11:35:16.323578Z,59,95,61,p213198,0,0,None,0,,213198.jpg,0.0,809,360,0,0,73,False,0,0,[],Nkunku,0.1,517,187,False,None,0,0,u,0,7,8,2023-07-01,0.0,808,360,0,2668,0,23737,10,0.0,0.0,Nkunku,0
1,2001-11-02,10,443,True,True,100,100,6,0.28,84,486672,None,,0,0,2,-2,275.9,107,77,285,13.13,None,,1,3,3.5,2.5,4,1.86,0.09,3.07,0.15,1.21,29.08,1.34,0.06,Moisés,3.0,122,56,28,1.29,3,False,84.3,120,68,241,False,465.4,76,24,,1954,,2025-12-31T00:00:09.550966Z,57,120,75,p486672,0,0,None,0,,486672.jpg,4.0,65,30,130,1,62,False,0,0.0,[],Caicedo Corozo,7.7,51,18,False,None,22,1.01,a,71,7,8,2023-08-14,104.0,235,130,91,3240127,4672,3175012,8908,0.5,16.0,Caicedo,8
0,2004-01-06,0,25,True,True,100,100,0,0.0,5,514356,None,,0,0,-1,1,7.5,432,209,12,9.0,None,,0,3,0.7,-0.3,1,0.06,0.04,0.06,0.04,0.00,2.89,2.17,0.0,Roméo,0.2,371,165,3,2.25,0,False,1.8,467,212,244,False,9.6,459,206,,120,,2025-11-06T09:30:08.519036Z,49,342,210,p514356,0,0,None,0,,514356.jpg,1.0,491,226,5,0,21,False,0,0.0,[],Lavia,0.0,695,286,False,None,1,0.75,a,2,7,8,2023-08-18,2.0,453,223,5,2649,54,4607,12,0.0,1.0,Lavia,0
0,2001-01-05,0,0,True,True,0,0,0,0,0,465920,None,,0,0,-1,1,0.0,772,336,0,0,None,,0,3,0.0,0.0,0,0.00,0,0.00,0,0.00,0.00,0,0,Mykhailo,0.0,732,309,0,0,0,False,0.0,776,336,245,False,0.0,776,336,,0,Suspended - unknown return date,2025-07-21T10:00:04.824210Z,49,333,206,p465920,0,0,None,0,,465920.jpg,0.0,777,337,0,0,225,False,0,0,[],Mudryk,0.0,748,318,False,None,0,0,s,0,7,8,2023-01-15,0.0,767,334,0,977,10,1285,9,0.0,0.0,Mudryk,0
0,2004-05-03,0,168,True,True,100,100,1,0.09,38,532605,None,,0,0,0,0,124.9,220,145,103,9.67,None,,0,3,2.1,1.1,2,0.79,0.07,2.49,0.23,1.70,14.15,1.33,0.16,Andrey,1.6,215,93,12,1.13,0,False,33.4,317,154,246,False,148.4,303,137,Andrey Santos,959,,2026-02-07T22:00:08.906050Z,45,459,276,p532605,0,0,None,0,,532605.jpg,1.4,419,186,38,0,30,False,0,0.0,[],Nascimento dos Santos,0.3,319,106,False,None,10,0.94,a,27,7,8,2023-01-07,61.0,304,165,30,74438,758,81600,525,0.4,6.7,Andrey Santos,4
0,2005-03-14,0,0,True,True,50,50,0,0,0,491007,None,,0,0,-2,2,0.0,633,239,0,0,None,,0,3,0.2,-0.2,0,0.00,0,0.00,0,0.00,0.00,0,0,Dário,0.0,547,181,0,0,0,False,0.0,640,236,247,False,0.0,638,234,Dário Essugo,0,Lack of match fitness - 50% chance of playing,2026-01-23T15:00:08.712004Z,43,597,348,p491007,0,0,None,0,,491007.jpg,0.0,648,244,0,0,173,False,0,0,[],Luís Essugo,0.1,573,212,False,None,0,0,d,0,7,8,2025-06-02,0.0,609,227,0,12230,171,13991,87,0.0,0.0,D.Essugo,0
0,None,0,0,False,True,0,0,0,0,0,611134,None,,0,0,0,0,0.0,736,311,0,0,None,,0,3,0.0,0.0,0,0.00,0,0.00,0,0.00,0.00,0,0,Kendry,0.0,672,267,0,0,0,False,0.0,742,311,248,False,0.0,742,311,,0,has joined River Plate on loan for the rest of the season.,2025-08-11T01:09:37.664358Z,45,498,306,p611134,0,0,None,0,,611134.jpg,0.0,743,312,0,0,None,False,0,0,[],Páez Andrade,0.0,781,339,False,None,0,0,u,0,7,8,None,0.0,723,307,0,0,0,948,0,0.0,0.0,Paez,0
8,2001-09-26,25,559,True,True,None,None,10,0.44,35,475168,None,,-1,1,1,-1,399.0,50,2,115,5.03,None,,4,4,7.9,6.9,2,1.72,0.08,12.29,0.54,10.57,27.93,1.22,0.46,João Pedro,7.4,4,1,22,0.96,11,False,165.5,13,4,249,True,592.2,34,4,João Pedro,2056,,None,76,20,6,p475168,0,0,None,0,,475168.jpg,5.0,14,3,60,0,30,False,0,0.0,[],Junqueira de Jesus,45.6,3,2,False,None,24,1.05,a,20,7,8,2025-07-02,668.0,11,7,141,7559725,66172,8452428,94774,1.0,18.6,João Pedro,3
2,2003-02-08,1,108,True,True,100,100,2,0.25,7,463034,None,,0,0,-3,3,51.8,336,40,25,3.12,None,,0,4,2.3,1.3,1,0.18,0.02,3.85,0.48,3.68,10.79,1.35,0.46,Liam,1.8,208,27,13,1.62,1,False,38.9,292,33,250,False,58.8,399,42,,722,,2026-01-15T00:00:09.689137Z,62,75,24,p463034,0,0,None,0,,463034.jpg,1.8,373,44,16,0,241,False,0,0.0,[],Delap,0.9,199,30,False,None,9,1.12,a,2,7,8,2025-06-04,287.0,81,26,35,108370,264,463961,930,0.3,5.6,Delap,2
0,2001-06-20,0,0,False,True,0,0,0,0,0,517052,None,,0,0,0,0,0.0,815,92,0,0,None,,0,4,0.0,0.0,0,0.00,0,0.00,0,0.00,0.00,0,0,Nicolas,0.0,808,89,0,0,0,False,0.0,815,92,251,False,0.0,815,92,,0,has joined Bayern Munich on loan for the rest of the season.,2025-09-02T11:35:16.339917Z,65,54,19,p517052,0,0,None,0,,517052.jpg,0.0,815,92,0,0,189,False,0,0,[],Jackson,0.1,529,75,False,None,0,0,u,0,7,8,2023-07-01,0.0,815,92,0,4962,0,15338,3,0.0,0.0,N.Jackson,0
1,2006-01-04,0,19,True,True,100,100,0,0.0,4,499309,None,,0,0,-4,4,38.8,355,44,7,2.55,None,,0,4,0.5,-0.5,0,0.29,0.11,1.75,0.64,1.46,5.65,2.06,0.53,Marc,0.0,520,50,2,0.73,0,False,12.6,400,47,252,False,24.6,439,52,,247,,2025-09-24T11:30:08.351112Z,41,656,92,p499309,0,0,None,0,,499309.jpg,1.3,425,52,3,0,200,False,0,0.0,[],Guiu Paz,5.8,63,12,False,None,1,0.36,a,0,7,8,2024-07-01,81.0,265,47,12,1206181,5703,2699392,9326,0.0,2.9,Marc Guiu,1
3,2004-07-01,2,154,True,True,None,None,4,0.4,7,493105,None,,0,0,-1,1,247.4,122,84,49,4.94,None,,1,3,1.1,0.1,1,2.57,0.26,5.06,0.51,2.49,16.16,1.63,0.25,Alejandro,0.6,320,148,12,1.21,1,False,65.2,185,95,453,False,141.0,309,140,,893,,None,64,60,39,p493105,0,0,None,0,,493105.jpg,2.5,280,121,34,0,10,False,0,0.0,[],Garnacho Ferreyra,0.5,266,93,False,None,12,1.21,a,8,7,8,2025-08-30,273.0,88,55,43,235842,393,227965,827,0.1,6.7,Garnacho,1
0,2006-03-07,0,22,True,True,100,100,0,0.0,29,551210,None,,0,0,-4,4,66.4,308,103,45,9.0,None,,0,2,0.7,-0.3,0,0.41,0.08,0.67,0.13,0.26,8.16,1.63,0.05,Jorrel,0.2,368,134,12,2.4,0,False,17.1,380,135,672,False,84.2,370,141,,450,,2025-12-29T19:00:09.929576Z,46,403,70,p551210,0,0,None,0,,551210.jpg,0.6,513,177,18,0,152,False,0,0.0,[],Hato,0.2,390,147,False,None,4,0.8,a,16,7,8,2025-08-03,20.0,381,133,8,16659,249,39784,190,0.0,1.7,Hato,4
0,2008-01-18,0,0,True,True,None,None,0,0,0,611912,None,,0,0,0,0,0.0,737,312,0,0,None,,0,3,0.5,-0.5,0,0.00,0,0.00,0,0.00,0.00,0,0,Landon,0.0,673,268,0,0,0,False,0.0,743,312,743,False,0.0,743,312,,0,,None,45,499,307,p611912,0,0,None,0,,611912.jpg,0.0,744,313,0,0,241,False,0,0,[],Emenalo,0.0,727,304,False,None,0,0,a,0,7,8,2025-04-01,0.0,724,308,0,1483,10,1328,23,0.0,0.0,Emenalo,0
0,2005-11-10,0,0,True,True,None,None,0,0,0,518335,None,,0,0,0,0,0.0,592,70,0,0,None,,0,1,0.5,-0.5,0,0.00,0,0.00,0,0.00,0.00,0,0,Max,0.0,489,74,0,0,0,False,0.0,602,82,789,False,0.0,600,82,,0,,None,40,706,63,p518335,0,0,None,0,,518335.jpg,0.0,610,82,0,0,241,False,0,0,[],Merrick,0.0,766,87,False,None,0,0,a,0,7,8,2024-11-07,0.0,563,57,0,379,14,274,14,0.0,0.0,Merrick,0
0,2003-03-30,0,0,True,True,None,None,0,0,0,499857,None,,0,0,0,0,0.0,587,66,0,0,None,,0,1,0.5,-0.5,0,0.00,0,0.00,0,0.00,0.00,0,0,Teddy,0.0,484,70,0,0,0,False,0.0,597,78,803,False,0.0,595,78,,0,,None,40,699,59,p499857,0,0,None,0,,499857.jpg,0.0,605,78,0,0,241,False,0,0,[],Sharman-Lowe,0.0,793,90,False,None,0,0,a,0,7,8,2021-10-25,0.0,558,53,0,137,5,89,11,0.0,0.0,Sharman-Lowe,0
0,1997-03-12,7,465,True,True,None,None,10,0.36,40,172649,None,,0,0,0,0,10.0,426,11,0,0.0,None,,2,1,6.0,5.5,3,0.10,0.0,0.10,0.0,0.00,37.46,1.34,0.0,Dean,6.0,12,1,34,1.21,0,False,67.4,173,4,253,False,664.6,15,5,,2520,,None,50,246,8,p172649,0,0,None,1,,172649.jpg,4.0,59,1,230,0,241,False,83,2.96,"[{'property': 'blank_gw', 'notes': 'This player currently has no Premier League fixture in Gameweek 31.', 'gameweek': 31, 'url': None}]",Henderson,7.6,53,8,False,None,28,1.0,a,0,8,31,2023-08-31,0.0,774,89,112,960296,21732,909323,6104,1.2,22.4,Henderson,3
0,1993-01-19,0,0,True,True,100,100,0,0,0,121709,None,,0,0,0,0,0.0,559,52,0,0,None,,0,1,0.0,-0.5,0,0.00,0,0.00,0,0.00,0.00,0,0,Walter,0.0,453,56,0,0,0,False,0.0,570,65,254,False,0.0,568,65,,0,,2025-09-19T14:49:12.216385Z,40,666,45,p121709,0,0,None,0,,121709.jpg,0.0,578,65,0,0,10,False,0,0,"[{'property': 'blank_gw', 'notes': 'This player currently has no Premier League fixture in Gameweek 31.', 'gameweek': 31, 'url': None}]",Benítez,0.3,314,43,False,None,0,0,a,0,8,31,2025-07-01,0.0,529,39,0,14963,157,30673,166,0.0,0.0,Benitez,0
0,1994-02-10,0,0,True,True,None,None,0,0,0,169593,None,,0,0,-1,1,0.0,525,29,0,0,None,,0,1,0.0,-0.5,0,0.00,0,0.00,0,0.00,0.00,0,0,Remi,0.0,421,36,0,0,0,False,0.0,539,45,255,False,0.0,537,45,,0,,None,39,749,76,p169593,0,0,None,0,,169593.jpg,0.0,547,45,0,0,241,False,0,0,"[{'property': 'blank_gw', 'notes': 'This player currently has no Premier League fixture in Gameweek 31.', 'gameweek': 31, 'url': None}]",Matthews,0.1,471,71,False,None,0,0,a,0,8,31,2021-07-13,0.0,494,16,0,6000,60,8544,49,0.0,0.0,Matthews,0
3,1996-05-26,8,383,True,True,100,100,9,0.46,92,247348,None,,0,0,4,-4,302.2,90,21,140,7.13,None,,2,2,3.6,3.1,1,3.33,0.17,5.27,0.27,1.94,24.43,1.25,0.1,Daniel,3.6,88,29,20,1.02,3,False,101.7,78,16,256,False,436.4,86,37,,1766,,2025-12-08T08:00:09.019509Z,59,97,6,p247348,0,0,None,0,,247348.jpg,5.4,8,2,81,0,48,False,0,0.0,"[{'property': 'blank_gw', 'notes': 'This player currently has no Premier League fixture in Gameweek 31.', 'gameweek': 31, 'url': None}]",Muñoz Mejía,8.3,43,15,False,None,20,1.02,a,48,8,31,2024-01-30,280.0,86,7,108,3650898,14612,3735268,13417,0.6,18.3,Muñoz,5
2,2000-04-06,7,412,True,True,0,100,9,0.34,231,437499,None,,0,0,1,-1,79.5,296,95,280,10.52,None,,2,2,0.0,3.3,3,0.73,0.03,2.60,0.1,1.87,34.22,1.29,0.07,Maxence,3.8,80,26,34,1.28,1,False,92.4,93,24,257,False,627.2,25,11,,2395,Suspended until 15 Mar,2026-03-01T22:00:07.541043Z,51,232,32,p437499,0,0,None,0,,437499.jpg,4.4,36,14,76,1,73,False,0,0.0,"[{'property': 'blank_gw', 'notes': 'This player currently has no Premier League fixture in Gameweek 31.', 'gameweek': 31, 'url': None}]",Lacroix,4.8,73,23,False,None,27,1.01,s,49,8,31,2024-08-30,217.0,112,17,119,1582832,8595,1194445,28836,0.7,23.3,Lacroix,3
1,1999-09-01,7,378,True,True,None,None,10,0.36,111,244723,None,,0,0,0,0,362.6,64,13,185,6.69,None,,2,2,4.2,3.7,1,1.61,0.06,2.67,0.1,1.06,37.46,1.36,0.04,Tyrick,4.2,53,16,34,1.23,1,False,103.8,73,14,258,False,487.6,70,31,,2488,,None,50,256,39,p244723,0,0,None,0,,244723.jpg,3.8,85,31,135,0,241,False,0,0.0,"[{'property': 'blank_gw', 'notes': 'This player currently has no Premier League fixture in Gameweek 31.', 'gameweek': 31, 'url': None}]",Mitchell,2.1,133,51,False,None,28,1.01,a,74,8,31,2019-12-15,187.0,144,28,106,450672,5644,372140,3099,0.8,21.2,Mitchell,5
0,1998-01-21,0,10,True,True,100,100,0,0.0,4,218364,None,,0,0,-2,2,12.2,410,150,7,11.89,None,,0,2,0.0,-0.5,0,0.06,0.1,0.06,0.1,0.00,0.83,1.41,0.0,Borna,0.0,702,249,1,1.7,0,False,2.7,462,167,259,False,11.0,454,166,,53,,2026-01-30T16:30:09.307389Z,48,360,60,p218364,0,0,None,0,,218364.jpg,1.0,487,173,1,0,97,False,0,0.0,"[{'property': 'blank_gw', 'notes': 'This player currently has no Premier League fixture in Gameweek 31.', 'gameweek': 31, 'url': None}]",Sosa,0.1,441,164,False,None,0,0.0,a,3,8,31,2025-07-11,4.0,434,161,5,10734,163,18114,126,0.0,1.0,Sosa,0
0,2000-03-28,3,367,True,True,100,100,9,0.38,192,427623,None,,0,0,-1,1,113.4,235,64,240,10.04,None,,0,2,3.2,2.7,1,1.28,0.05,2.37,0.1,1.09,30.89,1.29,0.05,Chris,3.2,101,34,30,1.25,1,False,81.2,124,38,261,False,565.4,45,19,,2152,,2025-12-24T02:30:10.869906Z,44,537,116,p427623,0,0,None,0,,427623.jpg,4.2,46,20,48,0,229,False,0,0.0,"[{'property': 'blank_gw', 'notes': 'This player currently has no Premier League fixture in Gameweek 31.', 'gameweek': 31, 'url': None}]",Richards,2.6,115,46,False,None,24,1.0,a,48,8,31,2022-07-27,131.0,208,51,100,929576,4091,784357,4994,0.7,22.7,Richards,3
1,2003-06-17,0,43,True,True,100,100,1,0.41,10,515621,None,,0,0,0,0,18.7,395,144,11,4.46,None,,0,2,1.6,1.1,1,0.03,0.01,0.14,0.05,0.11,2.75,1.11,0.04,Chadi,1.6,211,77,2,0.81,0,False,7.6,430,154,262,False,45.8,410,154,,222,,2025-12-10T22:30:09.761507Z,40,704,184,p515621,0,0,None,0,,515621.jpg,2.4,282,109,10,0,145,False,0,0.0,"[{'property': 'blank_gw', 'notes': 'This player currently has no Premier League fixture in Gameweek 31.', 'gameweek': 31, 'url': None}]",Riad Dnanou,0.0,608,215,False,None,2,0.81,a,1,8,31,2024-07-02,12.0,394,142,12,5033,208,3202,103,0.4,3.0,Chadi Riad,2
1,1991-04-05,2,50,True,True,100,100,0,0.0,22,57328,None,,0,0,-2,2,46.3,347,119,34,7.32,None,,0,2,0.0,-0.5,0,0.56,0.12,0.99,0.21,0.43,5.77,1.24,0.09,Nathaniel,0.0,387,139,8,1.72,0,False,15.1,386,138,263,False,74.4,385,147,,418,,2026-01-04T21:30:12.231108Z,38,784,233,p57328,0,0,None,0,,57328.jpg,2.0,324,119,15,0,241,False,0,0.0,"[{'property': 'blank_gw', 'notes': 'This player currently has no Premier League fixture in Gameweek 31.', 'gameweek': 31, 'url': None}]",Clyne,0.6,246,93,False,None,6,1.29,a,12,8,31,2020-10-14,31.0,353,117,14,89969,266,101256,692,0.0,3.7,Clyne,0
0,1995-09-20,0,0,False,True,0,0,0,0,0,156074,None,,0,0,0,0,0.0,560,211,0,0,None,,0,2,0.0,0.0,0,0.00,0,0.00,0,0.00,0.00,0,0,Rob,0.0,454,174,0,0,0,False,0.0,571,211,264,False,0.0,569,211,,0,Has joined Colorado Rapids permanently.,2025-08-11T01:12:01.613357Z,40,667,163,p156074,0,0,None,0,,156074.jpg,0.0,579,211,0,0,241,False,0,0,"[{'property': 'blank_gw', 'notes': 'This player currently has no Premier League fixture in Gameweek 31.', 'gameweek': 31, 'url': None}]",Holding,0.0,697,243,False,None,0,0,u,0,8,31,2023-09-01,0.0,530,206,0,0,0,3906,2,0.0,0.0,Holding,0
0,2006-07-15,0,0,True,True,100,100,0,0,0,590012,None,,0,0,0,0,0.0,606,237,0,0,None,,0,2,0.0,-0.5,0,0.00,0,0.00,0,0.00,0.00,0,0,Caleb,0.0,505,205,0,0,0,False,0.0,616,237,265,False,0.0,614,237,,0,,2026-02-19T15:30:07.798673Z,40,722,198,p590012,0,0,None,0,,590012.jpg,0.0,624,237,0,0,241,False,0,0,"[{'property': 'blank_gw', 'notes': 'This player currently has no Premier League fixture in Gameweek 31.', 'gameweek': 31, 'url': None}]",Kporha,0.0,715,249,False,None,0,0,a,0,8,31,2024-07-30,0.0,578,234,0,762,34,2294,24,0.0,0.0,Kporha,0
1,1998-02-25,6,240,True,True,100,100,8,0.47,33,232185,None,,-1,1,-2,2,197.0,164,114,106,6.17,None,,1,3,4.2,3.7,2,0.68,0.04,7.49,0.44,6.82,22.07,1.28,0.4,Ismaïla,4.2,61,29,18,1.05,5,False,85.2,118,67,267,False,301.2,186,75,Ismaïla Sarr,1546,,2025-11-30T22:30:09.281464Z,63,68,46,p232185,0,0,3,0,,232185.jpg,4.2,52,25,57,0,189,False,0,0.0,"[{'property': 'blank_gw', 'notes': 'This player currently has no Premier League fixture in Gameweek 31.', 'gameweek': 31, 'url': None}]",Sarr,3.5,94,30,False,None,18,1.05,a,16,8,31,2024-08-01,352.0,56,34,75,2537240,5417,2709800,15760,0.7,11.9,Sarr,2
0,2000-01-08,0,0,True,True,0,0,0,0,0,438464,None,,0,0,-1,1,0.0,769,334,0,0,None,,0,3,0.0,0.0,0,0.00,0,0.00,0,0.00,0.00,0,0,Cheick,0.0,728,307,0,0,0,False,0.0,773,334,268,False,0.0,773,334,,0,Knee injury - Unknown return date,2025-07-21T10:00:04.882113Z,49,328,203,p438464,0,0,None,0,,438464.jpg,0.0,774,335,0,0,132,False,0,0,"[{'property': 'blank_gw', 'notes': 'This player currently has no Premier League fixture in Gameweek 31.', 'gameweek': 31, 'url': None}]",Doucouré,0.0,794,349,False,None,0,0,i,0,8,31,2022-07-11,0.0,764,332,0,423,4,646,3,0.0,0.0,Doucouré,0
0,2005-05-13,0,12,False,True,0,0,0,0.0,0,606921,None,,0,0,-3,3,2.7,450,216,5,11.25,None,,0,3,0.0,0.0,0,0.04,0.09,0.04,0.09,0.00,1.74,3.92,0.0,Romain,0.0,697,285,0,0.0,0,False,1.5,473,217,269,False,6.8,467,211,,40,has joined Coventry City on loan for the rest of the season.,2026-01-08T10:36:37.803156Z,47,395,247,p606921,0,0,None,0,,606921.jpg,1.0,485,222,2,0,241,False,0,0.0,"[{'property': 'blank_gw', 'notes': 'This player currently has no Premier League fixture in Gameweek 31.', 'gameweek': 31, 'url': None}]",Esse,0.1,451,155,False,None,0,0.0,u,3,8,31,2025-01-18,6.0,424,205,4,11622,0,28669,54,0.0,0.9,Esse,0
1,1995-04-17,0,182,True,True,100,100,5,0.37,43,108413,1,,0,0,-3,3,285.2,97,71,119,8.76,None,,0,3,1.2,0.7,1,1.66,0.12,2.77,0.2,1.11,18.86,1.39,0.08,Will,1.2,247,110,13,0.96,0,False,53.2,229,113,270,False,159.8,295,132,,1222,,2026-01-01T21:30:11.748759Z,47,377,236,p108413,0,0,None,0,,108413.jpg,1.5,407,179,53,0,241,False,0,0.0,"[{'property': 'blank_gw', 'notes': 'This player currently has no Premier League fixture in Gameweek 31.', 'gameweek': 31, 'url': None}]",Hughes,0.1,467,160,False,None,14,1.03,a,23,8,31,2021-08-28,86.0,258,141,38,21126,95,24353,231,0.3,8.1,Hughes,6
2,1996-08-05,0,236,True,True,100,100,6,0.39,29,209400,None,,0,0,0,0,234.6,131,91,153,9.99,None,,0,3,1.0,0.5,1,2.04,0.13,3.46,0.22,1.42,16.67,1.09,0.09,Daichi,1.0,268,120,16,1.04,0,False,53.7,227,112,271,False,168.8,285,124,,1379,,2025-12-15T01:30:08.425663Z,50,250,151,p209400,0,0,None,0,,209400.jpg,2.8,221,89,80,0,108,False,0,0.0,"[{'property': 'blank_gw', 'notes': 'This player currently has no Premier League fixture in Gameweek 31.', 'gameweek': 31, 'url': None}]",Kamada,0.1,524,190,False,None,16,1.04,a,44,8,31,2024-07-01,132.0,207,115,50,43702,71,42826,68,0.2,10.0,Kamada,2
4,1994-10-25,3,205,True,True,0,0,5,0.39,64,152551,None,,0,0,-1,1,152.9,194,128,147,11.44,None,,0,3,0.0,0.0,0,0.91,0.07,1.92,0.15,1.01,14.61,1.14,0.08,Jefferson,3.0,117,52,15,1.17,0,False,54.3,224,111,272,False,215.6,250,106,,1156,Hamstring injury - Expected back 14 Mar,2026-02-19T02:00:07.824298Z,49,291,181,p152551,1,0,None,0,,152551.jpg,2.2,305,134,65,0,48,False,0,0.0,"[{'property': 'blank_gw', 'notes': 'This player currently has no Premier League fixture in Gameweek 31.', 'gameweek': 31, 'url': None}]",Lerma Solís,0.1,539,197,False,None,12,0.93,i,18,8,31,2023-07-01,174.0,152,86,51,11943,3,14148,303,0.6,10.4,Lerma,6
4,2004-02-06,4,372,True,True,100,100,8,0.35,56,496221,3,,0,0,0,0,506.0,29,27,240,10.51,None,,0,3,2.8,2.3,2,5.32,0.23,6.44,0.28,1.13,32.00,1.4,0.05,Adam,2.8,132,60,32,1.4,0,False,96.2,89,53,273,False,330.0,160,58,,2055,,2026-01-26T04:00:07.822852Z,50,270,165,p496221,0,0,None,0,,496221.jpg,3.2,156,68,127,1,241,False,0,0.0,"[{'property': 'blank_gw', 'notes': 'This player currently has no Premier League fixture in Gameweek 31.', 'gameweek': 31, 'url': None}]",Wharton,0.6,232,81,False,None,25,1.09,a,57,8,31,2024-02-01,124.0,218,121,80,165911,750,169599,1569,0.6,16.0,Wharton,4
0,2005-09-28,0,0,True,True,None,None,0,0,0,579075,None,,0,0,-2,2,0.0,644,247,0,0,None,,0,3,0.0,-0.5,0,0.00,0,0.00,0,0.00,0.00,0,0,Asher,0.0,561,191,0,0,0,False,0.0,650,244,274,False,0.0,648,242,,0,,None,43,613,358,p579075,0,0,None,0,,579075.jpg,0.0,658,252,0,0,241,False,0,0,"[{'property': 'blank_gw', 'notes': 'This player currently has no Premier League fixture in Gameweek 31.', 'gameweek': 31, 'url': None}]",Agbinone,0.1,476,165,False,None,0,0,a,0,8,31,2024-07-30,0.0,621,236,0,13495,617,9789,380,0.0,0.0,Agbinone,0
0,2002-03-29,0,0,False,True,0,0,0,0,0,466117,None,,0,0,-2,2,0.0,631,237,0,0,None,,0,3,0.0,0.0,0,0.00,0,0.00,0,0.00,0.00,0,0,Naouirou,0.0,543,178,0,0,0,False,0.0,638,234,275,False,0.0,636,232,,0,has joined AJ Auxerre permanently.,2026-01-07T20:34:29.281491Z,43,590,345,p466117,0,0,None,0,,466117.jpg,0.0,646,242,0,0,73,False,0,0,"[{'property': 'blank_gw', 'notes': 'This player currently has no Premier League fixture in Gameweek 31.', 'gameweek': 31, 'url': None}]",Ahamada,0.0,620,241,False,None,0,0,u,0,8,31,2023-01-31,0.0,607,225,0,5497,0,7666,26,0.0,0.0,Ahamada,0
0,2003-10-11,0,81,True,True,100,100,1,0.15,8,489706,None,,0,0,-2,2,94.5,265,161,48,7.28,2,,0,3,0.0,-0.5,0,0.36,0.05,2.74,0.41,2.38,10.05,1.53,0.36,Justin,0.0,545,180,10,1.52,1,False,34.5,313,152,276,False,86.6,368,162,,593,,2026-01-30T16:30:09.359129Z,43,594,347,p489706,0,0,4,0,,489706.jpg,1.6,386,167,24,0,242,False,0,0.0,"[{'property': 'blank_gw', 'notes': 'This player currently has no Premier League fixture in Gameweek 31.', 'gameweek': 31, 'url': None}]",Devenny,1.3,169,59,False,None,5,0.76,a,16,8,31,2024-03-13,164.0,161,90,29,284453,1990,325884,2714,0.0,6.7,Devenny,0
0,2003-09-04,0,0,False,True,0,0,0,0,0,450535,None,,0,0,0,0,0.0,692,275,0,0,None,,0,3,0.0,0.0,0,0.00,0,0.00,0,0.00,0.00,0,0,Malcolm,0.0,622,225,0,0,0,False,0.0,698,274,277,False,0.0,696,272,,0,Has joined Blackpool permanently.,2025-08-11T01:12:01.633662Z,45,433,259,p450535,0,0,None,0,,450535.jpg,0.0,702,278,0,0,241,False,0,0,"[{'property': 'blank_gw', 'notes': 'This player currently has no Premier League fixture in Gameweek 31.', 'gameweek': 31, 'url': None}]",Ebiowei,0.0,798,352,False,None,0,0,u,0,8,31,2022-07-01,0.0,675,268,0,0,0,748,0,0.0,0.0,Ebiowei,0
0,2002-10-05,0,0,False,True,0,0,0,0,0,450542,None,,0,0,-1,1,0.0,659,255,0,0,None,,0,3,0.0,0.0,0,0.00,0,0.00,0,0.00,0.00,0,0,Jesurun,0.0,582,200,0,0,0,False,0.0,665,252,278,False,0.0,663,250,,0,has joined Stoke City on loan for the rest of the season.,2026-02-02T23:17:59.310313Z,44,543,323,p450542,0,0,None,0,,450542.jpg,0.0,672,259,0,0,241,False,0,0,"[{'property': 'blank_gw', 'notes': 'This player currently has no Premier League fixture in Gameweek 31.', 'gameweek': 31, 'url': None}]",Rak-Sakyi,0.0,647,258,False,None,0,0,u,0,8,31,2021-04-09,0.0,637,244,0,4359,0,9503,12,0.0,0.0,J.Rak-Sakyi,0
0,2004-04-01,0,0,False,True,0,0,0,0,0,536694,None,,0,0,0,0,0.0,711,292,0,0,None,,0,3,0.0,0.0,0,0.00,0,0.00,0,0.00,0.00,0,0,Matheus,0.0,642,243,0,0,0,False,0.0,716,291,279,False,0.0,715,290,,0,Has joined CR Vasco da Gama on loan for the rest of the season.,2025-08-10T22:30:04.849181Z,45,463,280,p536694,0,0,None,0,,536694.jpg,0.0,720,295,0,0,30,False,0,0,"[{'property': 'blank_gw', 'notes': 'This player currently has no Premier League fixture in Gameweek 31.', 'gameweek': 31, 'url': None}]",França de Oliveira,0.0,764,327,False,None,0,0,u,0,8,31,2023-08-05,0.0,695,285,0,95,0,1646,0,0.0,0.0,M.França,0
0,2005-05-06,0,0,False,True,0,0,0,0,0,531989,None,,0,0,0,0,0.0,708,289,0,0,None,,0,3,0.0,0.0,0,0.00,0,0.00,0,0.00,0.00,0,0,David,0.0,639,240,0,0,0,False,0.0,713,288,280,False,0.0,712,287,,0,Has joined Derby County on loan for the rest of the season.,2025-07-30T14:07:45.618291Z,45,458,275,p531989,0,0,None,0,,531989.jpg,0.0,717,292,0,0,241,False,0,0,"[{'property': 'blank_gw', 'notes': 'This player currently has no Premier League fixture in Gameweek 31.', 'gameweek': 31, 'url': None}]",Ozoh,0.0,811,361,False,None,0,0,u,0,8,31,2022-07-11,0.0,692,282,0,0,0,191,0,0.0,0.0,Ozoh,0
0,2004-10-07,0,2,True,True,None,None,0,0.0,0,530318,None,,0,0,-1,1,0.1,486,236,0,0.0,None,,0,3,0.0,-0.5,0,0.00,0.0,0.00,0.0,0.00,0.65,19.5,0.0,Kaden,0.0,588,206,0,0.0,0,False,0.0,671,258,281,False,0.0,669,256,,3,,None,44,554,331,p530318,0,0,None,0,,530318.jpg,1.0,468,207,0,0,241,False,0,0.0,"[{'property': 'blank_gw', 'notes': 'This player currently has no Premier League fixture in Gameweek 31.', 'gameweek': 31, 'url': None}]",Rodney,0.0,582,217,False,None,0,0.0,a,0,8,31,2022-07-08,0.0,644,251,1,5699,59,6816,68,0.0,0.2,Rodney,0
0,2005-01-26,0,0,False,True,0,0,0,0,0,574398,None,,0,0,0,0,0.0,721,300,0,0,None,,0,3,0.0,0.0,0,0.00,0,0.00,0,0.00,0.00,0,0,Franco,0.0,654,253,0,0,0,False,0.0,727,300,282,False,0.0,726,299,,0,has joined Portsmouth permanently.,2025-09-22T21:43:58.439788Z,45,476,290,p574398,0,0,None,0,,574398.jpg,0.0,729,302,0,0,104,False,0,0,"[{'property': 'blank_gw', 'notes': 'This player currently has no Premier League fixture in Gameweek 31.', 'gameweek': 31, 'url': None}]",Umeh-Chibueze,0.0,701,290,False,None,0,0,u,0,8,31,2024-02-18,0.0,707,295,0,860,0,3054,2,0.0,0.0,Umeh,0
0,1997-06-28,9,281,True,True,0,0,8,0.38,51,231747,None,,0,0,0,0,119.7,227,24,110,5.2,None,,2,4,0.0,0.0,0,1.26,0.06,13.14,0.62,11.88,26.67,1.26,0.56,Jean-Philippe,0.0,814,91,23,1.09,8,False,119.4,44,10,283,False,411.8,105,9,,1904,Knee injury - Expected back 14 Mar,2026-02-06T15:30:09.426010Z,75,23,8,p231747,0,0,2,0,,231747.jpg,3.7,103,8,51,0,73,False,0,0.0,"[{'property': 'blank_gw', 'notes': 'This player currently has no Premier League fixture in Gameweek 31.', 'gameweek': 31, 'url': None}]",Mateta,6.7,57,11,False,None,23,1.09,i,8,8,31,2022-01-31,664.0,12,8,84,4729833,51,5118146,10267,0.0,11.2,Mateta,2
0,1999-05-30,3,100,True,True,0,0,0,0.0,13,205533,None,,0,0,-1,1,84.6,283,29,38,8.26,None,,0,4,0.0,0.0,0,0.46,0.1,2.23,0.48,1.77,9.49,2.06,0.38,Eddie,0.0,778,83,12,2.61,2,False,37.8,298,34,284,False,120.0,328,31,,414,Hamstring injury - Expected back 11 Apr,2026-01-01T21:00:11.323499Z,54,165,42,p205533,0,0,None,0,,205533.jpg,1.9,353,42,17,0,241,False,0,0.0,"[{'property': 'blank_gw', 'notes': 'This player currently has no Premier League fixture in Gameweek 31.', 'gameweek': 31, 'url': None}]",Nketiah,0.3,318,53,False,None,2,0.43,i,8,8,31,2024-08-30,173.0,154,37,23,124355,25,145101,320,0.0,4.3,Nketiah,2
0,1998-01-16,0,6,False,True,0,0,0,0.0,0,199670,None,,0,0,0,0,0.0,778,87,1,45.0,None,,0,4,0.0,0.0,0,0.00,0.0,0.00,0.0,0.00,0.27,12.15,0.0,Odsonne,0.0,741,80,0,0.0,0,False,0.2,503,62,285,False,2.0,488,57,,2,has joined RC Lens permanently.,2025-08-28T17:00:07.862344Z,50,248,54,p199670,0,0,None,0,,199670.jpg,1.0,493,60,0,0,73,False,0,0.0,"[{'property': 'blank_gw', 'notes': 'This player currently has no Premier League fixture in Gameweek 31.', 'gameweek': 31, 'url': None}]",Édouard,0.2,368,58,False,None,0,0.0,u,1,8,31,2021-08-31,0.0,775,87,1,9044,0,89416,24,0.0,0.2,Édouard,0
0,2005-10-06,0,0,True,True,None,None,0,0,0,576980,None,,0,0,-1,1,0.0,671,72,0,0,None,,0,4,0.0,-0.5,0,0.00,0,0.00,0,0.00,0.00,0,0,Zach,0.0,596,63,0,0,0,False,0.0,678,73,286,False,0.0,676,73,,0,,None,44,562,81,p576980,0,0,None,0,,576980.jpg,0.0,683,73,0,0,241,False,0,0,"[{'property': 'blank_gw', 'notes': 'This player currently has no Premier League fixture in Gameweek 31.', 'gameweek': 31, 'url': None}]",Marsh,0.3,307,51,False,None,0,0,a,0,8,31,2023-07-18,0.0,651,72,0,50463,195,57414,449,0.0,0.0,Marsh,0
1,2001-05-23,2,171,True,True,None,None,4,0.32,23,242898,4,,0,0,-5,5,192.5,169,116,73,5.86,None,,0,3,1.8,1.3,4,0.81,0.06,2.58,0.2,1.77,18.56,1.49,0.14,Brennan,1.8,209,91,13,1.04,2,False,56.3,218,108,580,False,184.6,269,114,,1122,,None,65,50,32,p242898,0,0,None,0,,242898.jpg,2.0,340,149,32,0,244,False,0,0.0,"[{'property': 'blank_gw', 'notes': 'This player currently has no Premier League fixture in Gameweek 31.', 'gameweek': 31, 'url': None}]",Johnson,2.4,126,41,False,None,12,0.96,a,18,8,31,2026-01-02,189.0,140,81,50,1142341,877,1315532,1334,0.3,7.7,Johnson,4
1,2000-02-06,3,152,True,True,100,100,5,0.26,38,247412,None,,0,0,-3,3,150.0,198,18,70,3.65,None,,1,4,4.2,3.7,1,0.55,0.03,4.54,0.24,3.99,26.26,1.37,0.21,Jørgen,4.2,59,9,30,1.56,3,False,70.3,158,20,654,False,204.2,257,24,,1726,,2025-10-03T14:00:09.236895Z,62,73,23,p247412,0,1,None,0,,247412.jpg,2.2,313,34,26,0,161,False,0,0.0,"[{'property': 'blank_gw', 'notes': 'This player currently has no Premier League fixture in Gameweek 31.', 'gameweek': 31, 'url': None}]",Strand Larsen,2.2,132,22,False,None,18,0.94,a,6,8,31,2026-02-02,361.0,55,22,56,437681,4654,693943,18407,0.7,9.0,Strand Larsen,3
3,2001-07-01,0,127,True,True,100,100,1,0.12,12,485337,None,,0,0,-3,3,70.2,304,172,73,9.07,None,,0,3,2.4,1.9,1,0.69,0.09,2.21,0.28,1.52,10.34,1.29,0.19,Evann,2.4,159,71,14,1.74,1,False,38.8,293,146,677,False,154.6,299,135,,724,,2025-12-20T09:30:09.741346Z,62,76,50,p485337,0,0,None,0,,485337.jpg,2.2,314,140,37,0,54,False,0,0.0,"[{'property': 'blank_gw', 'notes': 'This player currently has no Premier League fixture in Gameweek 31.', 'gameweek': 31, 'url': None}]",Guessand,0.1,578,215,False,None,7,0.87,a,24,8,31,2026-01-30,167.0,158,88,37,9786,415,13009,177,0.4,6.0,Guessand,0
0,2006-07-01,0,0,True,True,100,100,0,0,0,590014,None,,0,0,-1,1,0.0,674,265,0,0,None,,0,3,0.0,-0.5,0,0.00,0,0.00,0,0.00,0.00,0,0,Rio,0.0,599,212,0,0,0,False,0.0,681,263,690,False,0.0,679,261,,0,,2026-02-19T15:30:08.207988Z,44,566,338,p590014,0,0,None,0,,590014.jpg,0.0,686,268,0,0,217,False,0,0,"[{'property': 'blank_gw', 'notes': 'This player currently has no Premier League fixture in Gameweek 31.', 'gameweek': 31, 'url': None}]",Cardines,0.3,337,115,False,None,0,0,a,0,8,31,2025-07-24,0.0,654,256,0,58069,30,55444,64,0.0,0.0,Cardines,0
1,2002-10-20,3,265,True,True,100,100,7,0.37,24,488024,2,,0,0,-2,2,573.4,17,17,135,7.12,1,,1,3,1.4,0.9,1,4.78,0.25,8.72,0.46,3.94,23.97,1.26,0.21,Yéremy,1.4,239,106,20,1.06,2,False,116.0,51,35,712,False,271.0,205,85,,1706,,2025-09-20T23:30:07.351615Z,58,109,70,p488024,0,0,None,0,,488024.jpg,2.5,278,119,81,0,200,False,0,0.0,"[{'property': 'blank_gw', 'notes': 'This player currently has no Premier League fixture in Gameweek 31.', 'gameweek': 31, 'url': None}]",Pino Santos,0.2,376,124,False,None,21,1.11,a,30,8,31,2025-08-29,318.0,70,41,65,128419,187,109547,1043,0.2,11.2,Yeremy,4
0,2006-07-29,4,102,True,True,100,100,3,0.51,52,651426,None,,0,0,0,0,11.1,415,151,73,12.35,None,,1,2,1.6,1.1,3,0.17,0.03,0.78,0.13,0.61,11.33,1.92,0.1,Jaydee,1.6,216,81,8,1.35,0,False,17.8,376,133,723,False,146.8,305,116,,532,,2025-12-10T22:00:10.518689Z,45,510,97,p651426,0,0,None,0,,651426.jpg,3.2,152,56,22,0,73,False,0,0.0,"[{'property': 'blank_gw', 'notes': 'This player currently has no Premier League fixture in Gameweek 31.', 'gameweek': 31, 'url': None}]",Canvot,0.0,644,227,False,None,5,0.85,a,21,8,31,2025-09-01,21.0,377,132,35,4918,94,3861,47,0.4,7.8,Canvot,2
1,2003-05-19,0,38,True,True,None,None,0,0.0,2,660392,None,,0,0,0,0,6.5,435,57,12,7.2,None,,0,4,0.4,-0.1,0,0.01,0.01,0.40,0.24,0.39,4.41,2.65,0.23,Christantus,0.4,347,46,4,2.4,0,False,8.0,428,54,732,False,10.8,455,54,,150,,None,55,154,39,p660392,0,0,None,0,,660392.jpg,1.2,440,54,9,0,157,False,0,0.0,"[{'property': 'blank_gw', 'notes': 'This player currently has no Premier League fixture in Gameweek 31.', 'gameweek': 31, 'url': None}]",Uche,0.1,576,79,False,None,0,0.0,a,1,8,31,2025-09-01,68.0,289,50,16,14186,156,10602,179,0.1,2.9,Uche,0
0,2009-06-09,0,6,True,True,None,None,0,0.0,0,672492,None,,0,0,0,0,1.0,467,225,3,38.57,None,,0,3,0.0,-0.5,0,0.00,0.0,0.00,0.0,0.00,0.73,9.39,0.0,Joél,0.0,685,276,1,12.86,0,False,0.3,498,230,762,False,1.4,492,227,,7,,None,45,513,316,p672492,0,0,None,0,,672492.jpg,1.0,484,221,2,0,241,False,0,0.0,"[{'property': 'blank_gw', 'notes': 'This player currently has no Premier League fixture in Gameweek 31.', 'gameweek': 31, 'url': None}]",Drakes-Thomas,0.0,776,336,False,None,0,0.0,a,1,8,31,2025-12-10,0.0,735,316,2,651,8,373,15,0.0,0.4,Drakes-Thomas,0
0,2008-05-31,0,0,True,True,None,None,0,0,0,643426,None,,0,0,0,0,0.0,614,245,0,0,None,,0,2,0.0,-0.5,0,0.00,0,0.00,0,0.00,0.00,0,0,Dean,0.0,513,213,0,0,0,False,0.0,624,245,773,False,0.0,622,245,,0,,None,40,735,211,p643426,0,0,None,0,,643426.jpg,0.0,632,245,0,0,241,False,0,0,"[{'property': 'blank_gw', 'notes': 'This player currently has no Premier League fixture in Gameweek 31.', 'gameweek': 31, 'url': None}]",Benamar,0.0,723,251,False,None,0,0,a,0,8,31,2025-07-31,0.0,587,243,0,650,28,477,27,0.0,0.0,Benamar,0
0,2008-02-04,0,0,True,True,None,None,0,0,0,631106,None,,0,0,0,0,0.0,744,82,0,0,None,,0,4,0.0,-0.5,0,0.00,0,0.00,0,0.00,0.00,0,0,Ben,0.0,680,73,0,0,0,False,0.0,750,83,780,False,0.0,750,83,,0,,None,45,507,74,p631106,0,0,None,0,,631106.jpg,0.0,751,83,0,0,241,False,0,0,"[{'property': 'blank_gw', 'notes': 'This player currently has no Premier League fixture in Gameweek 31.', 'gameweek': 31, 'url': None}]",Casey,0.0,664,84,False,None,0,0,a,0,8,31,2025-12-10,0.0,731,82,0,2887,76,1295,145,0.0,0.0,Casey,0
0,2007-03-20,0,0,True,True,None,None,0,0,0,591384,None,,0,0,0,0,0.0,607,238,0,0,None,,0,2,0.0,-0.5,0,0.00,0,0.00,0,0.00,0.00,0,0,George,0.0,506,206,0,0,0,False,0.0,617,238,793,False,0.0,615,238,,0,,None,40,723,199,p591384,0,0,None,0,,591384.jpg,0.0,625,238,0,0,241,False,0,0,"[{'property': 'blank_gw', 'notes': 'This player currently has no Premier League fixture in Gameweek 31.', 'gameweek': 31, 'url': None}]",King,0.0,710,245,False,None,0,0,a,0,8,31,2025-07-11,0.0,579,235,0,1149,56,507,56,0.0,0.0,King,0
0,2003-07-27,0,0,False,True,0,0,0,0,0,502988,None,,0,0,0,0,0.0,588,225,0,0,None,,0,2,0.0,0.0,0,0.00,0,0.00,0,0.00,0.00,0,0,Danny,0.0,485,191,0,0,0,False,0.0,598,225,798,False,0.0,596,225,,0,has joined West Brom on loan for the rest of the season.,2026-02-06T22:49:05.135509Z,40,700,182,p502988,0,0,None,0,,502988.jpg,0.0,606,225,0,0,241,False,0,0,"[{'property': 'blank_gw', 'notes': 'This player currently has no Premier League fixture in Gameweek 31.', 'gameweek': 31, 'url': None}]",Imray,0.0,801,264,False,None,0,0,u,0,8,31,2024-03-13,0.0,559,221,0,142,0,163,7,0.0,0.0,Imray,0
5,1998-09-06,13,399,True,True,100,100,6,0.31,33,215413,2,,0,0,0,0,424.6,41,38,151,7.82,None,,4,3,6.7,6.2,6,3.96,0.21,6.39,0.34,2.43,24.71,1.28,0.13,Kiernan,6.2,8,4,23,1.19,5,False,107.7,67,43,242,False,392.4,118,38,,1738,,2025-12-13T19:30:10.843882Z,50,251,152,p215413,0,0,None,0,,215413.jpg,4.9,15,8,84,0,241,False,0,0.0,[],Dewsbury-Hall,3.8,90,29,False,None,20,1.04,a,34,9,11,2025-08-06,260.0,93,58,103,1795871,48838,1860456,3518,1.2,20.6,Dewsbury-Hall,6
0,2006-02-04,0,11,True,True,None,None,1,0.37,1,550615,None,,0,0,-2,2,16.9,400,199,10,3.73,None,,0,3,1.3,0.8,0,0.13,0.05,0.59,0.22,0.46,2.34,0.87,0.17,Tyrique,0.8,291,133,3,1.12,0,False,10.5,413,188,243,False,14.6,451,202,,241,,None,48,374,235,p550615,0,0,None,0,,550615.jpg,1.1,441,198,7,0,241,False,0,0.0,"[{'property': 'loan_ineligible', 'notes': 'This player will not be available to face their parent club in Gameweek 31 as part of their loan conditions.', 'gameweek': 31, 'url': None}]",George,0.1,531,193,False,None,1,0.37,a,2,9,11,2026-02-02,77.0,275,149,8,8972,115,9946,197,0.2,1.7,George,2
0,1994-03-07,11,436,True,True,None,None,9,0.32,38,111234,None,,0,0,1,-1,0.2,481,13,0,0.0,None,,3,1,2.0,1.5,2,0.15,0.01,0.15,0.01,0.00,40.44,1.44,0.0,Jordan,1.5,232,17,33,1.18,0,False,66.8,176,5,287,False,665.8,14,4,,2520,,None,56,125,2,p111234,0,0,None,1,,111234.jpg,4.0,63,3,236,0,241,False,76,2.71,[],Pickford,13.1,26,4,False,None,28,1.0,a,2,9,11,2017-07-01,2.0,457,3,111,1565945,20953,1360330,12938,0.3,19.8,Pickford,2
0,1999-05-18,0,0,True,True,100,75,0,0,0,229600,None,,0,0,-2,2,0.0,630,80,0,0,None,,0,1,0.5,0.0,0,0.00,0,0.00,0,0.00,0.00,0,0,Mark,0.0,541,83,0,0,0,False,0.0,637,89,288,False,0.0,635,89,,0,,2026-02-24T10:30:07.705390Z,43,585,28,p229600,0,0,None,0,,229600.jpg,0.0,645,89,0,0,104,False,0,0,[],Travers,0.1,457,69,False,None,0,0,a,0,9,11,2025-07-15,0.0,606,69,0,4526,44,12000,71,0.0,0.0,Travers,0
0,2001-12-06,0,0,False,True,0,0,0,0,0,447325,None,,0,0,-1,1,0.0,531,33,0,0,None,,0,1,0.0,0.0,0,0.00,0,0.00,0,0.00,0.00,0,0,Harry,0.0,427,40,0,0,0,False,0.0,545,49,289,False,0.0,543,49,,0,has joined Cardiff City permanently.,2026-01-19T15:34:17.511601Z,39,759,80,p447325,0,0,None,0,,447325.jpg,0.0,553,49,0,0,241,False,0,0,[],Tyrer,0.1,491,73,False,None,0,0,u,0,9,11,2021-02-09,0.0,500,20,0,4633,0,9956,61,0.0,0.0,Tyrer,0
1,2002-06-27,0,56,True,True,100,100,0,0.0,30,480455,None,,0,0,-2,2,29.5,375,133,38,8.38,None,,0,2,4.5,4.0,9,0.08,0.02,0.30,0.07,0.22,5.33,1.18,0.05,Jarrad,4.0,69,19,6,1.32,1,False,19.3,369,128,290,False,106.4,344,130,,408,,2025-10-17T14:00:10.203776Z,53,198,23,p480455,0,0,None,0,,480455.jpg,3.0,194,73,20,0,241,False,0,0.0,[],Branthwaite,0.3,304,111,False,None,4,0.88,a,8,9,11,2020-06-20,57.0,311,95,18,28251,11223,72918,498,0.8,3.4,Branthwaite,1
1,1992-11-19,6,442,True,True,None,None,9,0.32,262,17761,None,,0,0,2,-2,184.8,177,43,300,10.71,None,,0,2,2.3,1.8,3,1.31,0.05,3.22,0.12,1.91,40.44,1.44,0.07,James,1.8,204,75,33,1.18,0,False,113.5,55,7,291,False,700.8,10,4,,2520,,None,57,111,8,p17761,0,0,None,0,,17761.jpg,4.3,42,19,67,0,241,False,0,0.0,[],Tarkowski,10.7,30,10,False,None,28,1.0,a,38,9,11,2022-07-01,246.0,97,11,121,2304995,19806,1799755,23072,0.3,21.2,Tarkowski,5
1,1999-05-29,1,256,True,True,100,100,7,0.31,128,224967,None,,0,0,-1,1,277.2,104,25,157,6.86,None,,0,2,2.0,1.5,3,2.17,0.09,2.45,0.1,0.28,32.61,1.43,0.01,Vitalii,1.5,229,84,30,1.31,0,False,72.0,151,50,292,False,378.8,126,56,,2059,,2026-01-31T20:30:09.340646Z,49,315,51,p224967,1,0,None,0,,224967.jpg,3.0,191,72,76,0,225,False,0,0.0,[],Mykolenko,0.6,242,91,False,None,23,1.01,a,29,9,11,2022-01-01,65.0,293,86,70,140438,2128,170531,847,0.3,14.3,Mykolenko,5
2,2001-05-15,2,293,True,True,100,100,8,0.32,130,512462,None,,0,0,-1,1,222.1,140,35,175,6.92,None,,0,2,1.0,0.5,1,0.82,0.03,1.65,0.06,0.83,38.26,1.51,0.03,Jake,0.5,324,110,31,1.23,0,False,78.5,133,42,293,False,434.4,87,38,,2276,,2026-02-11T13:00:09.843762Z,49,340,57,p512462,0,0,None,0,,512462.jpg,3.2,154,57,89,1,104,False,0,0.0,[],O'Brien,0.7,224,86,False,None,25,0.99,a,45,9,11,2024-07-30,126.0,214,52,87,164945,1819,158854,1212,0.1,17.8,O'Brien,2
0,1988-10-11,0,10,True,True,0,100,0,0.0,0,59949,None,,0,0,-3,3,0.1,482,175,0,0.0,None,,0,2,0.0,0.0,0,0.00,0.0,0.00,0.0,0.00,0.24,1.96,0.0,Séamus,0.0,522,217,0,0.0,0,False,0.0,630,248,294,False,0.0,628,248,,11,Knock - Expected back 14 Mar,2026-03-02T16:30:08.454682Z,42,625,140,p59949,0,0,None,0,,59949.jpg,1.0,459,170,1,0,104,False,0,0.0,[],Coleman,0.1,484,173,False,None,1,8.18,i,0,9,11,2009-02-02,0.0,594,246,3,6307,97,17579,75,0.0,0.7,Coleman,0
0,1993-01-11,8,326,True,True,100,100,6,0.28,197,106611,None,,0,0,1,-1,28.5,376,134,223,10.3,None,,2,2,2.5,2.0,1,0.19,0.01,2.10,0.1,1.91,32.78,1.51,0.09,Michael,2.0,181,64,28,1.29,3,False,83.2,123,37,295,False,576.0,41,16,,1948,,2026-01-07T23:00:09.480891Z,46,397,66,p106611,0,0,None,0,,106611.jpg,4.4,34,12,70,1,241,False,0,0.0,[],Keane,3.5,96,34,False,None,22,1.02,a,26,9,11,2017-07-03,228.0,106,13,106,1406177,13728,1030945,10241,0.4,23.0,Keane,0
0,2001-10-16,0,68,True,True,100,100,2,0.76,20,243571,None,,0,0,-1,1,6.4,436,157,30,11.39,None,,0,2,0.5,0.0,0,0.04,0.02,0.07,0.03,0.03,3.55,1.35,0.01,Nathan,0.0,577,237,1,0.38,0,False,8.6,424,153,296,False,63.6,394,151,,237,,2025-10-17T14:30:10.578096Z,44,536,115,p243571,0,0,None,0,,243571.jpg,3.5,118,41,14,0,243,False,0,0.0,[],Patterson,0.0,622,222,False,None,3,1.14,a,10,9,11,2022-01-04,17.0,388,138,21,5705,33,6344,95,0.0,4.8,Patterson,0
0,None,0,0,False,True,0,0,0,0,0,496178,None,,0,0,-2,2,0.0,502,188,0,0,None,,0,2,0.0,0.0,0,0.00,0,0.00,0,0.00,0.00,0,0,Roman,0.0,398,149,0,0,0,False,0.0,519,190,297,False,0.0,517,190,,0,has joined Stockport County on loan for the rest of the season.,2026-02-06T22:52:17.815306Z,38,799,247,p496178,0,0,None,0,,496178.jpg,0.0,527,190,0,0,None,False,0,0,[],Dixon,0.2,400,148,False,None,0,0,u,0,9,11,None,0.0,470,181,0,9298,0,21309,137,0.0,0.0,Dixon,0
0,2003-09-19,0,0,True,True,None,None,0,0,0,474907,None,,0,0,-2,2,0.0,500,186,0,0,None,,0,2,0.5,0.0,0,0.00,0,0.00,0,0.00,0.00,0,0,Reece,0.0,396,147,0,0,0,False,0.0,517,188,298,False,0.0,515,188,,0,,None,38,797,245,p474907,0,0,None,0,,474907.jpg,0.0,525,188,0,0,241,False,0,0,[],Welch,0.1,422,156,False,None,0,0,a,0,9,11,2021-04-11,0.0,468,179,0,7604,72,14786,114,0.0,0.0,Welch,0
2,2000-03-06,5,395,True,True,100,100,6,0.29,25,440993,None,,0,0,-3,3,333.7,74,56,208,9.94,None,,0,3,4.7,4.2,4,3.71,0.18,8.11,0.39,4.40,27.55,1.32,0.21,Iliman,4.2,60,28,27,1.29,5,False,117.3,47,33,299,False,448.2,82,27,Iliman Ndiaye,1883,,2025-12-13T14:30:11.340794Z,62,74,49,p440993,0,0,1,0,,440993.jpg,4.3,44,20,131,0,189,False,0,0.0,[],Ndiaye,4.0,86,27,False,None,22,1.05,a,52,9,11,2024-07-03,389.0,45,28,94,1696092,19116,2507546,3146,0.7,15.2,Ndiaye,2
3,1999-11-22,1,126,True,True,None,None,3,0.39,14,433154,None,,0,0,-5,5,131.3,210,137,64,8.29,None,,0,3,2.0,1.5,6,0.69,0.09,1.31,0.17,0.62,13.12,1.7,0.08,Dwight,1.5,231,102,5,0.65,0,False,29.8,331,159,300,False,94.0,363,160,,695,,None,55,144,89,p433154,0,0,None,0,,433154.jpg,2.3,298,131,35,0,241,False,0,0.0,[],McNeil,0.1,418,141,False,None,8,1.04,a,15,9,11,2022-07-28,72.0,283,153,35,31903,413,63190,143,0.3,6.4,McNeil,1
1,2002-11-30,0,111,True,True,0,0,3,0.4,10,502697,None,,0,0,-3,3,144.5,200,130,64,8.64,None,,0,3,0.0,0.0,0,0.44,0.06,1.48,0.2,1.04,13.03,1.76,0.14,Carlos,0.0,765,331,8,1.08,0,False,38.4,297,148,301,False,83.0,372,165,,667,Knock - Expected back 21 Mar,2026-02-24T10:30:07.721437Z,52,215,133,p502697,0,0,None,0,,502697.jpg,1.6,394,172,41,0,10,False,0,0.0,[],Alcaraz Durán,0.1,515,185,False,None,6,0.81,i,13,9,11,2025-07-01,156.0,173,95,26,17056,1,29569,121,0.0,5.0,Alcaraz,3
1,1989-09-26,4,306,True,True,100,100,3,0.17,38,80801,None,,0,0,-1,1,208.0,154,107,164,9.34,None,,0,3,2.3,1.8,2,0.93,0.05,2.31,0.13,1.38,24.35,1.39,0.08,Idrissa Gana,1.8,202,87,21,1.2,2,False,65.0,187,97,302,False,284.6,195,80,Idrissa Gueye,1580,,2025-12-13T14:30:11.361048Z,54,155,96,p80801,0,0,None,0,,80801.jpg,3.1,179,76,88,1,189,False,0,0.0,[],Gueye,0.1,490,174,False,None,19,1.08,a,38,9,11,2022-09-01,157.0,171,94,59,23213,264,28402,161,0.3,10.9,Gana,1
4,2001-03-13,11,602,True,True,None,None,9,0.32,120,232928,1,,0,0,2,-2,648.7,12,12,343,12.28,3,,1,3,4.0,3.5,6,4.54,0.16,6.35,0.22,1.81,40.38,1.45,0.06,James,3.5,94,43,33,1.18,2,False,149.6,23,19,303,False,638.2,22,5,,2513,,None,52,211,130,p232928,0,0,2,0,,232928.jpg,4.2,48,22,143,0,241,False,0,0.0,[],Garner,3.8,89,28,False,None,28,1.0,a,80,9,11,2022-09-01,207.0,115,69,119,1011351,21056,561995,7951,0.7,22.9,Garner,7
3,2003-06-30,1,167,True,True,100,100,7,0.62,29,490094,None,,0,0,-2,2,80.9,290,169,133,11.83,None,,0,3,1.3,0.8,0,0.59,0.05,0.96,0.08,0.37,16.31,1.45,0.03,Tim,0.8,290,132,10,0.89,0,False,29.6,334,161,304,False,168.6,286,125,,1012,,2026-01-13T19:00:09.517466Z,48,368,230,p490094,0,0,None,0,,490094.jpg,2.6,252,106,58,0,241,False,0,0.0,[],Iroegbunam,0.0,615,238,False,None,12,1.07,a,46,9,11,2024-06-22,48.0,323,170,52,5673,38,6504,70,0.2,10.8,Iroegbunam,8
0,2007-01-19,0,75,True,True,100,100,1,0.18,13,609873,None,,0,0,0,0,66.3,309,174,50,9.16,None,,0,3,2.0,1.5,1,0.21,0.04,1.00,0.18,0.79,8.84,1.62,0.14,Harrison,1.5,227,99,8,1.47,0,False,20.4,366,175,305,False,58.4,400,177,,491,,2025-09-02T11:36:28.006606Z,45,497,305,p609873,0,0,None,0,,609873.jpg,1.8,367,158,24,0,241,False,0,0.0,[],Armstrong,0.1,495,177,False,None,6,1.1,a,13,9,11,2024-08-09,78.0,271,146,18,11609,327,17405,259,0.3,4.0,Armstrong,0
0,2005-09-28,0,0,True,True,None,None,0,0,0,547801,None,,0,0,-2,2,0.0,642,245,0,0,None,,0,3,0.5,0.0,0,0.00,0,0.00,0,0.00,0.00,0,0,Callum,0.0,558,189,0,0,0,False,0.0,648,242,306,False,0.0,646,240,,0,,None,43,610,356,p547801,0,0,None,0,,547801.jpg,0.0,656,250,0,0,241,False,0,0,[],Bates,0.1,479,166,False,None,0,0,a,0,9,11,2024-11-08,0.0,619,234,0,14140,244,14313,242,0.0,0.0,Bates,0
0,None,0,0,True,True,None,None,0,0,0,504296,None,,0,0,-1,1,0.0,662,258,0,0,None,,0,3,0.5,0.0,0,0.00,0,0.00,0,0.00,0.00,0,0,Coby,0.0,585,203,0,0,0,False,0.0,668,255,307,False,0.0,666,253,,0,,None,44,549,327,p504296,0,0,None,0,,504296.jpg,0.0,675,262,0,0,None,False,0,0,[],Ebere,0.0,602,229,False,None,0,0,a,0,9,11,None,0.0,640,247,0,4717,40,6248,42,0.0,0.0,Ebere,0
0,2004-10-28,0,0,False,True,0,0,0,0,0,496279,None,,0,0,0,0,0.0,703,284,0,0,None,,0,3,0.0,0.0,0,0.00,0,0.00,0,0.00,0.00,0,0,Isaac,0.0,633,235,0,0,0,False,0.0,708,283,308,False,0.0,707,282,,0,has joined Accrington on loan for the rest of the season.,2025-09-02T12:26:54.658601Z,45,452,270,p496279,0,0,None,0,,496279.jpg,0.0,712,287,0,0,241,False,0,0,[],Heath,0.0,698,287,False,None,0,0,u,0,9,11,2025-02-07,0.0,687,277,0,458,0,3748,4,0.0,0.0,Heath,0
0,None,0,0,False,True,0,0,0,0,0,491557,None,,0,0,0,0,0.0,701,282,0,0,None,,0,3,0.0,0.0,0,0.00,0,0.00,0,0.00,0.00,0,0,Jenson,0.0,631,233,0,0,0,False,0.0,706,281,309,False,0.0,705,280,,0,Has joined Bradford City permanently.,2025-07-25T14:54:45.196473Z,45,448,268,p491557,0,0,None,0,,491557.jpg,0.0,710,285,0,0,None,False,0,0,[],Metcalfe,0.0,818,366,False,None,0,0,u,0,9,11,None,0.0,685,275,0,0,0,113,0,0.0,0.0,Metcalfe,0
0,2002-10-21,7,221,True,True,None,None,7,0.4,25,586309,None,,0,0,-3,3,168.9,185,17,55,3.11,None,,0,4,3.5,3.0,6,0.37,0.02,6.50,0.37,6.13,25.12,1.42,0.35,Thierno,3.0,123,15,22,1.24,6,False,80.4,127,17,310,False,244.2,225,19,,1592,,None,57,121,33,p586309,0,0,None,0,,586309.jpg,2.6,258,28,28,0,73,False,0,0.0,[],Barry,1.1,188,29,False,None,19,1.07,a,2,9,11,2025-07-09,414.0,38,17,73,284282,6335,245393,4451,0.5,12.8,Barry,3
0,1998-01-31,6,162,True,True,None,None,2,0.19,28,486385,None,,0,0,-5,5,78.0,299,32,60,5.6,None,,1,4,3.3,2.8,9,0.16,0.01,6.33,0.59,6.17,16.73,1.56,0.58,Norberto Bercique,2.8,131,16,14,1.31,4,False,66.0,181,23,311,False,212.0,254,23,Beto,965,,None,50,267,55,p486385,0,0,3,0,,486385.jpg,2.0,335,37,20,0,90,False,0,0.0,[],Gomes Betuncal,2.4,122,20,False,None,9,0.84,a,12,9,11,2023-08-29,386.0,47,18,56,462191,7723,1120051,1923,0.6,11.2,Beto,2
0,2004-05-24,0,0,False,True,0,0,0,0,0,491012,None,,0,0,-1,1,0.0,773,86,0,0,None,,0,4,0.0,0.0,0,0.00,0,0.00,0,0.00,0.00,0,0,Youssef,0.0,733,79,0,0,0,False,0.0,777,87,312,False,0.0,777,87,,0,has joined Rangers permanently.,2025-09-02T12:26:54.689038Z,49,337,62,p491012,0,0,None,0,,491012.jpg,0.0,778,87,0,0,173,False,0,0,[],Ramalho Chermiti,0.1,543,76,False,None,0,0,u,0,9,11,2023-08-11,0.0,768,86,0,2418,0,14524,8,0.0,0.0,Y.Chermiti,0
0,2006-06-10,0,0,False,True,0,0,0,0,0,536241,None,,0,0,-1,1,0.0,666,70,0,0,None,,0,4,0.0,0.0,0,0.00,0,0.00,0,0.00,0.00,0,0,Martin,0.0,590,61,0,0,0,False,0.0,673,71,313,False,0.0,671,71,,0,has joined Port Vale on loan for the rest of the season.,2026-02-06T22:49:41.878846Z,44,556,79,p536241,0,0,None,0,,536241.jpg,0.0,679,71,0,0,152,False,0,0,[],Sherif,0.1,445,64,False,None,0,0,u,0,9,11,2024-09-16,0.0,646,70,0,9203,0,26407,69,0.0,0.0,Sherif,0
6,1995-09-10,12,356,True,True,0,0,7,0.39,27,114283,None,,0,0,-2,2,520.5,24,23,135,7.47,None,,2,3,0.0,0.0,0,3.37,0.19,5.41,0.3,2.05,25.81,1.43,0.11,Jack,0.0,802,358,23,1.27,2,False,129.2,36,26,419,False,374.2,128,43,,1627,Foot injury - Expected back 01 Jun,2026-01-21T15:00:08.892371Z,63,63,42,p114283,0,0,None,0,,114283.jpg,4.0,68,31,88,1,241,False,0,0.0,"[{'property': 'loan_ineligible', 'notes': 'This player will not be available to face their parent club in Gameweek 35 as part of their loan conditions.', 'gameweek': 35, 'url': None}]",Grealish,5.9,62,21,False,None,18,1.0,i,20,9,11,2025-08-12,397.0,43,26,79,3790311,35,3758943,5654,0.0,12.5,Grealish,3
0,1995-03-09,0,0,True,True,None,None,0,0,0,138001,None,,0,0,-1,1,0.0,523,27,0,0,None,,0,1,0.5,0.0,0,0.00,0,0.00,0,0.00,0.00,0,0,Tom,0.0,419,34,0,0,0,False,0.0,537,43,630,False,0.0,535,43,,0,,None,39,747,74,p138001,0,0,None,0,,138001.jpg,0.0,545,43,0,0,244,False,0,0,[],King,1.3,172,21,False,None,0,0,a,0,9,11,2025-08-15,0.0,492,14,0,70972,277,98235,609,0.0,0.0,King,0
0,2006-06-02,0,0,True,True,100,100,0,0,0,499300,None,,0,0,-3,3,0.0,624,248,0,0,None,,0,2,0.5,0.0,0,0.00,0,0.00,0,0.00,0.00,0,0,Adam,0.0,528,221,0,0,0,False,0.0,632,249,667,False,0.0,630,249,,0,,2025-08-29T10:30:08.715230Z,42,638,149,p499300,0,0,None,0,,499300.jpg,0.0,639,248,0,0,145,False,0,0,[],Aznou,0.1,569,205,False,None,0,0,a,0,9,11,2025-07-29,0.0,599,247,0,2712,24,12413,49,0.0,0.0,Aznou,0
0,2003-03-04,0,0,False,True,0,0,0,0,0,461446,None,,0,0,0,0,0.0,696,277,0,0,None,,0,3,0.0,0.0,0,0.00,0,0.00,0,0.00,0.00,0,0,Tyler,0.0,625,227,0,0,0,False,0.0,701,276,704,False,0.0,699,274,,0,has joined Stockport County on loan for the rest of the season.,2025-09-02T12:26:54.674165Z,45,437,261,p461446,0,0,None,0,,461446.jpg,0.0,705,280,0,0,241,False,0,0,[],Onyango,0.0,583,218,False,None,0,0,u,0,9,11,2025-07-25,0.0,679,270,0,8420,0,10174,13,0.0,0.0,Onyango,0
0,2004-08-02,0,0,False,True,0,0,0,0,0,491745,None,,0,0,-1,1,0.0,539,203,0,0,None,,0,2,0.0,0.0,0,0.00,0,0.00,0,0.00,0.00,0,0,Elijah,0.0,436,166,0,0,0,False,0.0,553,203,705,False,0.0,551,203,,0,has joined Port Vale on loan for the rest of the season.,2026-02-06T22:49:41.857490Z,39,770,225,p491745,0,0,None,0,,491745.jpg,0.0,561,203,0,0,241,False,0,0,[],Campbell,0.2,409,150,False,None,0,0,u,0,9,11,2023-12-15,0.0,508,197,0,18604,0,17024,133,0.0,0.0,Campbell,0
0,2006-02-17,0,46,True,True,None,None,2,0.52,11,496661,None,,0,0,-2,2,61.0,322,181,40,10.34,None,,0,3,0.5,0.0,0,0.14,0.04,0.34,0.09,0.20,5.98,1.55,0.05,Tyler,0.0,772,336,2,0.52,0,False,13.6,393,182,707,False,46.0,409,181,,348,,None,53,200,124,p496661,0,0,None,0,,496661.jpg,1.3,432,195,22,0,241,False,0,0.0,[],Dibling,0.0,648,259,False,None,4,1.03,a,7,9,11,2025-08-25,32.0,352,183,17,7715,29,7199,49,0.0,3.2,Dibling,2
0,2002-07-05,0,39,True,True,100,100,2,0.51,10,513466,None,,0,0,0,0,65.9,310,175,43,10.96,None,,0,3,0.5,0.0,0,0.17,0.04,0.67,0.17,0.50,6.27,1.6,0.13,Merlin,0.0,751,323,4,1.02,0,False,15.9,384,179,728,False,61.2,397,175,,353,,2025-11-21T15:00:09.732749Z,50,275,170,p513466,0,0,None,0,,513466.jpg,1.6,391,170,18,0,80,False,0,0.0,[],Röhl,0.0,709,296,False,None,2,0.51,a,15,9,11,2025-09-01,32.0,351,182,16,1500,8,1545,19,0.0,3.2,Röhl,0
0,2007-11-07,0,0,True,True,None,None,0,0,0,629068,None,,0,0,0,0,0.0,743,81,0,0,None,,0,4,0.5,0.0,0,0.00,0,0.00,0,0.00,0.00,0,0,Braiden,0.0,679,72,0,0,0,False,0.0,749,82,779,False,0.0,749,82,,0,,None,45,505,73,p629068,0,0,None,0,,629068.jpg,0.0,750,82,0,0,242,False,0,0,[],Graham,0.0,629,82,False,None,0,0,a,0,9,11,2025-12-29,0.0,730,81,0,4230,129,1964,215,0.0,0.0,Graham,0
0,1992-03-04,3,348,True,True,None,None,5,0.18,36,80201,None,,0,0,-1,1,0.0,758,89,0,0.0,None,,1,1,1.2,1.2,2,0.00,0.0,0.00,0.0,0.00,39.74,1.42,0.0,Bernd,1.2,248,19,42,1.5,0,False,58.3,208,10,314,False,584.2,36,10,,2520,,None,49,288,10,p80201,1,0,None,0,,80201.jpg,2.7,235,23,228,0,80,False,68,2.43,[],Leno,1.5,158,20,False,None,28,1.0,a,4,10,54,2022-08-02,0.0,752,85,76,212633,4767,243819,1105,0.2,15.5,Leno,3
0,1998-10-01,0,0,False,True,0,0,0,0,0,428971,None,,0,0,0,0,0.0,568,56,0,0,None,,0,1,0.0,0.0,0,0.00,0,0.00,0,0.00,0.00,0,0,Steven,0.0,462,60,0,0,0,False,0.0,578,68,315,False,0.0,576,68,,0,has joined Feyenoord on loan for the rest of the season.,2026-02-04T16:15:48.090995Z,40,676,49,p428971,0,0,None,0,,428971.jpg,0.0,586,68,0,0,80,False,0,0,[],Benda,0.0,753,85,False,None,0,0,u,0,10,54,2023-08-30,0.0,539,43,0,577,0,834,15,0.0,0.0,Benda,0
0,1997-08-08,4,142,True,True,100,100,2,0.22,42,169528,None,,0,0,-1,1,207.2,155,37,68,7.64,None,,0,2,0.2,0.2,0,1.11,0.12,1.33,0.14,0.22,13.30,1.49,0.02,Antonee,0.2,369,135,10,1.12,0,False,43.4,267,88,316,False,192.8,264,107,,801,,2026-02-22T23:00:09.450858Z,49,296,44,p169528,0,0,None,0,,169528.jpg,2.8,218,88,48,0,229,False,0,0.0,[],Robinson,0.7,220,84,False,None,9,1.01,a,26,10,54,2020-08-20,34.0,349,116,33,146776,1936,182070,1566,0.0,6.7,Robinson,0
1,1996-05-31,5,325,True,True,75,100,5,0.2,228,174874,None,,0,0,0,0,111.8,237,65,265,10.41,None,,1,2,1.0,1.4,0,1.54,0.06,2.80,0.11,1.26,35.40,1.39,0.05,Joachim,1.4,233,85,38,1.49,0,False,89.6,101,27,317,False,657.2,16,5,,2291,Illness - 75% chance of playing,2026-03-01T22:00:07.586509Z,45,414,75,p174874,0,0,None,0,,174874.jpg,3.6,106,36,91,0,58,False,0,0.0,[],Andersen,4.7,76,24,False,None,26,1.02,d,37,10,54,2024-08-23,124.0,217,54,93,1229561,11552,971927,8952,0.3,20.7,Andersen,6
1,1999-12-31,6,210,True,True,100,100,3,0.17,112,232892,None,,0,0,-1,1,97.3,259,77,149,8.22,None,,0,2,2.0,2.0,1,0.23,0.01,1.51,0.08,1.28,25.02,1.38,0.07,Calvin,2.0,179,62,31,1.71,1,False,58.5,207,70,318,False,406.4,110,48,,1632,,2025-12-13T14:30:11.389034Z,44,533,112,p232892,0,0,None,0,,232892.jpg,3.2,150,55,81,0,157,False,0,0.0,[],Bassey,0.4,271,99,False,None,18,0.99,a,37,10,54,2023-07-28,79.0,269,76,65,108880,3829,122170,411,0.5,14.8,Bassey,4
1,1995-12-05,0,127,True,True,None,None,0,0.0,76,166477,None,,0,0,-2,2,130.8,211,53,98,7.89,None,,0,2,0.8,0.8,0,0.51,0.04,1.45,0.12,0.94,21.75,1.75,0.08,Timothy,0.8,284,100,23,1.85,0,False,44.4,265,86,319,False,224.2,241,95,,1118,,None,43,580,127,p166477,0,0,None,0,,166477.jpg,1.4,418,151,34,0,21,False,0,0.0,[],Castagne,0.1,459,168,False,None,12,0.97,a,22,10,54,2023-08-29,87.0,257,72,29,19027,141,24981,164,0.2,6.7,Castagne,3
0,1997-01-09,0,39,True,True,None,None,0,0.0,38,219924,None,,0,0,-2,2,5.0,440,160,44,7.89,None,,0,2,0.2,0.2,1,0.03,0.01,0.05,0.01,0.02,9.06,1.62,0.0,Issa,0.2,363,131,10,1.79,0,False,11.2,411,148,320,False,96.8,357,137,,502,,None,43,582,129,p219924,0,0,None,0,,219924.jpg,1.2,435,156,11,0,73,False,0,0.0,[],Diop,0.1,527,188,False,None,5,0.9,a,6,10,54,2022-08-10,10.0,404,148,11,7125,152,11394,61,0.0,2.6,Diop,2
0,1999-11-17,1,155,True,True,None,None,2,0.19,98,246301,None,,0,0,-2,2,47.1,345,117,114,11.02,None,,0,2,1.0,1.0,1,0.53,0.05,0.58,0.05,0.05,14.59,1.41,0.0,Jorge,1.0,260,93,11,1.06,0,False,30.7,329,112,321,False,244.6,224,87,,931,,None,43,587,132,p246301,0,0,None,0,,246301.jpg,2.8,212,83,40,0,200,False,0,0.0,[],Cuenca Barreno,0.1,562,203,False,None,11,1.06,a,16,10,54,2024-08-03,14.0,391,140,39,6604,52,7105,97,0.2,9.1,J.Cuenca,5
0,1995-10-09,5,279,True,True,100,100,5,0.28,90,167074,None,,0,0,0,0,192.0,171,40,152,8.44,None,,1,2,1.6,1.6,2,1.39,0.08,2.25,0.13,0.86,23.75,1.32,0.05,Kenny,1.6,213,79,24,1.33,1,False,68.0,168,55,322,False,386.0,122,55,,1620,,2026-01-01T21:30:11.847911Z,45,412,74,p167074,0,0,None,0,,167074.jpg,3.6,105,35,75,0,152,False,0,0.0,[],Tete,0.3,333,120,False,None,19,1.06,a,62,10,54,2020-09-10,101.0,237,62,73,158917,2432,152164,330,0.4,16.2,Tete,2
0,2007-03-07,0,0,True,True,None,None,0,0,0,591385,None,,0,0,-2,2,0.0,513,198,0,0,None,,0,2,0.0,0.0,0,0.00,0,0.00,0,0.00,0.00,0,0,Samuel,0.0,409,159,0,0,0,False,0.0,528,198,323,False,0.0,526,198,,0,,None,38,813,260,p591385,0,0,None,0,,591385.jpg,0.0,536,198,0,0,241,False,0,0,[],Amissah,0.1,420,155,False,None,0,0,a,0,10,54,2023-07-19,0.0,482,192,0,9249,75,16943,99,0.0,0.0,Amissah,0
3,1996-05-03,13,416,True,True,100,100,3,0.15,24,153133,2,,0,0,-2,2,551.1,21,21,136,6.57,None,,3,3,6.2,6.2,10,3.47,0.17,4.69,0.23,1.22,29.51,1.43,0.06,Alex,6.2,9,5,35,1.69,4,False,117.7,46,32,324,False,422.0,98,31,,1862,,2025-12-13T14:30:11.406691Z,63,64,43,p153133,0,0,None,0,,153133.jpg,4.0,69,32,90,0,157,False,0,0.0,[],Iwobi,1.3,171,61,False,None,22,1.06,a,22,10,54,2023-09-01,203.0,124,72,89,358812,47421,398554,1122,1.0,14.1,Iwobi,2
1,2000-07-28,1,274,True,True,100,100,3,0.19,33,209289,None,,0,0,-4,4,250.2,119,82,111,7.06,None,,0,3,1.8,1.8,2,0.95,0.06,4.96,0.32,4.01,24.60,1.56,0.26,Emile,1.8,203,88,22,1.4,3,False,77.5,137,75,325,False,238.4,231,101,,1415,,2026-01-17T18:30:08.672854Z,56,128,79,p209289,0,0,None,0,,209289.jpg,2.2,312,139,56,0,241,False,0,0.0,[],Smith Rowe,0.5,251,87,False,None,16,1.02,a,22,10,54,2024-08-02,286.0,82,50,63,159384,1073,210376,1058,0.3,11.2,Smith Rowe,1
0,1996-01-01,0,0,False,True,0,0,0,0,0,156689,None,,0,0,-2,2,0.0,795,350,0,0,None,,0,3,0.0,0.0,0,0.00,0,0.00,0,0.00,0.00,0,0,Andreas,0.0,770,334,0,0,0,False,0.0,796,350,327,False,0.0,796,350,,0,has joined Palmeiras permanently.,2025-09-02T13:24:11.133813Z,53,186,114,p156689,0,0,None,0,,156689.jpg,0.0,797,351,0,0,30,False,0,0,[],Hoelgebaum Pereira,0.1,563,206,False,None,0,0,u,0,10,54,2022-07-11,0.0,792,349,0,2438,0,35583,6,0.0,0.0,Andreas,0
3,2000-05-18,5,266,True,True,100,100,4,0.23,87,184349,None,,0,0,-1,1,195.3,167,115,188,10.59,None,,1,3,3.2,3.2,4,1.70,0.1,2.81,0.16,1.11,24.03,1.35,0.06,Ryan,3.2,110,49,29,1.63,2,False,70.8,155,82,328,False,340.6,150,52,,1597,,2025-12-08T08:00:09.095165Z,54,163,100,p184349,0,0,None,0,,184349.jpg,3.7,101,48,61,0,241,False,0,0.0,[],Sessegnon,0.2,406,136,False,None,18,1.01,a,40,10,54,2024-07-26,175.0,151,85,77,144570,495,138054,188,0.6,14.3,Sessegnon,0
8,1997-03-22,19,529,True,True,75,100,6,0.26,51,153682,1,,1,-1,5,-5,486.9,31,29,139,6.0,1,,3,3,3.9,5.2,12,3.92,0.17,8.61,0.37,4.69,30.58,1.32,0.2,Harry,5.2,23,11,31,1.34,9,False,158.1,18,14,329,True,594.6,33,9,,2086,Ankle injury - 75% chance of playing,2026-03-01T22:00:07.600147Z,60,85,55,p153682,0,0,3,0,,153682.jpg,5.2,9,6,67,0,244,False,0,0.0,[],Wilson,23.3,16,6,False,None,25,1.08,d,21,10,54,2021-07-24,501.0,26,13,140,4892184,200665,2027068,24959,0.9,23.3,Wilson,6
2,1998-02-14,3,412,True,True,None,None,5,0.19,78,207189,None,,0,0,-1,1,277.7,103,75,230,8.84,None,,1,3,2.4,2.4,2,1.09,0.04,2.38,0.09,1.29,37.23,1.43,0.05,Sander,2.4,151,67,40,1.54,0,False,71.9,152,81,330,False,366.8,137,45,,2341,,None,49,306,191,p207189,1,0,None,0,,207189.jpg,2.5,272,115,105,0,161,False,0,0.0,[],Berge,0.1,520,188,False,None,27,1.04,a,47,10,54,2024-08-22,71.0,286,155,69,11265,130,12480,129,0.5,14.1,Berge,4
0,1991-01-20,1,103,True,True,100,100,0,0.0,7,76357,None,,0,0,-2,2,87.6,276,163,38,7.23,None,,0,3,0.4,0.4,0,0.29,0.06,1.24,0.24,0.95,8.48,1.61,0.18,Tom,0.4,341,158,9,1.71,1,False,21.5,359,171,331,False,78.2,379,167,,473,,2026-02-09T18:00:10.428796Z,48,351,218,p76357,0,0,None,0,,76357.jpg,1.4,420,187,27,0,243,False,0,0.0,[],Cairney,0.0,636,250,False,None,3,0.57,a,4,10,54,2015-07-07,49.0,322,169,25,2654,27,4722,25,0.1,5.2,Cairney,3
3,1996-08-13,3,225,True,True,100,100,4,0.3,43,212314,3,,0,0,-1,1,338.7,72,55,127,9.46,None,,0,3,0.0,0.0,0,1.35,0.1,3.09,0.23,1.74,18.45,1.37,0.13,Saša,0.0,719,299,17,1.27,1,False,68.9,164,85,332,False,232.0,236,103,,1208,,2026-01-17T18:30:08.687153Z,49,310,194,p212314,0,0,None,0,,212314.jpg,2.6,254,107,49,0,190,False,0,0.0,[],Lukić,0.1,572,211,False,None,15,1.12,a,35,10,54,2023-01-31,119.0,223,124,50,14597,36,19055,21,0.0,10.2,Lukić,6
0,2003-03-14,0,0,False,True,0,0,0,0,0,573062,None,,0,0,0,0,0.0,720,299,0,0,None,,0,3,0.0,0.0,0,0.00,0,0.00,0,0.00,0.00,0,0,Martial,0.0,653,252,0,0,0,False,0.0,726,299,333,False,0.0,725,298,,0,has joined Strasbourg permanently.,2025-09-02T13:30:29.210428Z,45,475,289,p573062,0,0,None,0,,573062.jpg,0.0,728,301,0,0,54,False,0,0,[],Godo,0.0,666,270,False,None,0,0,u,0,10,54,2022-08-22,0.0,706,294,0,898,0,6588,5,0.0,0.0,Godo,0
0,2005-03-04,0,0,False,True,0,0,0,0,0,515024,None,,0,0,0,0,0.0,706,287,0,0,None,,0,3,0.0,0.0,0,0.00,0,0.00,0,0.00,0.00,0,0,Luke,0.0,637,238,0,0,0,False,0.0,711,286,334,False,0.0,710,285,,0,Has joined Oxford United on loan for the rest of the season.,2025-07-28T11:48:41.571901Z,45,456,273,p515024,0,0,None,0,,515024.jpg,0.0,715,290,0,0,244,False,0,0,[],Harris,0.0,810,360,False,None,0,0,u,0,10,54,2022-08-05,0.0,690,280,0,0,0,310,0,0.0,0.0,Harris,0
2,2007-01-03,0,130,True,True,100,100,3,0.29,16,577725,None,,0,0,-1,1,106.5,245,152,77,7.5,None,,0,3,0.4,0.4,1,0.42,0.04,1.80,0.17,1.38,13.13,1.28,0.13,Josh,0.4,336,154,15,1.46,0,False,40.0,287,144,335,False,106.8,343,155,,924,,2026-01-01T21:30:11.885073Z,44,563,336,p577725,0,0,None,0,,577725.jpg,1.7,379,162,42,0,241,False,0,0.0,[],King,1.8,145,48,False,None,11,1.07,a,19,10,54,2024-02-02,195.0,130,76,38,954713,1990,859153,3334,0.1,8.6,King,3
0,1995-01-27,2,37,True,True,None,None,0,0.0,0,153366,None,,0,0,-2,2,8.7,430,208,2,7.83,None,,0,3,0.2,0.2,0,0.24,0.94,0.28,1.1,0.04,0.41,1.6,0.16,Harrison,0.2,362,162,1,3.91,1,False,5.2,442,198,336,False,36.6,420,184,,23,,None,43,579,343,p153366,0,0,None,0,,153366.jpg,2.4,283,122,2,0,241,False,0,0.0,[],Reed,0.4,278,98,False,None,0,0.0,a,0,10,54,2020-08-30,7.0,419,202,12,82546,994,68020,1244,0.0,2.8,Reed,0
5,1991-05-05,7,354,True,True,100,100,7,0.34,37,102057,None,,0,0,-4,4,288.8,94,3,110,5.37,2,,1,4,5.0,5.0,2,0.83,0.04,10.85,0.53,10.02,28.35,1.38,0.49,Raúl,5.0,29,8,25,1.22,8,False,136.6,29,7,337,False,426.4,95,6,,1844,,2025-10-29T18:00:08.542122Z,61,81,26,p102057,0,0,1,0,,102057.jpg,3.6,114,10,45,0,139,False,0,0.0,[],Jiménez Rodríguez,2.7,113,18,False,None,23,1.12,a,28,10,54,2023-07-25,655.0,14,9,96,693752,35368,622537,8043,0.8,15.7,Raúl,5
1,2001-05-04,3,59,True,True,100,100,1,0.21,14,244042,None,,0,0,-2,2,54.1,332,37,27,5.59,None,,0,4,0.8,0.8,1,0.02,0.0,1.23,0.25,1.21,7.46,1.54,0.25,Rodrigo,0.8,301,39,7,1.45,1,False,28.3,339,40,338,False,82.4,375,39,Rodrigo Muniz,435,,2025-11-08T19:00:09.014811Z,53,193,46,p244042,1,0,None,0,,244042.jpg,1.9,351,41,9,0,30,False,0,0.0,[],Muniz Carvalho,0.7,215,33,False,None,4,0.83,a,4,10,54,2021-08-20,155.0,175,40,21,260804,561,436689,436,0.2,4.0,Muniz,1
2,2003-07-12,0,109,True,True,100,100,2,0.3,7,477555,None,,0,0,-4,4,202.7,158,110,47,6.96,None,,0,3,1.6,1.6,5,1.37,0.2,1.87,0.27,0.50,7.54,1.12,0.07,Oscar,1.6,219,95,8,1.18,0,False,39.6,288,145,424,False,84.6,369,163,,608,,2025-12-18T01:30:09.837246Z,51,238,144,p477555,0,0,None,0,,477555.jpg,2.0,336,147,28,0,161,False,0,0.0,[],Bobb,0.2,360,121,False,None,6,0.89,a,12,10,54,2026-01-30,107.0,230,128,26,87763,1217,96835,147,0.3,5.1,Bobb,1
0,1991-04-26,0,0,True,True,None,None,0,0,0,86873,None,,0,0,-1,1,0.0,521,25,0,0,None,,0,1,0.0,0.0,0,0.00,0,0.00,0,0.00,0.00,0,0,Benjamin,0.0,416,32,0,0,0,False,0.0,535,41,664,False,0.0,533,41,,0,,None,39,744,72,p86873,0,0,None,0,,86873.jpg,0.0,543,41,0,0,73,False,0,0,[],Lecomte,0.7,214,28,False,None,0,0,a,0,10,54,2025-07-26,0.0,490,12,0,42032,350,52792,356,0.0,0.0,Lecomte,0
4,1999-05-22,1,198,True,True,100,100,1,0.14,13,218328,None,,0,0,-2,2,240.5,130,90,55,7.58,None,,1,3,1.4,1.4,1,2.76,0.38,4.36,0.6,1.60,11.20,1.54,0.22,Samuel,1.4,237,104,15,2.07,3,False,66.9,174,91,727,False,236.6,233,102,,653,,2026-02-20T16:30:09.110337Z,53,190,118,p218328,0,0,None,0,,218328.jpg,3.4,133,61,36,0,157,False,0,0.0,[],Chukwueze,0.1,505,181,False,None,6,0.83,a,6,10,54,2025-09-01,191.0,137,79,48,98778,398,91839,286,0.3,9.1,Chukwueze,0
2,2003-01-04,0,158,True,True,0,0,4,0.4,16,560552,None,,0,0,-2,2,231.6,133,92,75,7.52,None,,0,3,0.0,0.0,0,1.40,0.14,2.52,0.25,1.12,13.01,1.3,0.11,Kevin,1.8,206,89,15,1.5,1,False,63.6,194,99,731,False,200.8,260,109,Kevin,898,Foot injury - Unknown return date,2026-02-22T23:00:10.122821Z,58,110,71,p560552,0,0,None,0,,560552.jpg,1.9,356,156,40,0,30,False,0,0.0,[],Santos Lopes de Macedo,0.1,550,200,False,None,8,0.8,i,19,10,54,2025-09-01,206.0,120,71,43,34681,12,30556,530,0.3,7.4,Kevin,1
0,2007-07-04,0,11,True,True,None,None,0,0.0,0,631786,None,,0,0,0,0,11.4,414,55,2,6.0,None,,0,4,0.0,0.0,0,0.07,0.21,0.07,0.21,0.00,0.75,2.25,0.0,Jonah,0.0,681,74,2,6.0,0,False,2.1,466,57,737,False,1.2,495,59,,30,,None,45,508,75,p631786,0,0,None,0,,631786.jpg,0.8,508,62,2,0,206,False,0,0.0,[],Kusi-Asare,0.1,477,69,False,None,0,0.0,a,0,10,54,2025-09-01,8.0,414,57,4,20973,185,15656,296,0.0,0.9,Kusi-Asare,1
0,2008-09-12,0,0,True,True,None,None,0,0,0,619536,None,,0,0,0,0,0.0,741,315,0,0,None,,0,3,0.0,0.0,0,0.00,0,0.00,0,0.00,0.00,0,0,Seth,0.0,677,271,0,0,0,False,0.0,747,315,770,False,0.0,747,315,,0,,None,45,503,310,p619536,0,0,None,0,,619536.jpg,0.0,748,316,0,0,241,False,0,0,[],Ridgeon,0.0,780,338,False,None,0,0,a,0,10,54,2025-10-27,0.0,728,311,0,581,17,326,11,0.0,0.0,Ridgeon,0
0,2004-12-22,0,0,True,True,None,None,0,0,0,505079,None,,0,0,0,0,0.0,589,67,0,0,None,,0,1,0.0,0.0,0,0.00,0,0.00,0,0.00,0.00,0,0,Alfie,0.0,486,71,0,0,0,False,0.0,599,79,786,False,0.0,597,79,,0,,None,40,701,60,p505079,0,0,None,0,,505079.jpg,0.0,607,79,0,0,241,False,0,0,[],McNally,0.0,756,86,False,None,0,0,a,0,10,54,2026-01-03,0.0,560,54,0,562,26,278,17,0.0,0.0,McNally,0
0,2004-12-23,0,5,True,True,100,100,0,0.0,1,536916,None,,0,0,-4,4,25.7,381,194,5,6.52,None,,0,3,0.0,-0.5,0,0.10,0.13,0.14,0.18,0.04,1.86,2.43,0.05,Facundo,0.0,690,280,2,2.61,0,False,5.0,445,200,168,False,6.0,471,212,,69,,2026-01-16T15:16:37.873087Z,46,402,249,p536916,0,0,None,0,,536916.jpg,0.7,512,241,3,0,10,False,0,0.0,"[{'property': 'loan_ineligible', 'notes': 'This player will not be available to face their parent club in Gameweek 37 as part of their loan conditions.', 'gameweek': 37, 'url': None}]",Buonanotte,0.1,486,172,False,None,1,1.3,a,1,11,2,2026-01-15,19.0,383,193,2,15879,144,28957,178,0.0,0.4,Buonanotte,1
0,2000-03-02,0,0,True,True,None,None,0,0,0,437495,None,,0,0,-4,4,0.0,618,74,0,0,None,,0,1,0.0,-0.5,0,0.00,0,0.00,0,0.00,0.00,0,0,Illan,0.0,518,78,0,0,0,False,0.0,628,86,339,False,0.0,626,86,,0,,None,41,653,37,p437495,0,0,None,0,,437495.jpg,0.0,636,86,0,0,73,False,0,0,[],Meslier,0.3,301,40,False,None,0,0,a,0,11,2,2020-07-27,0.0,591,61,0,13078,149,63106,197,0.0,0.0,Meslier,0
0,1993-01-04,0,0,True,True,None,None,0,0,0,97846,None,,0,0,-1,1,0.0,522,26,0,0,None,,0,1,0.0,-0.5,0,0.00,0,0.00,0,0.00,0.00,0,0,Alex,0.0,417,33,0,0,0,False,0.0,536,42,340,False,0.0,534,42,,0,,None,39,745,73,p97846,0,0,None,0,,97846.jpg,0.0,544,42,0,0,241,False,0,0,[],Cairns,0.2,412,61,False,None,0,0,a,0,11,2,2024-07-08,0.0,491,13,0,8260,62,14746,63,0.0,0.0,Cairns,0
0,1990-10-08,0,145,True,True,None,None,1,0.08,17,59735,None,,0,0,-1,1,0.0,517,21,0,0.0,None,,0,1,2.2,1.7,3,0.03,0.0,0.03,0.0,0.00,15.53,1.29,0.0,Karl,2.2,164,13,18,1.5,0,False,28.5,338,22,341,False,283.2,197,22,,1080,,None,39,740,68,p59735,0,0,None,0,,59735.jpg,2.3,293,25,111,0,244,False,34,2.83,[],Darlow,2.4,121,16,False,None,12,1.0,a,0,11,2,2023-07-29,0.0,486,8,28,231496,6643,267887,1335,0.6,7.2,Darlow,1
3,2000-07-27,0,194,True,True,100,100,4,0.16,88,226182,None,,0,0,-1,1,229.3,134,33,139,5.73,None,,0,2,3.8,3.3,2,1.57,0.06,3.37,0.13,1.80,33.67,1.39,0.07,Jayden,3.8,78,25,40,1.65,1,False,73.2,147,48,342,False,332.2,158,68,,2185,,2026-01-04T21:30:12.521247Z,44,529,108,p226182,0,0,None,0,,226182.jpg,2.6,248,95,109,0,241,False,0,0.0,[],Bogle,0.2,361,131,False,None,25,1.03,a,51,11,2,2024-07-20,169.0,157,33,68,38640,2366,39741,331,0.9,15.5,Bogle,5
1,1999-08-11,3,282,True,True,100,100,4,0.17,201,222694,None,,0,0,-2,2,118.3,229,60,229,9.51,None,,0,2,2.0,1.5,2,0.48,0.02,2.94,0.12,2.46,33.65,1.4,0.1,Pascal,2.0,178,61,39,1.62,0,False,87.5,108,30,343,False,545.4,49,22,,2168,,2026-02-09T18:00:10.468347Z,43,583,130,p222694,0,0,None,0,,222694.jpg,3.1,167,63,91,0,152,False,0,0.0,[],Struijk,0.5,267,98,False,None,24,1.0,a,28,11,2,2018-04-12,211.0,114,18,78,99769,3121,93394,757,0.5,18.1,Struijk,3
2,1999-02-05,2,147,True,True,100,100,1,0.08,99,434752,None,,0,0,-1,1,38.0,359,126,114,9.16,None,,0,2,1.0,0.5,1,0.50,0.04,1.03,0.08,0.53,20.78,1.67,0.04,Jaka,1.0,258,92,21,1.69,1,False,45.7,261,84,344,False,283.4,196,78,,1120,,2026-01-17T18:30:08.709278Z,39,757,219,p434752,0,0,None,0,,434752.jpg,3.1,164,61,40,0,195,False,0,0.0,[],Bijol,0.4,280,102,False,None,12,0.96,a,15,11,2,2025-06-23,137.0,198,47,47,100794,372,79404,529,0.3,12.1,Bijol,2
0,1999-03-22,0,48,True,True,100,100,1,0.3,32,437738,None,,0,0,-2,2,5.6,439,159,38,11.25,None,,0,2,0.2,-0.3,0,0.01,0.0,0.01,0.0,0.00,4.93,1.46,0.0,Sebastiaan,0.2,350,121,4,1.18,0,False,9.4,416,150,345,False,78.4,378,145,,304,,2026-01-11T22:30:10.606564Z,38,795,243,p437738,0,0,None,0,,437738.jpg,1.9,341,126,7,0,21,False,0,0.0,[],Bornauw,0.1,415,152,False,None,4,1.18,a,6,11,2,2025-07-01,10.0,401,145,17,22198,103,16436,264,0.1,4.5,Bornauw,1
0,1993-09-16,0,-2,True,True,None,None,0,0.0,0,113564,None,,0,0,-2,2,0.0,494,181,0,0.0,None,,0,2,0.0,-0.5,0,0.00,0.0,0.00,0.0,0.00,0.79,10.16,0.0,Sam,0.0,389,141,1,12.86,0,False,0.0,512,184,346,False,0.0,510,184,,7,,None,38,786,235,p113564,0,0,None,0,,113564.jpg,1.0,445,159,0,0,241,False,0,0.0,[],Byram,0.2,378,140,False,None,0,0.0,a,0,11,2,2023-08-05,0.0,462,174,1,23520,84,33644,126,0.0,0.3,Byram,0
0,1999-04-29,8,233,True,True,100,100,4,0.16,97,243526,None,,0,0,-2,2,327.1,75,17,156,6.28,None,,0,2,1.2,0.7,2,2.00,0.08,3.05,0.12,1.06,36.58,1.47,0.04,Gabriel,1.2,242,87,41,1.65,0,False,85.9,115,34,347,False,387.8,121,54,,2235,,2026-01-22T19:30:07.290489Z,38,791,239,p243526,1,0,None,0,,243526.jpg,2.2,300,112,96,0,206,False,0,0.0,[],Gudmundsson,3.8,88,31,False,None,26,1.05,a,59,11,2,2025-07-08,143.0,191,45,59,920299,7434,790178,3388,0.3,15.5,Gudmundsson,4
0,1997-10-22,5,268,True,True,75,100,3,0.12,188,214225,None,,0,0,-1,1,63.5,317,107,217,8.58,None,,1,2,2.4,2.7,2,0.27,0.01,1.47,0.06,1.20,37.94,1.5,0.05,Joe,3.2,98,31,45,1.78,2,False,79.5,130,41,348,False,556.6,48,21,,2276,Hamstring injury - 75% chance of playing,2026-02-28T22:30:07.011585Z,39,752,216,p214225,0,0,None,0,,214225.jpg,3.2,149,54,64,0,244,False,0,0.0,[],Rodon,3.9,87,30,False,None,26,1.03,d,29,11,2,2024-07-02,173.0,153,31,83,1116015,6515,906620,7580,0.8,21.3,Rodon,1
0,1999-12-07,0,0,False,True,0,0,0,0,0,492368,None,,0,0,0,0,0.0,582,221,0,0,None,,0,2,0.0,0.0,0,0.00,0,0.00,0,0.00,0.00,0,0,Isaac,0.0,477,185,0,0,0,False,0.0,592,221,349,False,0.0,590,221,,0,has joined Werder Bremen on loan for the rest of the season.,2025-09-02T12:00:32.361624Z,40,692,176,p492368,0,0,None,0,,492368.jpg,0.0,600,221,0,0,207,False,0,0,[],Schmidt,0.1,551,198,False,None,0,0,u,0,11,2,2024-08-30,0.0,553,217,0,788,0,15903,16,0.0,0.0,Schmidt,0
6,2000-10-22,5,355,True,True,None,None,7,0.35,22,427637,None,,0,0,-1,1,352.8,71,54,163,8.2,None,,2,3,2.5,2.0,2,2.94,0.15,6.87,0.35,3.93,27.41,1.38,0.2,Brenden,2.5,148,66,26,1.31,4,False,114.8,52,36,350,False,386.0,123,40,,1789,,None,54,170,105,p427637,0,0,None,0,,427637.jpg,3.8,88,43,98,0,229,False,0,0.0,[],Aaronson,0.7,223,77,False,None,21,1.06,a,43,11,2,2022-07-01,410.0,40,23,103,201203,3938,134138,3330,0.5,19.1,Aaronson,1
2,2003-11-05,0,91,True,True,100,100,1,0.25,9,492859,None,,0,0,-3,3,86.5,279,164,38,9.47,None,,0,3,0.2,-0.3,1,0.55,0.14,0.80,0.2,0.25,8.40,2.09,0.06,Wilfried,0.2,377,170,11,2.74,0,False,18.1,374,177,351,False,59.0,398,176,,361,,2025-09-18T14:30:08.147956Z,52,214,132,p492859,0,0,None,0,,492859.jpg,1.5,411,183,15,0,106,False,0,0.0,[],Gnonto,0.1,510,183,False,None,4,1.0,a,14,11,2,2022-09-01,35.0,347,180,22,9198,43,40174,78,0.0,4.2,Gnonto,2
0,1996-11-20,0,51,False,True,0,0,0,0.0,6,221399,None,,0,0,-4,4,49.4,342,183,24,8.24,None,,0,3,0.0,0.0,0,0.23,0.08,0.51,0.18,0.28,3.82,1.31,0.1,Jack,0.0,759,328,5,1.72,0,False,11.5,407,185,352,False,30.0,429,188,,262,has joined ACF Fiorentina on loan for the rest of the season.,2026-01-19T15:40:40.404385Z,51,229,141,p221399,0,0,None,0,,221399.jpg,1.1,444,200,13,0,241,False,0,0.0,[],Harrison,0.0,595,224,False,None,1,0.34,u,5,11,2,2021-07-02,35.0,346,179,12,6000,0,18585,32,0.0,2.4,Harrison,0
0,1997-11-10,0,59,True,True,100,100,1,0.24,3,200617,None,,0,0,-3,3,97.3,261,159,20,4.71,None,,0,3,0.8,0.3,1,0.57,0.13,1.28,0.3,0.71,10.43,2.46,0.17,Daniel,0.8,300,140,13,3.06,0,False,23.0,354,169,353,False,38.4,418,183,,382,,2026-02-16T10:00:07.151196Z,52,206,127,p200617,0,0,None,0,,200617.jpg,1.2,439,197,13,0,244,False,0,0.0,[],James,0.1,482,169,False,None,4,0.94,a,4,11,2,2021-08-31,93.0,249,136,16,7927,89,52573,56,0.2,3.1,James,0
2,2000-09-14,6,410,True,True,100,100,4,0.16,107,199598,None,,0,0,-1,1,273.9,109,78,303,12.29,None,,1,3,4.0,3.5,4,1.46,0.06,3.13,0.13,1.67,35.83,1.45,0.07,Ethan,4.0,64,32,40,1.62,1,False,79.5,131,73,354,False,434.0,88,30,,2219,,2026-01-01T21:30:11.936054Z,49,300,188,p199598,0,0,None,0,,199598.jpg,3.6,109,50,136,0,244,False,0,0.0,[],Ampadu,0.2,393,131,False,None,25,1.01,a,60,11,2,2023-07-19,85.0,260,143,90,39882,1763,31198,468,0.8,18.4,Ampadu,7
0,2002-01-26,0,0,False,True,0,0,0,0,0,248937,None,,0,0,-1,1,0.0,765,330,0,0,None,,0,3,0.0,0.0,0,0.00,0,0.00,0,0.00,0.00,0,0,Sam,0.0,723,303,0,0,0,False,0.0,769,330,355,False,0.0,769,330,,0,has joined Pogon Szczecin permanently.,2025-09-02T12:00:32.393623Z,49,321,199,p248937,0,0,None,0,,248937.jpg,0.0,770,331,0,0,241,False,0,0,[],Greenwood,0.0,634,249,False,None,0,0,u,0,11,2,2021-01-09,0.0,760,328,0,1234,0,10111,2,0.0,0.0,Greenwood,0
4,2000-05-06,3,227,True,True,None,None,4,0.3,36,486520,4,,0,0,-3,3,155.5,192,127,106,8.06,None,,1,3,4.0,3.5,2,0.84,0.06,1.30,0.09,0.46,24.23,1.84,0.03,Ilia,4.0,62,30,23,1.75,0,False,40.3,285,143,356,False,186.6,267,112,,1184,,None,47,391,244,p486520,0,0,None,0,,486520.jpg,2.6,250,104,48,0,34,False,0,0.0,[],Gruev,0.1,438,149,False,None,14,1.06,a,22,11,2,2023-08-31,63.0,297,160,50,19751,574,11104,655,0.9,10.6,Gruev,3
0,2001-02-27,0,0,False,True,0,0,0,0,0,433952,None,,0,0,-1,1,0.0,767,332,0,0,None,,0,3,0.0,0.0,0,0.00,0,0.00,0,0.00,0.00,0,0,Largie,0.0,726,305,0,0,0,False,0.0,771,332,357,False,0.0,771,332,,0,has joined Valencia on loan for the rest of the season.,2025-09-02T12:00:32.377624Z,49,325,201,p433952,0,0,None,0,,433952.jpg,0.0,772,333,0,0,21,False,0,0,[],Ramazani,0.0,707,295,False,None,0,0,u,0,11,2,2024-08-22,0.0,762,330,0,203,0,4322,0,0.0,0.0,Ramazani,0
0,1998-09-10,2,166,True,True,100,100,2,0.24,20,248056,None,,0,0,-2,2,127.1,219,144,83,10.14,None,,0,3,0.0,-0.5,0,0.61,0.07,1.44,0.17,0.83,13.29,1.62,0.1,Tanaka,0.0,705,290,16,1.95,2,False,34.5,314,153,358,False,140.0,311,141,,737,,2025-08-24T01:30:06.493361Z,48,364,227,p248056,0,0,None,0,,248056.jpg,2.1,321,142,46,0,108,False,0,0.0,[],Ao,0.2,381,125,False,None,7,0.85,a,17,11,2,2024-08-30,78.0,272,147,43,52186,108,60676,527,0.0,9.0,Tanaka,1
0,2006-06-15,0,0,False,True,0,0,0,0,0,536119,None,,0,0,0,0,0.0,709,290,0,0,None,,0,3,0.0,0.0,0,0.00,0,0.00,0,0.00,0.00,0,0,Charlie,0.0,640,241,0,0,0,False,0.0,714,289,359,False,0.0,713,288,,0,Has joined Doncaster Rovers on loan for the rest of the season.,2025-08-11T01:12:36.647868Z,45,461,278,p536119,0,0,None,0,,536119.jpg,0.0,718,293,0,0,244,False,0,0,[],Crew,0.0,790,347,False,None,0,0,u,0,11,2,2024-03-28,0.0,693,283,0,0,0,968,2,0.0,0.0,Crew,0
0,2002-05-04,0,0,False,True,0,0,0,0,0,462635,None,,0,0,0,0,0.0,698,279,0,0,None,,0,3,0.0,0.0,0,0.00,0,0.00,0,0.00,0.00,0,0,Joe,0.0,627,229,0,0,0,False,0.0,703,278,360,False,0.0,701,276,,0,Has joined Hull City on loan for the rest of the season.,2025-08-11T11:07:52.207439Z,45,439,263,p462635,0,0,None,0,,462635.jpg,0.0,707,282,0,0,241,False,0,0,[],Gelhardt,0.0,754,321,False,None,0,0,u,0,11,2,2021-02-07,0.0,681,272,0,0,0,2891,0,0.0,0.0,Gelhardt,0
0,2004-02-18,0,0,False,True,0,0,0,0,0,470294,None,,0,0,0,0,0.0,699,280,0,0,None,,0,3,0.0,0.0,0,0.00,0,0.00,0,0.00,0.00,0,0,Darko,0.0,628,230,0,0,0,False,0.0,704,279,361,False,0.0,702,277,,0,has joined Hull City permanently.,2025-09-02T13:38:58.066167Z,45,440,264,p470294,0,0,None,0,,470294.jpg,0.0,708,283,0,0,241,False,0,0,[],Gyabi,0.0,665,269,False,None,0,0,u,0,11,2,2022-07-04,0.0,682,273,0,1165,0,8389,3,0.0,0.0,Gyabi,0
0,1999-08-02,0,30,True,True,100,100,1,0.43,1,235826,None,,0,0,-6,6,22.1,389,51,10,4.31,None,,0,4,0.2,-0.3,1,0.08,0.03,0.73,0.31,0.65,5.30,2.28,0.28,Joël,0.2,370,47,7,3.01,0,False,11.5,406,51,362,False,8.2,464,55,,209,,2025-09-11T17:30:06.758854Z,49,320,58,p235826,0,0,3,0,,235826.jpg,1.1,442,55,8,0,152,False,0,0.0,[],Piroe,0.3,296,49,False,None,2,0.86,a,1,11,2,2023-08-24,90.0,254,45,13,38522,114,219597,253,0.0,2.7,Piroe,0
0,1993-09-05,0,0,False,True,0,0,0,0,0,106617,None,,0,0,-1,1,0.0,759,84,0,0,None,,0,4,0.0,0.0,0,0.00,0,0.00,0,0.00,0.00,0,0,Patrick,0.0,711,76,0,0,0,False,0.0,763,85,363,False,0.0,763,85,,0,has departed the club as a free agent.,2025-09-02T12:00:32.408955Z,49,289,57,p106617,0,0,None,0,,106617.jpg,0.0,764,85,0,0,241,False,0,0,[],Bamford,0.3,303,50,False,None,0,0,u,0,11,2,2018-07-31,0.0,753,84,0,16144,0,202811,48,0.0,0.0,Bamford,0
0,2003-10-19,0,0,False,True,0,0,0,0,0,565297,None,,0,0,0,0,0.0,788,88,0,0,None,,0,4,0.0,0.0,0,0.00,0,0.00,0,0.00,0.00,0,0,Mateo,0.0,752,81,0,0,0,False,0.0,790,88,364,False,0.0,790,88,,0,Has joined RCD Mallorca on loan for the rest of the season.,2025-08-11T11:07:32.622877Z,50,278,56,p565297,0,0,None,0,,565297.jpg,0.0,791,88,0,0,200,False,0,0,[],Joseph Fernández-Regatillo,0.0,740,91,False,None,0,0,u,0,11,2,2022-11-04,0.0,784,88,0,0,0,2418,0,0.0,0.0,Mateo Joseph,0
1,1998-12-14,8,216,True,True,100,100,2,0.25,12,174594,None,,0,0,0,0,59.7,327,36,37,4.59,None,,0,4,3.2,2.7,1,0.82,0.1,7.01,0.87,6.19,15.28,1.9,0.77,Lukas,3.2,108,14,17,2.11,6,False,63.2,197,25,365,False,248.6,219,18,,725,,2026-01-29T15:30:09.161752Z,50,247,53,p174594,0,1,2,0,,174594.jpg,2.8,220,22,19,0,80,False,0,0.0,[],Nmecha,0.6,240,35,False,None,7,0.87,a,6,11,2,2025-07-01,323.0,67,25,62,207195,1324,213541,1876,0.6,12.4,Nmecha,0
2,1997-10-30,4,234,True,True,100,100,1,0.1,25,180135,2,,0,0,-2,2,357.3,68,53,100,9.54,2,,1,3,0.5,0.0,0,1.48,0.14,2.31,0.22,0.83,13.95,1.33,0.08,Sean,0.5,323,150,19,1.81,1,False,66.8,175,92,493,False,240.2,229,99,,943,,2025-11-27T15:30:07.230475Z,48,354,221,p180135,0,0,None,0,,180135.jpg,2.6,251,105,38,0,241,False,0,0.0,[],Longstaff,0.2,354,118,False,None,10,0.95,a,37,11,2,2025-07-18,71.0,285,154,44,177222,87,180768,186,0.1,9.2,Longstaff,2
6,1998-11-15,11,446,True,True,100,100,4,0.19,63,466525,1,,0,0,-3,3,729.6,5,5,211,10.18,1,,3,3,3.2,2.7,2,3.79,0.18,6.01,0.29,2.22,28.24,1.36,0.11,Anton,3.2,105,47,33,1.59,4,False,150.9,22,18,660,False,521.8,59,15,,1865,,2026-02-04T18:30:10.495299Z,47,390,243,p466525,0,0,None,0,,466525.jpg,4.8,17,10,100,0,80,False,0,0.0,[],Stach,2.2,129,43,False,None,22,1.06,a,48,11,2,2025-07-22,255.0,95,59,110,1030830,24183,808927,3767,0.7,23.4,Stach,3
0,1997-12-10,3,153,True,True,100,100,3,0.19,16,201595,None,,0,0,0,0,0.0,682,85,0,0.0,None,,0,1,0.0,-0.5,0,0.00,0.0,0.00,0.0,0.00,26.68,1.67,0.0,Lucas Estella,0.0,610,89,29,1.81,0,False,32.2,323,20,665,False,322.4,170,20,Lucas Perri,1440,,2025-09-11T17:30:07.176029Z,45,417,22,p201595,0,0,None,0,,201595.jpg,2.7,232,22,100,0,30,False,38,2.38,[],Perri,0.2,350,49,False,None,16,1.0,a,0,11,2,2025-07-26,0.0,663,75,43,42048,381,61756,352,0.0,9.6,Perri,2
2,1997-03-16,16,340,True,True,100,100,4,0.2,22,177815,None,,-1,1,2,-2,245.6,124,8,61,2.98,None,,2,4,2.8,2.3,2,0.98,0.05,11.16,0.55,10.19,23.77,1.16,0.5,Dominic,2.8,135,18,27,1.32,10,False,137.0,27,6,691,False,424.0,96,7,,1843,,2025-12-04T19:00:10.210491Z,57,113,32,p177815,0,0,1,0,,177815.jpg,4.2,51,6,29,0,241,False,0,0.0,[],Calvert-Lewin,9.3,39,6,False,None,20,0.98,a,10,11,2,2025-08-15,711.0,5,4,106,2800346,31241,1660776,52603,0.5,18.6,Calvert-Lewin,1
2,2000-05-24,3,228,True,True,0,0,4,0.28,21,435997,None,,0,0,0,0,199.8,161,112,87,6.18,None,,0,3,0.0,0.0,0,0.98,0.07,5.18,0.37,4.20,22.40,1.59,0.3,Noah,3.2,112,50,24,1.71,4,False,77.7,136,74,698,False,254.6,213,92,,1266,Hamstring injury - Expected back 14 Mar,2026-02-16T10:00:07.459038Z,55,145,90,p435997,0,0,None,0,,435997.jpg,2.9,203,85,46,0,207,False,0,0.0,[],Okafor,0.1,493,175,False,None,15,1.07,i,20,11,2,2025-08-21,322.0,68,39,67,62638,26,56676,616,0.6,12.2,Okafor,3
1,1998-02-23,6,156,True,True,75,None,2,0.18,69,220627,3,,0,0,-1,1,107.8,244,69,92,8.2,None,,1,2,2.1,2.3,2,0.79,0.07,1.71,0.15,0.92,20.18,1.8,0.08,James,2.8,127,42,17,1.51,1,False,48.1,252,81,706,False,248.8,218,85,,1010,Gashed Leg - 75% chance of playing,2026-03-02T16:30:09.035827Z,39,754,217,p220627,0,0,None,0,,220627.jpg,2.5,262,99,36,0,241,False,0,0.0,[],Justin,1.0,190,70,False,None,11,0.98,d,23,11,2,2025-08-25,123.0,219,55,47,163636,3836,53246,2168,0.7,12.1,Justin,2
0,2008-10-08,0,0,False,True,0,0,0,0,0,600882,None,,0,0,0,0,0.0,732,79,0,0,None,,0,4,0.0,0.0,0,0.00,0,0.00,0,0.00,0.00,0,0,Harry,0.0,668,70,0,0,0,False,0.0,738,80,741,False,0.0,738,80,,0,has joined Rotherham United on loan for the rest of the season.,2026-01-16T15:18:53.201761Z,45,492,71,p600882,0,0,None,0,,600882.jpg,0.0,740,80,0,0,241,False,0,0,[],Gray,0.1,501,70,False,None,0,0,u,0,11,2,2025-04-20,0.0,719,79,0,27606,0,23910,121,0.0,0.0,Gray,0
0,2007-08-18,0,0,True,True,None,None,0,0,0,565863,None,,0,0,-1,1,0.0,669,262,0,0,None,,0,3,0.0,-0.5,0,0.00,0,0.00,0,0.00,0.00,0,0,Sam,0.0,594,209,0,0,0,False,0.0,676,260,787,False,0.0,674,258,,0,,None,44,560,334,p565863,0,0,None,0,,565863.jpg,0.0,682,266,0,0,243,False,0,0,[],Chambers,0.0,737,311,False,None,0,0,a,0,11,2,2024-08-22,0.0,649,253,0,1862,99,844,58,0.0,0.0,Chambers,0
0,1992-10-02,8,350,True,True,100,100,8,0.35,35,116535,None,,0,0,-1,1,0.1,489,16,0,0.0,None,,1,1,4.8,4.3,2,0.03,0.0,0.03,0.0,0.00,26.40,1.15,0.0,Alisson,3.8,81,9,27,1.17,0,False,41.4,279,17,366,False,414.6,103,16,Alisson Becker,2070,,2025-11-27T10:00:06.952479Z,54,157,4,p116535,0,0,None,0,,116535.jpg,3.7,100,12,203,0,30,False,49,2.13,[],Becker,6.4,59,9,False,None,23,1.0,a,0,12,14,2018-07-19,0.0,793,92,84,638984,14295,1296117,5574,0.7,15.6,A.Becker,1
0,2000-09-29,0,70,True,True,None,None,1,0.2,7,449027,None,,0,0,-4,4,0.0,619,75,0,0.0,None,,0,1,1.0,0.5,0,0.00,0.0,0.00,0.0,0.00,7.10,1.42,0.0,Giorgi,0.0,519,79,10,2.0,0,False,13.9,392,24,367,False,140.0,310,24,,450,,None,41,654,38,p449027,0,0,None,1,,449027.jpg,3.8,82,8,43,0,79,False,17,3.4,[],Mamardashvili,0.5,252,33,False,None,5,1.0,a,0,12,14,2024-08-27,0.0,592,62,19,152668,216,167095,562,0.0,4.6,Mamardashvili,0
0,2005-02-24,0,0,True,True,None,None,0,0,0,586268,None,,0,0,-2,2,0.0,512,18,0,0,None,,0,1,1.0,0.5,0,0.00,0,0.00,0,0.00,0.00,0,0,Ármin,0.0,408,26,0,0,0,False,0.0,527,35,368,False,0.0,525,35,,0,,None,38,812,94,p586268,0,0,None,0,,586268.jpg,0.0,535,35,0,0,98,False,0,0,[],Pécsi,0.9,201,25,False,None,0,0,a,0,12,14,2025-06-07,0.0,481,5,0,139942,4162,51051,2949,0.0,0.0,Pécsi,0
0,1997-03-04,0,0,True,True,None,None,0,0,0,155503,None,,0,0,-1,1,0.0,524,28,0,0,None,,0,1,1.0,0.5,0,0.00,0,0.00,0,0.00,0.00,0,0,Freddie,0.0,420,35,0,0,0,False,0.0,538,44,369,False,0.0,536,44,,0,,None,39,748,75,p155503,0,0,None,0,,155503.jpg,0.0,546,44,0,0,241,False,0,0,[],Woodman,0.2,394,56,False,None,0,0,a,0,12,14,2025-07-01,0.0,493,15,0,22311,36,17211,176,0.0,0.0,Woodman,0
5,2000-12-10,0,156,True,True,100,100,2,0.33,13,216094,None,,0,0,-3,3,151.1,196,50,18,2.94,None,,0,2,1.8,1.3,4,1.15,0.19,1.54,0.25,0.39,6.12,1.0,0.06,Jeremie,0.8,302,103,7,1.14,0,False,34.7,312,106,370,False,90.2,367,140,,551,,2026-01-29T00:00:09.393048Z,57,117,11,p216094,0,0,None,0,,216094.jpg,3.2,162,60,31,0,152,False,0,0.0,[],Frimpong,4.7,77,25,False,None,6,0.98,a,5,12,14,2025-06-01,105.0,233,60,38,597527,7726,3354783,1060,0.1,6.7,Frimpong,0
1,2003-11-07,4,295,True,True,None,None,5,0.24,81,544877,None,,0,0,-4,4,366.1,62,12,121,5.77,None,,0,2,3.6,3.1,1,0.63,0.03,1.58,0.08,0.95,25.01,1.19,0.05,Milos,2.6,145,49,29,1.38,1,False,85.1,119,36,371,False,368.6,135,60,,1887,,None,56,134,15,p544877,0,0,None,0,,544877.jpg,2.5,277,107,76,0,98,False,0,0.0,[],Kerkez,3.0,107,42,False,None,23,1.1,a,40,12,14,2025-06-26,114.0,226,57,66,344298,4081,797070,2863,0.5,11.8,Kerkez,4
0,1994-03-11,4,145,True,True,None,None,3,0.43,23,122798,None,,0,0,-3,3,220.7,142,36,33,4.68,None,,1,2,2.8,2.3,0,0.94,0.13,1.15,0.16,0.22,8.39,1.19,0.03,Andrew,1.8,205,76,8,1.13,0,False,41.9,277,91,372,False,135.4,314,119,,635,,None,57,112,9,p122798,0,0,None,0,,122798.jpg,2.1,322,118,27,0,243,False,0,0.0,[],Robertson,1.0,191,71,False,None,5,0.71,a,10,12,14,2017-07-21,61.0,305,90,34,57709,309,133702,821,0.3,6.0,Robertson,0
1,1991-07-08,9,454,True,True,None,None,9,0.32,248,97032,None,,1,-1,1,-1,163.4,187,46,266,9.5,None,,2,2,8.8,8.3,7,0.91,0.03,3.13,0.11,2.22,33.50,1.2,0.08,Virgil,7.8,2,2,37,1.32,3,False,133.8,32,1,373,False,837.6,4,2,,2520,,None,61,80,3,p97032,0,0,None,0,,97032.jpg,4.6,30,11,60,0,152,False,0,0.0,[],van Dijk,30.5,11,3,False,None,28,1.0,a,18,12,14,2018-01-01,338.0,63,3,129,3969625,221518,3394419,3701,1.3,21.1,Virgil,4
0,1999-05-25,8,423,True,True,100,100,9,0.35,194,204716,None,,1,-1,0,0,134.1,208,52,238,9.21,None,,1,2,6.6,6.1,1,0.88,0.03,1.93,0.07,1.05,28.58,1.11,0.04,Ibrahima,5.6,15,5,31,1.2,1,False,85.4,117,35,374,False,621.8,27,12,,2326,,2026-01-23T11:00:09.438636Z,55,140,17,p204716,0,0,None,0,,204716.jpg,4.0,62,25,87,0,73,False,0,0.0,[],Konaté,4.2,84,28,False,None,27,1.04,a,44,12,14,2021-07-01,96.0,246,67,109,770373,23591,679456,8767,1.0,19.8,Konaté,5
2,2003-07-09,2,157,True,True,0,0,4,0.39,46,492777,None,,0,0,-1,1,105.2,247,70,65,6.3,None,,0,2,0.0,0.0,0,0.84,0.08,1.02,0.1,0.18,10.77,1.04,0.02,Conor,0.0,734,253,13,1.26,0,False,32.3,322,109,375,False,157.4,298,113,,928,Knee injury - Expected back 01 Jun,2026-01-09T17:30:11.990256Z,49,338,56,p492777,0,0,None,0,,492777.jpg,2.8,219,89,43,0,242,False,0,0.0,[],Bradley,0.1,413,151,False,None,12,1.16,i,19,12,14,2023-09-25,62.0,300,88,42,62645,8,71665,146,0.0,8.6,Bradley,5
2,1997-05-23,2,82,True,True,100,100,2,0.47,26,171287,None,,0,0,-1,1,69.8,305,101,31,7.28,None,,1,2,1.6,1.1,1,0.60,0.14,0.83,0.19,0.23,5.95,1.4,0.05,Joe,0.6,312,108,9,2.11,0,False,19.2,370,129,376,False,96.6,358,138,,383,,2026-01-25T00:30:09.079910Z,49,297,45,p171287,0,0,None,0,,171287.jpg,2.0,331,125,12,0,241,False,0,0.0,[],Gomez,0.1,416,153,False,None,5,1.17,a,5,12,14,2015-06-20,26.0,364,124,28,23444,304,29177,108,0.1,5.7,Gomez,2
0,1996-05-12,0,0,False,True,0,0,0,0,0,214285,None,,0,0,-2,2,0.0,755,261,0,0,None,,0,2,0.0,0.0,0,0.00,0,0.00,0,0.00,0.00,0,0,Konstantinos,0.0,700,248,0,0,0,False,0.0,760,261,377,False,0.0,760,261,,0,has joined AS Roma on loan for the rest of the season.,2025-09-22T09:16:54.545563Z,48,358,59,p214285,0,0,None,0,,214285.jpg,0.0,761,261,0,0,83,False,0,0,[],Tsimikas,0.0,593,212,False,None,0,0,u,0,12,14,2020-08-10,0.0,747,261,0,1669,0,12256,4,0.0,0.0,Tsimikas,0
0,2006-11-18,0,0,True,True,100,100,0,0,0,611926,None,,0,0,-3,3,0.0,492,179,0,0,None,,0,2,1.0,0.5,0,0.00,0,0.00,0,0.00,0.00,0,0,Amara,0.0,386,138,0,0,0,False,0.0,510,182,378,False,0.0,508,182,,0,,2025-10-30T11:30:08.685763Z,37,819,266,p611926,0,0,None,0,,611926.jpg,0.0,519,183,0,0,241,False,0,0,[],Nallo,1.1,182,68,False,None,0,0,a,0,12,14,2024-02-27,0.0,460,172,0,225363,959,109898,4274,0.0,0.0,Nallo,0
0,2001-02-03,0,0,True,True,None,None,0,0,0,219937,None,,0,0,-3,3,0.0,490,177,0,0,None,,0,2,1.0,0.5,0,0.00,0,0.00,0,0.00,0.00,0,0,Rhys,0.0,384,136,0,0,0,False,0.0,508,180,379,False,0.0,506,180,,0,,None,37,815,262,p219937,0,0,None,0,,219937.jpg,0.0,517,181,0,0,241,False,0,0,[],Williams,0.6,233,89,False,None,0,0,a,0,12,14,2020-09-23,0.0,458,170,0,92381,1553,48256,2748,0.0,0.0,R.Williams,0
0,2003-07-31,0,0,True,True,None,None,0,0,0,489580,None,,0,0,-2,2,0.0,501,187,0,0,None,,0,2,1.0,0.5,0,0.00,0,0.00,0,0.00,0.00,0,0,Calvin,0.0,397,148,0,0,0,False,0.0,518,189,380,False,0.0,516,189,,0,,None,38,798,246,p489580,0,0,None,0,,489580.jpg,0.0,526,189,0,0,243,False,0,0,[],Ramsay,0.2,353,129,False,None,0,0,a,0,12,14,2022-06-19,0.0,469,180,0,27649,69,31439,178,0.0,0.0,Ramsay,0
6,1992-06-15,5,278,True,True,100,100,6,0.32,9,118748,2,,0,0,-5,5,592.4,16,16,73,3.86,4,,0,3,4.6,4.1,2,4.28,0.23,10.65,0.57,6.37,25.57,1.35,0.34,Mohamed,3.6,91,41,29,1.53,4,False,155.1,21,17,381,False,353.6,142,48,Mohamed Salah,1702,,2025-12-13T14:30:11.477568Z,140,2,1,p118748,0,0,1,0,,118748.jpg,4.3,45,21,57,0,63,False,0,0.0,[],Salah,14.3,22,9,False,None,18,0.95,a,7,12,14,2017-07-01,605.0,17,6,87,1369070,7527,5895450,7633,0.3,6.2,M.Salah,1
3,2003-05-03,16,412,True,True,25,25,8,0.39,19,494595,4,,-1,1,-2,2,682.1,10,10,133,6.47,5,,3,3,1.1,1.0,0,4.10,0.2,9.73,0.47,5.64,23.77,1.16,0.27,Florian,3.4,97,45,23,1.12,4,False,162.1,16,12,382,False,409.0,106,33,,1850,Back injury - 25% chance of playing,2026-02-22T23:00:09.546609Z,83,13,8,p494595,0,0,None,0,,494595.jpg,4.0,72,35,86,0,80,False,0,0.0,[],Wirtz,10.4,33,10,False,None,21,1.02,d,28,12,14,2025-06-20,530.0,24,11,100,2151656,705,4557998,158943,0.4,12.0,Wirtz,1
0,1997-01-13,0,0,False,True,0,0,0,0,0,244731,None,,0,0,0,0,0.0,818,366,0,0,None,,0,3,0.0,0.0,0,0.00,0,0.00,0,0.00,0.00,0,0,Luis,0.0,815,366,0,0,0,False,0.0,818,366,383,False,0.0,818,366,,0,Has joined Bayern Munch permanently.,2025-07-30T14:05:01.491481Z,80,16,11,p244731,0,0,None,0,,244731.jpg,0.0,818,366,0,0,48,False,0,0,[],Díaz Marulanda,0.0,604,231,False,None,0,0,u,0,12,14,2022-01-30,0.0,818,366,0,0,0,7340,4,0.0,0.0,Luis Díaz,0
3,1999-05-07,5,359,True,True,100,100,7,0.33,29,243298,3,,0,0,-2,2,570.3,18,18,113,5.33,None,,1,3,4.6,4.1,6,4.16,0.2,9.79,0.47,5.63,21.77,1.03,0.27,Cody,3.6,89,39,27,1.27,6,False,158.5,17,13,384,False,420.0,99,32,,1908,,2025-12-09T02:00:07.849895Z,73,27,17,p243298,0,0,3,0,,243298.jpg,3.8,93,47,64,0,152,False,0,0.0,[],Gakpo,5.7,66,23,False,None,22,1.04,a,20,12,14,2023-01-01,596.0,19,8,98,3371340,28397,3742466,4094,0.5,13.4,Gakpo,2
1,1997-10-25,0,118,True,True,100,100,0,0.0,13,223541,None,,0,0,-2,2,34.1,367,188,27,9.64,None,,0,3,1.8,1.3,0,0.50,0.18,1.68,0.6,1.18,5.04,1.8,0.42,Federico,0.8,304,141,6,2.14,2,False,27.7,340,163,385,False,116.8,333,149,,252,,2026-01-22T01:30:07.298753Z,63,67,45,p223541,0,0,None,0,,223541.jpg,1.6,398,175,6,0,106,False,0,0.0,[],Chiesa,0.3,329,110,False,None,1,0.36,a,8,12,14,2024-08-29,127.0,213,119,32,56337,103,68729,227,0.1,5.1,Chiesa,2
2,1998-12-24,5,353,True,True,100,100,7,0.33,46,243016,None,,0,0,-3,3,357.7,67,52,164,7.74,None,,1,3,6.6,6.1,9,1.20,0.06,4.26,0.2,3.06,24.25,1.15,0.14,Alexis,5.6,17,7,26,1.23,2,False,97.4,86,51,386,False,352.8,143,49,,1906,,2025-08-28T17:30:07.822110Z,62,72,48,p243016,0,0,4,0,,243016.jpg,2.7,243,102,79,0,10,False,0,0.0,[],Mac Allister,1.7,148,49,False,None,23,1.09,a,39,12,14,2023-06-14,263.0,91,57,74,239711,38691,277876,1719,0.9,11.9,Mac Allister,4
3,2000-10-25,14,538,True,True,100,100,8,0.31,67,424876,1,,1,-1,4,-4,898.9,2,2,238,9.19,2,,2,3,5.0,4.5,4,4.43,0.17,7.97,0.31,3.54,31.50,1.22,0.14,Dominik,4.0,74,35,36,1.39,4,False,177.5,10,8,387,False,596.0,32,8,,2332,,2026-02-08T22:00:09.299317Z,69,39,23,p424876,0,1,2,0,,424876.jpg,4.0,70,33,132,1,98,False,0,0.0,[],Szoboszlai,10.1,34,11,False,None,26,1.0,a,39,12,14,2023-07-02,281.0,85,53,104,2346674,128843,1446885,11568,0.6,15.1,Szoboszlai,6
2,2001-01-30,1,269,True,True,100,100,3,0.23,22,206915,None,,0,0,-1,1,311.9,85,64,129,9.76,None,,0,3,2.2,1.7,0,2.27,0.17,3.65,0.27,1.38,18.75,1.42,0.1,Curtis,1.2,253,114,21,1.59,0,False,68.1,167,88,388,False,220.6,244,105,,1189,,2026-01-29T15:00:09.369227Z,54,166,102,p206915,0,0,None,0,,206915.jpg,1.9,354,154,84,0,241,False,0,0.0,[],Jones,0.1,453,156,False,None,11,0.83,a,23,12,14,2018-04-06,150.0,181,100,46,28846,103,33632,370,0.2,8.5,C.Jones,1
5,2002-05-16,13,543,True,True,100,100,9,0.35,90,441266,None,,0,0,0,0,408.8,45,40,245,9.62,None,,3,3,5.4,4.9,5,1.89,0.07,3.28,0.12,1.39,28.31,1.11,0.05,Ryan,4.4,48,22,31,1.22,4,False,112.0,58,37,390,False,559.6,46,12,,2293,,2025-10-20T00:30:09.747338Z,55,146,91,p441266,0,0,None,0,,441266.jpg,4.6,28,13,110,0,152,False,0,0.0,[],Gravenberch,5.2,69,24,False,None,26,1.02,a,45,12,14,2023-09-01,151.0,179,98,119,1997153,31236,1463441,8473,0.8,21.6,Gravenberch,4
1,1993-02-09,0,49,True,True,0,0,1,0.53,13,158983,None,,0,0,-1,1,18.1,397,197,23,12.18,None,,0,3,0.0,0.0,0,0.05,0.03,0.09,0.05,0.04,4.11,2.18,0.02,Endo,0.8,293,134,5,2.65,0,False,8.0,427,193,392,False,56.0,404,179,,170,Foot injury - Unknown return date,2026-02-12T13:30:08.951599Z,49,294,184,p158983,0,0,None,0,,158983.jpg,1.5,409,181,3,0,108,False,0,0.0,[],Wataru,0.1,506,182,False,None,1,0.53,i,7,12,14,2023-08-18,6.0,425,206,12,7361,6,15116,65,0.2,2.4,Endo,1
0,2004-10-22,0,0,True,True,0,0,0,0,0,535928,None,,0,0,-2,2,0.0,639,242,0,0,None,,0,3,0.0,0.0,0,0.00,0,0.00,0,0.00,0.00,0,0,Stefan,0.0,554,185,0,0,0,False,0.0,645,239,393,False,0.0,643,237,,0,Hamstring injury - Unknown return date,2025-09-12T10:00:06.938334Z,43,605,352,p535928,0,0,None,0,,535928.jpg,0.0,653,247,0,0,200,False,0,0,[],Bajčetić Maquieira,0.0,633,248,False,None,0,0,i,0,12,14,2022-07-11,0.0,616,231,0,6810,15,10098,27,0.0,0.0,Bajcetic,0
0,None,0,0,False,True,0,0,0,0,0,491501,None,,0,0,-1,1,0.0,660,256,0,0,None,,0,3,0.0,0.0,0,0.00,0,0.00,0,0.00,0.00,0,0,James,0.0,583,201,0,0,0,False,0.0,666,253,394,False,0.0,664,251,,0,has joined Ajax on loan for the rest of the season.,2025-09-22T21:23:24.738341Z,44,547,325,p491501,0,0,None,0,,491501.jpg,0.0,673,260,0,0,None,False,0,0,[],McConnell,0.0,679,275,False,None,0,0,u,0,12,14,None,0.0,638,245,0,1737,0,4095,3,0.0,0.0,McConnell,0
0,2002-10-31,0,0,False,True,0,0,0,0,0,440148,None,,0,0,0,0,0.0,690,273,0,0,None,,0,3,0.0,0.0,0,0.00,0,0.00,0,0.00,0.00,0,0,Tyler,0.0,620,223,0,0,0,False,0.0,696,272,395,False,0.0,694,270,,0,Has joined Lyon permanently.,2025-08-11T01:13:11.403187Z,45,430,257,p440148,0,0,None,0,,440148.jpg,0.0,700,276,0,0,241,False,0,0,[],Morton,0.0,804,357,False,None,0,0,u,0,12,14,2021-07-22,0.0,673,266,0,0,0,359,0,0.0,0.0,Morton,0
0,2007-06-30,0,3,True,True,None,None,0,0.0,0,591386,None,,0,0,-2,2,10.3,418,206,2,30.0,None,,0,3,1.2,0.7,1,0.00,0.0,0.37,5.55,0.37,0.00,0.0,5.55,Trey,0.2,365,163,0,0.0,0,False,1.5,471,215,396,False,2.2,486,224,,6,,None,43,614,359,p591386,0,0,None,0,,591386.jpg,1.0,464,203,2,0,241,False,0,0.0,[],Nyoni,0.3,309,105,False,None,0,0.0,a,0,12,14,2023-11-11,4.0,431,211,3,97698,155,82720,373,0.0,0.7,Nyoni,0
0,1999-06-24,0,0,False,True,0,0,0,0,0,447203,None,,0,0,0,0,0.0,814,91,0,0,None,,0,4,0.0,0.0,0,0.00,0,0.00,0,0.00,0.00,0,0,Darwin,0.0,807,88,0,0,0,False,0.0,814,91,397,False,0.0,814,91,,0,Has joined Al-Hilal permanently.,2025-08-11T11:06:59.061616Z,65,51,18,p447203,0,0,None,0,,447203.jpg,0.0,814,91,0,0,230,False,0,0,[],Núñez Ribeiro,0.1,553,78,False,None,0,0,u,0,12,14,2022-06-14,0.0,814,91,0,0,0,15949,10,0.0,0.0,Darwin,0
0,2006-01-16,0,0,True,True,0,0,0,0,0,500058,None,,0,0,-2,2,0.0,636,65,0,0,None,,0,4,0.0,0.0,0,0.00,0,0.00,0,0.00,0.00,0,0,Jayden,0.0,551,55,0,0,0,False,0.0,643,66,398,False,0.0,641,66,,0,Hamstring injury - Unknown return date,2025-10-17T01:00:10.583515Z,43,601,85,p500058,0,0,None,0,,500058.jpg,0.0,651,66,0,0,241,False,0,0,[],Danns,0.1,472,68,False,None,0,0,i,0,12,14,2024-02-20,0.0,613,65,0,9022,22,19623,47,0.0,0.0,Danns,0
1,1999-09-21,2,96,True,True,0,0,1,0.18,6,219168,None,,0,0,-2,2,36.5,362,45,23,4.13,None,,0,4,0.0,0.0,0,0.07,0.01,2.11,0.38,2.04,5.10,0.92,0.37,Alexander,0.0,817,92,7,1.26,2,False,26.9,345,41,499,False,97.6,355,37,,501,Ankle injury - Expected back 11 Apr,2025-12-20T23:00:11.567903Z,103,4,2,p219168,0,0,None,0,,219168.jpg,2.9,207,20,11,0,206,False,0,0.0,[],Isak,3.5,95,17,False,None,6,1.08,i,6,12,14,2025-09-01,143.0,192,41,29,1797235,71,2414346,954,0.0,2.8,Isak,0
4,2002-06-20,22,418,True,True,100,100,7,0.38,30,510663,None,,1,-1,5,-5,268.0,111,5,76,4.09,None,,4,4,7.8,7.3,15,2.02,0.11,11.56,0.62,9.54,25.09,1.35,0.51,Hugo,6.8,7,2,22,1.18,11,False,148.4,24,5,661,False,517.2,62,5,,1674,,2026-01-04T21:30:13.458754Z,90,7,3,p510663,0,0,None,0,,510663.jpg,4.8,21,4,36,0,73,False,0,0.0,[],Ekitiké,30.3,12,4,False,None,19,1.02,a,10,12,14,2025-07-23,709.0,6,5,121,8161559,357883,6668886,5840,0.8,13.4,Ekitiké,0
0,2008-08-29,0,70,True,True,None,None,0,0.0,1,611922,None,,0,0,-2,2,84.3,285,166,6,5.24,None,,0,3,1.4,0.9,1,0.77,0.67,1.26,1.1,0.49,3.23,2.82,0.43,Rio,0.4,335,153,3,2.62,1,False,21.3,362,172,686,False,67.2,391,173,,103,,None,43,619,363,p611922,0,0,None,0,,611922.jpg,1.5,403,177,3,0,241,False,0,0.0,[],Ngumoha,0.8,207,73,False,None,0,0.0,a,2,12,14,2024-12-17,60.0,307,166,15,252113,2764,179700,2802,0.1,3.5,Ngumoha,0
0,2006-12-21,0,0,True,True,0,0,0,0,0,647681,None,,0,0,-1,1,0.0,777,262,0,0,None,,0,2,0.0,0.0,0,0.00,0,0.00,0,0.00,0.00,0,0,Giovanni,0.0,740,254,0,0,0,False,0.0,781,262,692,False,0.0,781,262,,0,Knee injury - Expected back 01 Sep,2025-09-24T06:00:06.281394Z,49,350,58,p647681,0,0,None,0,,647681.jpg,0.0,782,262,0,0,106,False,0,0,[],Leoni,0.0,714,248,False,None,0,0,i,0,12,14,2025-08-15,0.0,773,262,0,1873,7,2521,11,0.0,0.0,Leoni,0
0,2006-11-09,0,0,True,True,None,None,0,0,0,596042,None,,0,0,0,0,0.0,731,307,0,0,None,,0,3,1.0,0.5,0,0.00,0,0.00,0,0.00,0.00,0,0,Kieran,0.0,667,263,0,0,0,False,0.0,737,307,746,False,0.0,737,307,,0,,None,45,490,300,p596042,0,0,None,0,,596042.jpg,0.0,739,309,0,0,242,False,0,0,[],Morrison,0.0,745,315,False,None,0,0,a,0,12,14,2025-01-29,0.0,718,303,0,1011,7,813,21,0.0,0.0,Morrison,0
0,2006-01-12,0,0,True,True,None,None,0,0,0,519440,None,,0,0,0,0,0.0,594,227,0,0,None,,0,2,1.0,0.5,0,0.00,0,0.00,0,0.00,0.00,0,0,Wellity,0.0,491,193,0,0,0,False,0.0,604,227,760,False,0.0,602,227,,0,,None,40,708,186,p519440,0,0,None,0,,519440.jpg,0.0,612,227,0,0,200,False,0,0,[],Lucky,0.0,694,241,False,None,0,0,a,0,12,14,2025-08-01,0.0,565,223,0,1025,28,858,50,0.0,0.0,Lucky,0
6,2000-01-07,17,534,True,True,100,100,8,0.3,38,437730,None,,1,-1,12,-12,471.9,32,30,198,7.35,None,,4,3,7.5,7.5,8,2.29,0.08,11.87,0.44,9.58,39.14,1.45,0.36,Antoine,7.0,6,3,44,1.63,14,False,205.0,3,2,82,True,754.0,7,2,,2426,,2025-11-17T13:00:08.045504Z,82,14,9,p437730,0,1,None,0,,437730.jpg,6.1,4,2,121,0,81,False,0,0.0,"[{'property': 'blank_gw', 'notes': 'This player currently has no Premier League fixture in Gameweek 31.', 'gameweek': 31, 'url': None}]",Semenyo,54.8,2,1,False,None,27,1.0,a,39,13,43,2026-01-09,822.0,3,1,165,11528257,169251,6096443,6792,0.9,20.1,Semenyo,6
0,2002-10-10,0,62,True,True,None,None,1,0.33,6,432720,None,,0,0,-5,5,0.0,688,86,0,0.0,None,,0,1,0.5,0.5,0,0.00,0.0,0.00,0.0,0.00,3.97,1.32,0.0,James,0.0,618,90,4,1.33,0,False,10.1,414,27,182,False,100.2,351,26,,270,,None,45,428,23,p432720,0,0,None,0,,432720.jpg,3.7,96,9,33,0,241,False,11,3.67,"[{'property': 'blank_gw', 'notes': 'This player currently has no Premier League fixture in Gameweek 31.', 'gameweek': 31, 'url': None}]",Trafford,0.9,200,24,False,None,3,1.0,a,2,13,43,2025-07-29,0.0,671,76,11,99822,66,272609,286,0.0,2.4,Trafford,0
4,2000-07-13,9,502,True,True,100,100,10,0.38,178,209036,None,,0,0,7,-7,193.5,168,39,215,8.27,None,,3,2,4.7,4.7,6,2.05,0.08,4.91,0.19,2.86,34.02,1.31,0.11,Marc,4.2,56,17,27,1.04,2,False,116.5,49,6,260,True,656.8,17,6,,2340,,2026-01-17T10:30:09.463372Z,52,208,28,p209036,0,0,None,0,,209036.jpg,5.1,10,3,107,0,241,False,0,0.0,"[{'property': 'blank_gw', 'notes': 'This player currently has no Premier League fixture in Gameweek 31.', 'gameweek': 31, 'url': None}]",Guéhi,37.0,6,2,False,None,26,1.0,a,37,13,43,2026-01-19,314.0,72,5,132,5981770,64152,3030465,22899,0.8,25.4,Guéhi,5
0,1993-08-17,0,0,False,True,0,0,0,0,0,121160,None,,0,0,-2,2,0.0,794,93,0,0,None,,0,1,0.0,0.0,0,0.00,0,0.00,0,0.00,0.00,0,0,Ederson,0.0,769,94,0,0,0,False,0.0,795,94,399,False,0.0,795,94,,0,has joined Fenerbache permanently.,2025-09-02T13:32:35.715838Z,53,185,5,p121160,0,0,None,0,,121160.jpg,0.0,796,94,0,0,30,False,0,0,"[{'property': 'blank_gw', 'notes': 'This player currently has no Premier League fixture in Gameweek 31.', 'gameweek': 31, 'url': None}]",Santana de Moraes,0.8,205,26,False,None,0,0,u,0,13,43,2017-07-01,0.0,791,91,0,15200,0,273029,102,0.0,0.0,Ederson M.,0
0,1992-05-24,0,0,True,True,100,100,0,0,0,122074,None,,0,0,-2,2,0.0,495,17,0,0,None,,0,1,0.5,0.5,0,0.00,0,0.00,0,0.00,0.00,0,0,Marcus,0.0,390,25,0,0,0,False,0.0,513,34,401,False,0.0,511,34,,0,,2025-08-22T12:00:07.134628Z,38,787,93,p122074,0,0,None,0,,122074.jpg,0.0,521,34,0,0,241,False,0,0,"[{'property': 'blank_gw', 'notes': 'This player currently has no Premier League fixture in Gameweek 31.', 'gameweek': 31, 'url': None}]",Bettinelli,0.4,277,35,False,None,0,0,a,0,13,43,2025-06-10,0.0,463,4,0,56941,2076,33802,1819,0.0,0.0,Bettinelli,0
1,2001-06-06,7,146,True,True,100,100,3,0.42,27,448514,None,,0,0,-3,3,87.7,275,87,51,7.14,None,,1,2,5.7,5.7,11,1.24,0.17,1.60,0.22,0.36,8.44,1.18,0.05,Rayan,5.2,22,6,5,0.7,0,False,25.5,347,118,402,False,122.0,327,126,,643,,2025-12-13T14:30:11.538845Z,57,118,12,p448514,0,0,None,0,,448514.jpg,3.5,123,44,27,0,3,False,0,0.0,"[{'property': 'blank_gw', 'notes': 'This player currently has no Premier League fixture in Gameweek 31.', 'gameweek': 31, 'url': None}]",Aït-Nouri,4.1,85,29,False,None,8,1.12,a,24,13,43,2025-06-09,46.0,328,107,39,573585,26605,2398972,1000,0.9,6.8,Aït-Nouri,2
2,2002-01-23,5,291,True,True,0,0,6,0.42,82,477424,None,,0,0,-1,1,104.7,249,72,99,6.85,None,,2,2,0.0,0.0,0,0.64,0.04,2.83,0.19,2.19,15.29,1.06,0.15,Joško,0.0,799,264,13,0.9,2,False,65.3,184,61,403,False,354.6,140,61,,1301,Leg injury - Unknown return date,2026-01-04T21:30:12.663651Z,59,101,7,p477424,0,0,None,0,,477424.jpg,4.8,19,5,48,0,97,False,0,0.0,"[{'property': 'blank_gw', 'notes': 'This player currently has no Premier League fixture in Gameweek 31.', 'gameweek': 31, 'url': None}]",Gvardiol,3.3,100,36,False,None,15,1.04,i,17,13,43,2023-08-05,193.0,134,25,77,1374238,50,2180155,3003,0.0,13.1,Gvardiol,2
0,1995-07-19,0,0,False,True,0,0,0,0,0,211975,None,,0,0,-1,1,0.0,797,265,0,0,None,,0,2,0.0,0.0,0,0.00,0,0.00,0,0.00,0.00,0,0,Manuel,0.0,779,262,0,0,0,False,0.0,798,265,404,False,0.0,798,265,,0,has joined Inter Milan on loan for the rest of the season.,2025-09-02T13:32:35.738667Z,54,167,19,p211975,0,0,None,0,,211975.jpg,0.0,799,265,0,0,207,False,0,0,"[{'property': 'blank_gw', 'notes': 'This player currently has no Premier League fixture in Gameweek 31.', 'gameweek': 31, 'url': None}]",Akanji,0.3,340,123,False,None,0,0,u,0,13,43,2022-09-01,0.0,795,265,0,9281,0,85459,30,0.0,0.0,Akanji,0
0,1995-02-18,1,114,True,True,None,None,2,0.37,29,126184,None,,-1,1,-3,3,93.1,269,82,38,7.02,None,,0,2,0.9,0.9,1,0.44,0.08,0.72,0.13,0.28,7.92,1.46,0.05,Nathan,0.4,345,119,7,1.29,0,False,22.1,357,123,405,False,102.0,347,132,,487,,None,52,205,27,p126184,0,0,None,0,,126184.jpg,1.9,349,131,12,0,152,False,0,0.0,"[{'property': 'blank_gw', 'notes': 'This player currently has no Premier League fixture in Gameweek 31.', 'gameweek': 31, 'url': None}]",Aké,0.6,237,90,False,None,4,0.74,a,9,13,43,2020-08-05,25.0,366,125,27,44789,157,85663,337,0.1,5.2,Aké,1
0,2004-02-29,0,157,True,True,100,100,3,0.34,52,578153,None,,0,0,-1,1,34.1,366,130,73,8.38,None,,0,2,2.1,2.1,0,0.10,0.01,0.40,0.04,0.30,11.39,1.31,0.03,Abdukodir,1.6,221,82,7,0.8,0,False,19.1,372,130,406,False,152.2,300,114,,784,,2026-02-08T22:00:09.344782Z,54,184,22,p578153,0,0,None,0,,578153.jpg,2.5,276,106,39,0,231,False,0,0.0,"[{'property': 'blank_gw', 'notes': 'This player currently has no Premier League fixture in Gameweek 31.', 'gameweek': 31, 'url': None}]",Khusanov,0.4,291,108,False,None,8,0.92,a,21,13,43,2025-01-20,4.0,438,162,32,54037,426,73964,1072,0.3,5.9,Khusanov,2
7,1998-08-27,16,525,True,True,100,100,9,0.39,109,465351,None,,0,0,-1,1,378.8,59,11,155,6.69,None,,5,2,4.5,4.5,8,1.71,0.07,1.96,0.08,0.25,24.60,1.06,0.01,Matheus,4.0,70,20,20,0.86,1,False,97.7,85,21,407,False,533.4,54,25,Matheus Nunes,2084,,2026-01-20T00:30:08.597207Z,54,174,21,p465351,0,0,4,0,,465351.jpg,5.0,12,4,127,0,173,False,0,0.0,"[{'property': 'blank_gw', 'notes': 'This player currently has no Premier League fixture in Gameweek 31.', 'gameweek': 31, 'url': None}]",Nunes,3.3,102,38,False,None,23,0.99,a,46,13,43,2023-09-01,62.0,303,89,125,905562,18475,570268,4696,0.7,23.1,Matheus N.,4
0,1997-05-14,4,440,True,True,100,100,12,0.55,148,171314,None,,0,0,0,0,120.1,226,58,160,7.35,None,,1,2,3.7,3.7,9,0.53,0.02,1.10,0.05,0.57,23.33,1.07,0.03,Rúben,3.2,111,39,18,0.83,2,False,74.5,143,47,408,False,527.8,56,27,Rúben Dias,1959,,2026-01-04T21:30:12.685474Z,55,138,16,p171314,0,0,None,0,,171314.jpg,4.6,27,10,66,0,173,False,0,0.0,"[{'property': 'blank_gw', 'notes': 'This player currently has no Premier League fixture in Gameweek 31.', 'gameweek': 31, 'url': None}]",dos Santos Gato Alves Dias,3.4,98,35,False,None,22,1.01,a,12,13,43,2020-09-29,96.0,245,66,111,938723,5915,1052172,1376,0.6,20.2,Rúben,3
0,1994-05-28,0,45,True,True,100,100,1,0.26,19,97299,None,,0,0,-1,1,19.6,394,143,19,4.87,None,,0,2,0.5,0.5,0,0.06,0.02,0.06,0.02,0.00,5.05,1.29,0.0,John,0.0,773,261,8,2.05,0,False,9.8,415,149,409,False,76.6,381,146,,351,,2025-12-08T10:30:09.659145Z,54,156,18,p97299,0,0,None,0,,97299.jpg,1.7,384,144,17,0,241,False,0,0.0,"[{'property': 'blank_gw', 'notes': 'This player currently has no Premier League fixture in Gameweek 31.', 'gameweek': 31, 'url': None}]",Stones,0.6,245,92,False,None,4,1.03,a,0,13,43,2016-08-09,2.0,456,169,12,51057,150,109724,147,0.0,2.2,Stones,0
1,2004-11-21,2,75,True,True,100,100,1,0.29,14,477064,None,,0,0,-4,4,97.3,260,78,19,5.5,None,,1,2,0.5,0.5,0,1.31,0.38,1.42,0.41,0.11,5.04,1.46,0.03,Rico,0.0,689,246,5,1.45,0,False,20.7,365,126,410,False,67.4,390,149,,311,,2025-09-05T10:00:06.653551Z,46,400,69,p477064,0,0,None,0,,477064.jpg,1.9,344,129,10,0,241,False,0,0.0,"[{'property': 'blank_gw', 'notes': 'This player currently has no Premier League fixture in Gameweek 31.', 'gameweek': 31, 'url': None}]",Lewis,1.2,176,66,False,None,3,0.87,a,5,13,43,2022-07-16,43.0,333,109,19,368958,473,461119,687,0.0,4.1,Lewis,1
3,2005-03-21,6,433,True,True,75,100,11,0.49,79,472769,None,,1,-1,1,-1,321.5,77,18,139,6.13,None,,2,2,6.2,8.3,6,1.68,0.07,5.04,0.22,3.36,26.95,1.19,0.15,Nico,7.8,1,1,19,0.84,4,False,116.5,48,5,411,False,509.8,65,29,,2040,Ankle injury - 75% chance of playing,2026-02-28T22:30:07.074874Z,51,237,35,p472769,0,0,None,0,,472769.jpg,4.6,26,9,80,0,241,False,0,0.0,"[{'property': 'blank_gw', 'notes': 'This player currently has no Premier League fixture in Gameweek 31.', 'gameweek': 31, 'url': None}]",O'Reilly,9.8,35,13,False,None,22,0.97,d,60,13,43,2022-12-16,333.0,64,4,123,2658907,52225,1448412,31496,1.5,24.1,O'Reilly,4
0,2006-01-12,0,0,False,True,0,0,0,0,0,616222,None,,0,0,0,0,0.0,792,264,0,0,None,,0,2,0.0,0.0,0,0.00,0,0.00,0,0.00,0.00,0,0,Vitor,0.0,756,256,0,0,0,False,0.0,794,264,412,False,0.0,794,264,,0,Has joined Girona on loan for the rest of the season.,2025-08-11T01:23:23.836966Z,50,283,42,p616222,0,0,None,0,,616222.jpg,0.0,795,264,0,0,30,False,0,0,"[{'property': 'blank_gw', 'notes': 'This player currently has no Premier League fixture in Gameweek 31.', 'gameweek': 31, 'url': None}]",de Oliveira Nunes dos Reis,0.0,779,261,False,None,0,0,u,0,13,43,2025-01-21,0.0,788,264,0,0,0,851,0,0.0,0.0,Vitor Reis,0
2,1999-02-07,4,112,True,True,100,100,3,0.53,6,438234,None,,0,0,-2,2,134.4,207,135,30,5.33,4,,0,3,2.7,2.7,3,0.67,0.12,2.79,0.5,2.12,6.04,1.07,0.38,Omar,2.2,174,80,4,0.71,1,False,46.9,255,132,413,False,118.2,331,148,Omar Marmoush,507,,2025-12-13T14:30:11.571466Z,83,12,7,p438234,0,0,2,0,,438234.jpg,2.3,299,132,13,0,63,False,0,0.0,"[{'property': 'blank_gw', 'notes': 'This player currently has no Premier League fixture in Gameweek 31.', 'gameweek': 31, 'url': None}]",Marmoush,2.6,117,38,False,None,6,1.07,a,11,13,43,2025-01-23,220.0,110,66,37,261282,6762,1261557,2335,0.3,4.5,Marmoush,1
3,2000-05-28,10,466,True,True,100,100,10,0.52,21,209244,2,,0,0,1,-1,724.6,6,6,127,6.66,3,,3,3,1.9,1.9,0,3.59,0.19,8.88,0.47,5.29,20.99,1.1,0.28,Phil,1.4,241,108,14,0.73,7,False,163.0,15,11,414,False,486.6,71,21,,1716,,2025-08-10T23:00:06.538510Z,81,15,10,p209244,0,0,None,0,,209244.jpg,4.5,33,17,80,0,241,False,0,0.0,"[{'property': 'blank_gw', 'notes': 'This player currently has no Premier League fixture in Gameweek 31.', 'gameweek': 31, 'url': None}]",Foden,8.8,41,14,False,None,20,1.05,a,26,13,43,2016-12-05,421.0,37,21,109,6163306,2452,5432216,31246,0.2,13.5,Foden,4
2,2004-04-10,0,88,True,True,100,100,2,0.33,9,510281,None,,0,0,-1,1,138.1,206,134,46,7.49,None,,0,3,0.5,0.5,0,1.18,0.19,2.46,0.4,1.28,6.49,1.06,0.21,Sávio,0.0,810,363,5,0.81,0,False,43.1,270,136,415,False,75.2,383,169,Savinho,553,,2026-01-02T00:30:11.916072Z,69,41,24,p510281,0,0,None,0,,510281.jpg,1.6,399,176,31,0,30,False,0,0.0,"[{'property': 'blank_gw', 'notes': 'This player currently has no Premier League fixture in Gameweek 31.', 'gameweek': 31, 'url': None}]",Moreira de Oliveira,0.4,279,99,False,None,5,0.81,a,6,13,43,2024-07-18,218.0,111,67,26,33933,208,113551,135,0.0,3.8,Savinho,2
4,1994-08-10,1,363,True,True,100,100,9,0.39,48,165809,1,,0,0,-3,3,517.5,25,24,186,8.06,None,,0,3,3.7,3.7,3,2.83,0.12,4.07,0.17,1.24,26.59,1.15,0.05,Bernardo,3.2,114,51,21,0.91,1,False,100.1,83,50,416,False,340.6,151,53,Bernardo Silva,2078,,2026-02-05T02:00:09.786263Z,62,71,47,p165809,0,0,None,0,,165809.jpg,2.5,279,120,107,0,173,False,0,0.0,"[{'property': 'blank_gw', 'notes': 'This player currently has no Premier League fixture in Gameweek 31.', 'gameweek': 31, 'url': None}]",Mota Veiga de Carvalho e Silva,0.6,243,85,False,None,24,1.04,a,31,13,43,2017-07-01,142.0,193,107,70,92389,1160,130646,1262,0.5,11.3,Bernardo,8
8,2003-08-17,12,401,True,True,100,100,6,0.46,15,466052,3,,0,0,-1,1,621.3,15,15,111,8.42,2,,2,3,3.3,3.3,3,6.11,0.46,8.29,0.63,2.18,16.13,1.22,0.17,Rayan,2.8,136,62,11,0.83,3,False,135.6,30,23,417,False,400.0,116,37,,1186,,2026-02-02T00:30:10.807603Z,64,59,38,p466052,0,0,None,0,,466052.jpg,4.1,54,26,74,0,73,False,0,0.0,"[{'property': 'blank_gw', 'notes': 'This player currently has no Premier League fixture in Gameweek 31.', 'gameweek': 31, 'url': None}]",Cherki,7.8,50,17,False,None,13,0.99,a,22,13,43,2025-06-10,333.0,65,38,94,2693660,13517,2724711,30452,0.4,14.7,Cherki,1
7,2002-05-27,9,305,True,True,100,50,5,0.38,10,248875,None,,0,0,-1,1,557.2,19,19,79,6.03,None,,1,3,0.5,0.2,0,4.25,0.32,6.06,0.46,1.81,15.61,1.19,0.14,Jérémy,0.0,804,359,13,0.99,1,False,123.8,39,29,418,False,302.0,185,74,,1179,,2026-01-29T00:00:09.498877Z,64,56,35,p248875,0,0,3,0,,248875.jpg,3.6,115,53,54,0,21,False,0,0.0,"[{'property': 'blank_gw', 'notes': 'This player currently has no Premier League fixture in Gameweek 31.', 'gameweek': 31, 'url': None}]",Doku,2.3,127,42,False,None,13,0.99,a,15,13,43,2023-08-24,380.0,51,31,72,2120527,903,2084598,1605,0.0,11.2,Doku,0
0,1990-10-24,0,0,False,True,0,0,0,0,0,59859,None,,0,0,-2,2,0.0,811,362,0,0,None,,0,3,0.0,0.0,0,0.00,0,0.00,0,0.00,0.00,0,0,İlkay,0.0,801,357,0,0,0,False,0.0,811,362,420,False,0.0,811,362,,0,has joined Galatasaray permanently.,2025-09-05T08:55:41.702765Z,63,62,41,p59859,0,0,None,0,,59859.jpg,0.0,811,362,0,0,80,False,0,0,"[{'property': 'blank_gw', 'notes': 'This player currently has no Premier League fixture in Gameweek 31.', 'gameweek': 31, 'url': None}]",Gündoğan,0.1,556,203,False,None,0,0,u,0,13,43,2024-08-23,0.0,811,362,0,1928,0,19862,3,0.0,0.0,Gündoğan,0
0,1996-06-22,3,240,True,True,100,100,4,0.34,44,220566,None,,0,0,-2,2,293.7,92,68,150,12.7,None,,0,3,4.3,4.3,3,1.37,0.12,1.75,0.15,0.38,14.60,1.24,0.03,Rodrigo 'Rodri',3.8,83,37,10,0.85,0,False,58.3,209,104,421,False,239.0,230,100,Rodri,1063,,2025-11-07T16:00:08.654141Z,63,66,44,p220566,0,0,None,0,,220566.jpg,2.8,228,94,73,0,200,False,0,0.0,"[{'property': 'blank_gw', 'notes': 'This player currently has no Premier League fixture in Gameweek 31.', 'gameweek': 31, 'url': None}]",Hernandez Cascante,0.5,263,92,False,None,12,1.02,a,33,13,43,2019-07-04,50.0,321,168,44,61316,988,100380,645,0.6,7.0,Rodrigo,2
0,1994-05-06,0,3,True,True,0,0,0,0.0,0,91651,None,,0,0,-2,2,0.8,469,227,0,0.0,None,,0,3,0.0,0.0,0,0.00,0.0,0.00,0.0,0.00,0.00,0.0,0.0,Mateo,0.0,792,350,0,0.0,0,False,0.3,499,231,422,False,2.6,484,223,,4,Ankle injury - Unknown return date,2025-11-03T09:30:08.601064Z,58,104,67,p91651,0,0,None,0,,91651.jpg,1.0,502,236,0,0,97,False,0,0.0,"[{'property': 'blank_gw', 'notes': 'This player currently has no Premier League fixture in Gameweek 31.', 'gameweek': 31, 'url': None}]",Kovačić,0.0,685,280,False,None,0,0.0,i,0,13,43,2023-06-27,0.0,806,358,1,2430,5,3374,6,0.0,0.2,Kovačić,0
0,2002-01-03,1,289,True,True,100,100,7,0.46,67,465694,None,,0,0,-1,1,185.6,176,120,182,11.96,None,,0,3,0.5,0.5,0,1.00,0.07,1.56,0.11,0.56,16.77,1.1,0.04,Nico,0.0,797,355,14,0.92,1,False,52.8,231,115,423,False,278.6,200,82,,1370,,2026-01-16T16:30:09.636510Z,59,98,63,p465694,0,0,None,0,,465694.jpg,2.6,260,112,79,0,200,False,0,0.0,"[{'property': 'blank_gw', 'notes': 'This player currently has no Premier League fixture in Gameweek 31.', 'gameweek': 31, 'url': None}]",González Iglesias,0.1,473,163,False,None,15,0.99,a,36,13,43,2025-02-03,64.0,295,159,55,27754,73,30904,109,0.0,9.3,N.Gonzalez,6
0,2006-01-02,0,0,False,True,0,0,0,0,0,575204,None,,0,0,-1,1,0.0,803,356,0,0,None,,0,3,0.0,0.0,0,0.00,0,0.00,0,0.00,0.00,0,0,Claudio,0.0,787,347,0,0,0,False,0.0,804,356,425,False,0.0,804,356,,0,has joined Girona on loan for the rest of the season.,2025-08-21T14:03:07.217793Z,54,183,113,p575204,0,0,None,0,,575204.jpg,0.0,805,357,0,0,10,False,0,0,"[{'property': 'blank_gw', 'notes': 'This player currently has no Premier League fixture in Gameweek 31.', 'gameweek': 31, 'url': None}]",Echeverri,0.0,741,313,False,None,0,0,u,0,13,43,2024-01-25,0.0,801,355,0,194,0,3231,2,0.0,0.0,Echeverri,0
2,1998-07-29,6,319,True,True,None,None,7,0.43,29,433036,4,,0,0,-5,5,318.5,79,58,91,5.56,None,,1,3,1.1,1.1,1,2.12,0.13,6.04,0.37,3.92,17.28,1.06,0.24,Tijjani,0.6,314,144,16,0.98,5,False,102.7,75,47,427,False,329.6,161,59,,1473,,None,50,259,158,p433036,0,0,None,0,,433036.jpg,3.4,131,60,52,0,152,False,0,0.0,"[{'property': 'blank_gw', 'notes': 'This player currently has no Premier League fixture in Gameweek 31.', 'gameweek': 31, 'url': None}]",Reijnders,9.8,36,12,False,None,17,1.04,a,10,13,43,2025-06-10,387.0,46,29,85,3549490,1513,4921307,12594,0.1,17.0,Reijnders,2
0,2006-12-19,0,0,True,True,100,100,0,0,0,566164,None,,0,0,0,0,0.0,789,347,0,0,None,,0,3,0.5,0.5,0,0.00,0,0.00,0,0.00,0.00,0,0,Sverre,0.0,753,324,0,0,0,False,0.0,791,347,428,False,0.0,791,347,,0,,2025-08-19T13:38:08.307876Z,50,279,173,p566164,0,0,None,0,,566164.jpg,0.0,792,348,0,0,161,False,0,0,"[{'property': 'blank_gw', 'notes': 'This player currently has no Premier League fixture in Gameweek 31.', 'gameweek': 31, 'url': None}]",Nypan,0.0,720,299,False,None,0,0,a,0,13,43,2025-07-17,0.0,785,345,0,209,6,2565,7,0.0,0.0,Nypan,0
0,1995-12-02,0,0,False,True,0,0,0,0,0,155405,None,,0,0,-3,3,0.0,752,323,0,0,None,,0,3,0.0,0.0,0,0.00,0,0.00,0,0.00,0.00,0,0,Kalvin,0.0,691,281,0,0,0,False,0.0,757,323,429,False,0.0,757,323,,0,has joined Sheffield United on loan for the rest of the season.,2026-02-02T23:15:40.975573Z,47,378,237,p155405,0,0,None,0,,155405.jpg,0.0,758,324,0,0,241,False,0,0,"[{'property': 'blank_gw', 'notes': 'This player currently has no Premier League fixture in Gameweek 31.', 'gameweek': 31, 'url': None}]",Phillips,0.1,558,205,False,None,0,0,u,0,13,43,2022-07-04,0.0,741,320,0,4052,0,8395,34,0.0,0.0,Phillips,0
7,2000-07-21,35,779,True,True,75,100,10,0.4,39,223094,None,,0,0,8,-8,249.3,120,7,80,3.22,None,,9,4,4.4,5.9,0,1.86,0.07,22.52,0.9,20.66,28.72,1.16,0.83,Erling,5.4,21,5,24,0.97,22,False,238.6,2,1,430,True,975.4,1,1,,2233,Knock - 75% chance of playing,2026-02-28T22:00:08.277592Z,148,1,1,p223094,0,1,1,0,,223094.jpg,7.1,1,1,28,0,161,False,0,0.0,"[{'property': 'blank_gw', 'notes': 'This player currently has no Premier League fixture in Gameweek 31.', 'gameweek': 31, 'url': None}]",Haaland,65.3,1,1,False,None,26,1.05,d,13,13,43,2022-07-01,1160.0,1,1,193,6839274,7166,2279757,262652,0.4,13.0,Haaland,1
0,1999-02-25,3,439,True,True,None,None,11,0.44,35,204936,None,,0,0,1,-1,0.0,807,94,0,0.0,None,,0,1,4.9,4.9,5,0.00,0.0,0.00,0.0,0.00,27.94,1.12,0.0,Gianluigi,4.4,50,5,21,0.84,0,False,52.3,233,14,736,False,521.2,61,13,,2250,,None,56,127,3,p204936,0,0,None,1,,204936.jpg,4.0,64,4,172,0,106,False,62,2.48,"[{'property': 'blank_gw', 'notes': 'This player currently has no Premier League fixture in Gameweek 31.', 'gameweek': 31, 'url': None}]",Donnarumma,9.4,38,7,False,None,25,1.0,a,0,13,43,2025-09-01,0.0,805,93,101,2061873,30952,1249383,7566,0.8,18.0,Donnarumma,6
0,2007-08-22,0,5,False,True,0,0,0,0.0,0,590039,None,,0,0,-1,1,28.3,377,192,1,3.6,None,,0,3,0.0,0.0,0,0.21,0.76,0.21,0.76,0.00,0.34,1.22,0.0,Divine,0.0,600,213,0,0.0,0,False,3.7,453,205,739,False,4.2,475,216,,25,has joined Leicester City on loan for the rest of the season.,2026-02-06T22:50:57.523825Z,44,567,339,p590039,0,0,None,0,,590039.jpg,1.0,470,209,1,0,241,False,0,0.0,"[{'property': 'blank_gw', 'notes': 'This player currently has no Premier League fixture in Gameweek 31.', 'gameweek': 31, 'url': None}]",Mukasa,0.0,683,278,False,None,0,0.0,u,0,13,43,2025-08-07,4.0,432,212,2,3500,0,3205,18,0.0,0.5,Mukasa,0
0,2008-02-12,0,0,False,True,0,0,0,0,0,566213,None,,0,0,-1,1,0.0,547,206,0,0,None,,0,2,0.0,0.0,0,0.00,0,0.00,0,0.00,0.00,0,0,Stephen,0.0,443,169,0,0,0,False,0.0,560,206,740,False,0.0,558,206,,0,has joined Watford on loan for the rest of the season.,2026-02-06T22:50:57.507882Z,39,778,228,p566213,0,0,None,0,,566213.jpg,0.0,568,206,0,0,241,False,0,0,"[{'property': 'blank_gw', 'notes': 'This player currently has no Premier League fixture in Gameweek 31.', 'gameweek': 31, 'url': None}]",Mfuni,0.0,618,220,False,None,0,0,u,0,13,43,2024-07-23,0.0,516,200,0,3208,0,3835,34,0.0,0.0,Mfuni,0
0,2008-06-24,0,0,True,True,None,None,0,0,0,616288,None,,0,0,0,0,0.0,740,314,0,0,None,,0,3,0.5,0.5,0,0.00,0,0.00,0,0.00,0.00,0,0,Ryan,0.0,676,270,0,0,0,False,0.0,746,314,742,False,0.0,746,314,,0,,None,45,502,309,p616288,0,0,None,0,,616288.jpg,0.0,747,315,0,0,241,False,0,0,"[{'property': 'blank_gw', 'notes': 'This player currently has no Premier League fixture in Gameweek 31.', 'gameweek': 31, 'url': None}]",McAidoo,0.0,730,306,False,None,0,0,a,0,13,43,2025-09-26,0.0,727,310,0,1514,12,1272,14,0.0,0.0,McAidoo,0
0,2006-02-22,0,0,True,True,None,None,0,0,0,516234,None,,0,0,0,0,0.0,707,288,0,0,None,,0,3,0.5,0.5,0,0.00,0,0.00,0,0.00,0.00,0,0,Charlie,0.0,638,239,0,0,0,False,0.0,712,287,763,False,0.0,711,286,,0,,None,45,457,274,p516234,0,0,None,0,,516234.jpg,0.0,716,291,0,0,241,False,0,0,"[{'property': 'blank_gw', 'notes': 'This player currently has no Premier League fixture in Gameweek 31.', 'gameweek': 31, 'url': None}]",Gray,0.0,784,342,False,None,0,0,a,0,13,43,2025-12-16,0.0,691,281,0,409,14,283,13,0.0,0.0,Gray,0
0,2008-01-18,0,0,True,True,None,None,0,0,0,580921,None,,0,0,0,0,0.0,725,302,0,0,None,,0,3,0.5,0.5,0,0.00,0,0.00,0,0.00,0.00,0,0,Reigan,0.0,661,258,0,0,0,False,0.0,731,302,764,False,0.0,731,302,Reigan Heskey,0,,None,45,484,295,p580921,0,0,None,0,,580921.jpg,0.0,733,304,0,0,241,False,0,0,"[{'property': 'blank_gw', 'notes': 'This player currently has no Premier League fixture in Gameweek 31.', 'gameweek': 31, 'url': None}]",Heskey,0.0,796,351,False,None,0,0,a,0,13,43,2024-07-26,0.0,712,298,0,219,5,152,6,0.0,0.0,Heskey,0
0,2005-07-21,0,27,True,True,75,75,0,0.0,8,494307,None,,-1,1,-5,5,14.8,403,147,11,7.33,None,,0,2,0.4,0.4,0,0.06,0.04,0.32,0.21,0.26,1.54,1.03,0.17,Max,0.0,478,186,1,0.67,0,False,7.5,432,156,794,False,34.0,423,158,,135,Knock - 75% chance of playing,2026-02-15T00:30:07.266104Z,40,693,177,p494307,0,0,None,0,,494307.jpg,2.5,264,101,4,0,241,False,0,0.0,"[{'property': 'blank_gw', 'notes': 'This player currently has no Premier League fixture in Gameweek 31.', 'gameweek': 31, 'url': None}]",Alleyne,0.0,749,257,False,None,2,1.33,d,3,13,43,2022-12-16,26.0,362,123,5,5138,11,4494,57,0.0,1.2,Alleyne,0
3,1999-08-07,15,432,True,True,100,100,5,0.23,14,446008,2,,0,0,7,-7,651.4,11,11,104,4.75,2,,1,3,5.3,5.3,2,4.17,0.19,11.71,0.53,7.54,26.02,1.19,0.34,Bryan,4.8,35,16,30,1.37,9,False,187.2,7,5,119,False,524.0,58,14,,1971,,2025-12-13T14:30:10.989622Z,87,9,5,p446008,0,0,None,0,,446008.jpg,5.1,11,7,73,0,38,False,0,0.0,[],Mbeumo,23.9,15,5,False,None,23,1.05,a,17,14,1,2025-07-21,696.0,8,3,117,7000719,49664,5775402,55043,0.6,13.4,Mbeumo,3
0,1998-04-14,0,49,True,True,None,None,0,0.0,7,451302,None,,0,0,-3,3,10.0,424,9,0,0.0,None,,0,1,0.5,0.5,0,0.05,0.01,0.05,0.01,0.00,9.24,1.54,0.0,Altay,0.0,693,91,11,1.83,0,False,12.8,397,25,431,False,118.4,330,25,,540,,None,47,387,18,p451302,0,0,None,0,,451302.jpg,1.8,368,29,39,0,219,False,13,2.17,[],Bayındır,0.3,311,41,False,None,6,1.0,a,0,14,1,2023-09-01,0.0,744,83,11,36860,115,62264,198,0.0,2.3,Bayindir,0
0,1996-04-02,0,0,False,True,0,0,0,0,0,202641,None,,0,0,-1,1,0.0,763,90,0,0,None,,0,1,0.0,0.0,0,0.00,0,0.00,0,0.00,0.00,0,0,André,0.0,716,93,0,0,0,False,0.0,767,93,432,False,0.0,767,93,,0,has joined Trabzonspor on loan for the rest of the season.,2025-09-12T15:53:11.993916Z,49,303,11,p202641,0,0,None,0,,202641.jpg,0.0,768,93,0,0,38,False,0,0,[],Onana,0.1,424,63,False,None,0,0,u,0,14,1,2023-07-20,0.0,757,86,0,5156,0,26501,21,0.0,0.0,Onana,0
0,None,0,0,False,True,0,0,0,0,0,588555,None,,0,0,0,0,0.0,604,72,0,0,None,,0,1,0.0,0.0,0,0.00,0,0.00,0,0.00,0.00,0,0,Elyh,0.0,503,76,0,0,0,False,0.0,614,84,433,False,0.0,612,84,,0,On loan to Shrewsbury Town,2025-07-23T18:48:43.383466Z,40,720,65,p588555,0,0,None,0,,588555.jpg,0.0,622,84,0,0,None,False,0,0,[],Harrison,0.0,808,94,False,None,0,0,u,0,14,1,None,0.0,576,59,0,0,0,248,2,0.0,0.0,Harrison,0
0,1986-04-15,0,0,True,True,None,None,0,0,0,21205,None,,0,0,-1,1,0.0,515,19,0,0,None,,0,1,0.5,0.5,0,0.00,0,0.00,0,0.00,0.00,0,0,Tom,0.0,411,27,0,0,0,False,0.0,530,36,434,False,0.0,528,36,,0,,None,39,738,66,p21205,0,0,None,0,,21205.jpg,0.0,538,36,0,0,241,False,0,0,[],Heaton,0.2,346,48,False,None,0,0,a,0,14,1,2021-07-02,0.0,484,6,0,15564,58,24351,195,0.0,0.0,Heaton,0
0,2002-11-20,0,0,True,True,None,None,0,0,0,461537,None,,0,0,-1,1,0.0,532,34,0,0,None,,0,1,0.5,0.5,0,0.00,0,0.00,0,0.00,0.00,0,0,Dermot,0.0,428,41,0,0,0,False,0.0,546,50,435,False,0.0,544,50,,0,,None,39,761,81,p461537,0,0,None,0,,461537.jpg,0.0,554,50,0,0,242,False,0,0,[],Mee,0.1,478,72,False,None,0,0,a,0,14,1,2023-07-24,0.0,501,21,0,5412,34,8585,58,0.0,0.0,Mee,0
0,1999-08-12,5,169,True,True,0,0,1,0.08,88,209365,None,,0,0,-1,1,60.2,323,108,107,8.23,None,,0,2,0.0,0.0,0,0.83,0.06,2.21,0.17,1.38,18.73,1.44,0.11,Matthijs,0.0,718,251,20,1.54,1,False,45.7,262,85,436,False,276.6,201,80,,1170,Back injury - Unknown return date,2025-12-05T00:30:07.892711Z,49,308,48,p209365,0,0,None,0,,209365.jpg,3.3,146,52,40,0,152,False,0,0.0,[],de Ligt,1.8,143,56,False,None,13,1.0,i,19,14,1,2024-08-13,122.0,221,56,43,419590,27,546401,956,0.0,8.8,De Ligt,0
0,1998-01-18,3,165,True,True,50,50,3,0.3,63,221820,None,,0,0,-2,2,78.3,297,96,75,7.47,None,,0,2,1.2,1.2,0,0.50,0.05,0.56,0.06,0.06,9.34,0.93,0.01,Lisandro,2.0,184,66,11,1.1,0,False,31.0,325,110,437,False,220.2,246,98,,904,Calf injury - 50% chance of playing,2026-02-24T10:30:07.882997Z,48,361,61,p221820,1,0,None,0,,221820.jpg,2.8,217,87,52,0,10,False,0,0.0,[],Martínez,0.7,213,81,False,None,9,0.9,d,12,14,1,2022-07-17,10.0,407,150,39,169422,121,109570,13056,0.4,8.1,Martinez,0
0,1997-11-14,3,126,True,True,100,100,2,0.34,38,230001,None,,0,0,-1,1,59.8,326,110,53,9.07,None,,0,2,2.3,2.3,7,0.26,0.04,0.36,0.06,0.11,4.52,0.77,0.02,Noussair,1.8,201,74,6,1.03,0,False,21.4,360,124,438,False,127.8,323,123,,526,,2025-12-13T14:30:11.618299Z,49,317,52,p230001,0,0,None,0,,230001.jpg,1.9,348,130,29,0,145,False,0,0.0,[],Mazraoui,0.2,363,133,False,None,6,1.03,a,15,14,1,2024-08-13,28.0,359,120,27,34319,888,53950,252,0.4,5.5,Mazraoui,2
0,2007-04-03,0,0,True,True,None,None,0,0,0,661712,None,,0,0,-3,3,0.0,628,249,0,0,None,,0,2,0.5,0.5,0,0.00,0,0.00,0,0.00,0.00,0,0,Diego,0.0,536,225,0,0,0,False,0.0,636,250,439,False,0.0,634,250,,0,,None,42,648,155,p661712,0,0,None,0,,661712.jpg,0.0,643,249,0,0,168,False,0,0,[],León Blanco,0.1,567,204,False,None,0,0,a,0,14,1,2025-07-05,0.0,603,248,0,3305,22,8537,30,0.0,0.0,D.Leon,0
6,1999-03-18,9,344,True,True,100,100,6,0.27,96,216051,None,,1,-1,1,-1,381.7,56,8,134,5.97,None,,3,2,5.1,5.1,1,2.16,0.1,3.53,0.16,1.37,26.50,1.18,0.06,Diogo,4.6,38,12,31,1.38,1,False,97.2,87,22,440,False,433.4,90,40,Diogo Dalot,2020,,2025-12-05T17:00:09.775964Z,46,398,67,p216051,0,0,None,0,,216051.jpg,3.6,107,37,100,0,173,False,0,0.0,[],Dalot Teixeira,5.0,70,22,False,None,23,1.02,a,38,14,1,2018-06-08,157.0,170,38,94,1010248,18435,623736,13279,1.0,20.4,Dalot,5
3,2004-10-26,8,261,True,True,0,0,3,0.2,48,596777,None,,0,0,-3,3,354.1,69,14,95,6.43,None,,2,2,0.0,0.0,0,1.42,0.1,3.28,0.23,1.86,18.78,1.27,0.13,Patrick,0.0,533,224,20,1.35,3,False,101.9,76,15,441,False,402.4,112,50,,1329,Hamstring injury - Unknown return date,2026-01-26T04:00:08.082150Z,42,645,154,p596777,0,0,None,0,,596777.jpg,3.4,126,45,72,0,58,False,0,0.0,[],Dorgu,3.6,93,33,False,None,14,0.95,i,47,14,1,2025-02-02,262.0,92,8,74,1772379,432,2071450,22269,0.0,17.6,Dorgu,5
1,1993-03-05,3,200,True,True,75,100,5,0.48,70,95658,None,,1,-1,-1,1,24.5,384,138,79,7.55,None,,1,2,3.2,4.3,2,0.07,0.01,0.85,0.08,0.78,12.32,1.18,0.07,Harry,3.8,77,24,10,0.96,1,False,33.8,316,108,442,False,213.2,253,103,,942,Illness - 75% chance of playing,2026-03-01T22:00:07.736147Z,44,520,101,p95658,0,0,None,0,,95658.jpg,4.1,53,22,34,0,241,False,0,0.0,[],Maguire,1.8,146,57,False,None,11,1.05,d,9,14,1,2019-08-05,98.0,242,65,61,283533,5104,169104,7039,0.9,13.9,Maguire,2
1,1995-07-12,0,297,True,True,75,None,6,0.23,92,106760,None,,0,0,0,0,262.6,115,31,145,5.49,None,,0,2,2.8,3.7,1,1.46,0.06,1.96,0.08,0.51,30.90,1.17,0.02,Luke,3.2,103,36,35,1.33,0,False,70.8,154,52,443,False,388.0,120,53,,2377,Illness - 75% chance of playing,2026-03-01T22:00:07.747251Z,45,409,73,p106760,0,0,None,0,,106760.jpg,2.5,269,104,80,0,241,False,0,0.0,[],Shaw,0.8,210,79,False,None,28,1.06,d,53,14,1,2014-07-01,57.0,310,94,69,171344,1328,121722,4906,0.7,15.3,Shaw,4
1,2005-11-13,1,152,True,True,None,None,2,0.13,88,550864,None,,0,0,-4,4,64.8,313,104,112,7.54,None,,0,2,2.5,2.5,2,0.26,0.02,0.94,0.07,0.68,18.78,1.27,0.05,Leny,2.0,177,60,25,1.68,0,False,38.4,295,97,444,False,246.8,221,86,,1336,,None,41,657,160,p550864,0,0,None,0,,550864.jpg,1.8,359,134,59,0,73,False,0,0.0,[],Yoro,1.2,173,65,False,None,14,0.94,a,24,14,1,2024-07-19,73.0,281,81,45,209482,1596,304642,906,0.5,11.0,Yoro,0
0,2007-03-16,0,0,False,True,0,0,0,0,0,577974,None,,0,0,0,0,0.0,602,234,0,0,None,,0,2,0.0,0.0,0,0.00,0,0.00,0,0.00,0.00,0,0,Harry,0.0,501,202,0,0,0,False,0.0,612,234,445,False,0.0,610,234,,0,has joined Norwich City on loan for the rest of the season.,2025-09-02T13:39:58.762783Z,40,718,195,p577974,0,0,None,0,,577974.jpg,0.0,620,234,0,0,241,False,0,0,[],Amass,0.1,536,190,False,None,0,0,u,0,14,1,2024-04-06,0.0,574,231,0,1160,0,14453,17,0.0,0.0,Amass,0
0,2005-02-23,0,4,True,True,None,None,0,0.0,2,547676,None,,0,0,-2,2,0.0,508,194,2,90.0,None,,0,2,0.5,0.5,0,0.00,0.0,0.00,0.0,0.00,0.30,13.5,0.0,Tyler,0.0,404,155,0,0.0,0,False,0.4,490,173,446,False,4.0,476,172,,2,,None,38,806,254,p547676,0,0,None,0,,547676.jpg,1.0,448,162,0,0,241,False,0,0.0,[],Fredricson,0.1,432,161,False,None,0,0.0,a,0,14,1,2022-09-07,0.0,476,187,1,10421,21,14696,76,0.0,0.3,Fredricson,0
1,2006-09-22,0,109,True,True,100,100,1,0.14,56,606745,None,,0,0,-3,3,27.2,380,136,72,10.09,None,,0,2,0.7,0.7,0,0.17,0.02,0.51,0.07,0.34,7.95,1.11,0.05,Ayden,0.2,349,120,12,1.68,0,False,22.9,355,122,447,False,175.6,280,111,,642,,2025-10-14T13:00:06.698643Z,37,818,265,p606745,1,0,None,0,,606745.jpg,2.1,317,114,31,0,241,False,0,0.0,[],Heaven,2.2,130,49,False,None,8,1.12,a,16,14,1,2025-02-01,26.0,361,122,27,438721,9396,352032,6427,0.1,7.3,Heaven,2
0,1999-08-17,0,3,True,True,None,None,0,0.0,1,222690,None,,0,0,-2,2,0.0,496,182,2,90.0,None,,0,2,0.5,0.5,0,0.00,0.0,0.00,0.0,0.00,0.30,13.5,0.0,Tyrell,0.0,391,142,0,0.0,0,False,0.3,494,174,448,False,3.0,482,173,,2,,None,38,789,237,p222690,0,0,None,0,,222690.jpg,1.0,446,160,0,0,152,False,0,0.0,[],Malacia,0.4,283,103,False,None,0,0.0,a,1,14,1,2022-07-05,0.0,464,175,1,53546,87,57421,326,0.0,0.3,Malacia,0
13,1994-09-08,28,682,True,True,100,100,4,0.17,54,141746,1,,0,0,9,-9,1231.3,1,1,214,8.9,1,,5,3,7.9,7.9,13,7.16,0.3,16.21,0.68,9.05,28.96,1.2,0.38,Bruno,7.4,5,2,34,1.41,7,False,255.2,1,1,449,True,886.4,2,1,Bruno Fernandes,2165,,2025-12-21T21:30:09.265444Z,99,5,3,p141746,0,2,1,0,,141746.jpg,6.3,3,1,121,0,173,False,0,0.0,[],Borges Fernandes,38.6,5,2,False,None,25,1.04,a,39,14,1,2020-01-30,432.0,31,16,158,7561375,133951,5434194,12598,0.7,16.0,B.Fernandes,3
3,1999-05-27,10,398,True,True,100,100,6,0.3,29,430871,None,,0,0,0,0,367.5,61,48,149,7.42,None,,0,3,4.9,4.9,5,2.37,0.12,7.70,0.39,5.33,22.95,1.14,0.27,Matheus,4.4,51,24,24,1.2,6,False,137.0,28,22,450,False,460.0,78,25,Matheus Cunha,1807,,2025-11-25T00:00:08.817052Z,80,17,12,p430871,0,0,None,0,,430871.jpg,4.0,71,34,90,0,30,False,0,0.0,[],Santos Carneiro da Cunha,7.9,47,16,False,None,21,1.05,a,30,14,1,2025-06-01,541.0,21,9,101,3030113,15770,3073059,24356,0.6,12.6,Cunha,1
0,1997-10-31,0,0,False,True,0,0,0,0,0,176297,None,,0,0,0,0,0.0,817,365,0,0,None,,0,3,0.0,0.0,0,0.00,0,0.00,0,0.00,0.00,0,0,Marcus,0.0,811,364,0,0,0,False,0.0,817,365,451,False,0.0,817,365,,0,Has joined Barcelona on loan for the rest of the season,2025-07-24T10:12:59.455702Z,70,35,20,p176297,0,0,None,0,,176297.jpg,0.0,817,365,0,0,241,False,0,0,[],Rashford,0.0,702,291,False,None,0,0,u,0,14,1,2015-07-01,0.0,817,365,0,0,0,2120,1,0.0,0.0,Rashford,0
4,2002-07-11,6,363,True,True,100,100,4,0.21,37,493250,None,,0,0,-3,3,505.3,30,28,151,7.89,None,,0,3,2.1,2.1,1,3.37,0.18,7.54,0.4,4.17,20.84,1.09,0.22,Amad,1.6,224,97,23,1.2,2,False,129.2,35,25,452,False,360.4,138,46,,1722,,2025-12-13T14:30:11.647420Z,62,77,51,p493250,0,0,None,0,,493250.jpg,3.1,182,79,83,0,54,False,0,0.0,[],Diallo,1.7,150,50,False,None,20,1.05,a,31,14,1,2021-01-07,425.0,35,19,69,425827,2613,572011,10439,0.3,11.1,Amad,2
0,2000-02-24,0,0,False,True,0,0,0,0,0,467169,None,,0,0,-1,1,0.0,810,361,0,0,None,,0,3,0.0,0.0,0,0.00,0,0.00,0,0.00,0.00,0,0,Antony,0.0,798,356,0,0,0,False,0.0,810,361,454,False,0.0,810,361,,0,has joined Real Betis permanently.,2025-09-02T13:30:59.559397Z,59,99,64,p467169,0,0,None,0,,467169.jpg,0.0,810,361,0,0,30,False,0,0,[],dos Santos,0.1,564,207,False,None,0,0,u,0,14,1,2022-09-01,0.0,809,361,0,1511,0,10704,3,0.0,0.0,Antony,0
0,1999-01-10,3,164,True,True,25,25,3,0.33,7,184341,None,,0,0,-1,1,198.5,162,113,62,6.87,None,,0,3,0.1,0.1,0,1.40,0.16,2.94,0.33,1.54,10.30,1.14,0.17,Mason,0.0,794,352,14,1.55,3,False,51.9,235,118,455,False,162.4,293,130,,812,Knock - 25% chance of playing,2026-02-02T00:30:10.910423Z,59,94,60,p184341,0,0,None,0,,184341.jpg,2.7,241,100,41,0,241,False,0,0.0,[],Mount,0.3,326,107,False,None,10,1.11,d,14,14,1,2023-07-05,158.0,166,93,46,183703,4,197763,429,0.0,7.8,Mount,0
4,1992-02-23,14,448,True,True,100,100,8,0.38,81,61256,None,,0,0,1,-1,400.6,49,43,251,11.86,None,,3,3,5.9,5.9,4,2.60,0.12,7.08,0.33,4.48,19.89,0.94,0.21,Carlos Henrique,5.4,20,10,21,0.99,5,False,139.5,26,21,457,False,582.6,39,11,Casemiro,1904,,2025-12-15T23:00:11.358129Z,56,122,76,p61256,0,0,None,0,,61256.jpg,4.6,29,14,106,1,30,False,0,0.0,[],Casimiro,2.5,118,39,False,None,25,1.18,a,64,14,1,2022-08-22,409.0,41,24,119,630017,11296,369860,12147,1.0,21.2,Casemiro,6
2,2005-04-19,0,170,True,True,100,100,3,0.31,24,516895,None,,0,0,-4,4,248.9,121,83,91,9.55,None,,0,3,3.9,3.9,2,0.69,0.07,0.90,0.09,0.21,10.42,1.09,0.02,Kobbie,3.4,95,44,13,1.36,0,False,48.9,251,129,458,False,193.6,263,111,,858,,2026-01-15T19:30:10.140014Z,46,401,248,p516895,0,0,None,0,,516895.jpg,1.9,345,150,45,0,241,False,0,0.0,[],Mainoo,1.4,164,55,False,None,7,0.73,a,22,14,1,2022-10-15,46.0,326,171,37,210864,4999,134996,6793,0.7,8.0,Mainoo,0
0,2001-04-11,0,155,True,True,None,None,1,0.12,34,232112,None,,0,0,-3,3,63.3,318,178,122,14.68,None,,0,3,0.9,0.9,0,0.15,0.02,0.46,0.06,0.31,14.56,1.75,0.04,Manuel,0.4,340,157,20,2.41,0,False,22.3,356,170,459,False,129.6,319,145,,748,,None,47,385,240,p232112,0,0,None,0,,232112.jpg,1.7,381,164,47,0,230,False,0,0.0,[],Ugarte Ribeiro,0.1,414,140,False,None,7,0.84,a,41,14,1,2024-08-30,32.0,350,181,31,29604,90,37866,281,0.1,6.6,Ugarte,1
0,2004-01-03,0,0,False,True,0,0,0,0,0,490881,None,,0,0,0,0,0.0,700,281,0,0,None,,0,3,0.0,0.0,0,0.00,0,0.00,0,0.00,0.00,0,0,Toby,0.0,629,231,0,0,0,False,0.0,705,280,460,False,0.0,703,278,,0,has joined Hull City on loan for the rest of the season.,2026-02-02T13:41:44.377020Z,45,445,266,p490881,0,0,None,0,,490881.jpg,0.0,709,284,0,0,241,False,0,0,[],Collyer,0.0,659,265,False,None,0,0,u,0,14,1,2023-07-01,0.0,684,274,0,505,0,9613,9,0.0,0.0,Collyer,0
0,None,0,0,True,True,None,None,0,0,0,556639,None,,0,0,-2,2,0.0,643,246,0,0,None,,0,3,0.5,0.5,0,0.00,0,0.00,0,0.00,0.00,0,0,Jayce,0.0,559,190,0,0,0,False,0.0,649,243,461,False,0.0,647,241,,0,,None,43,611,357,p556639,0,0,None,0,,556639.jpg,0.0,657,251,0,0,None,False,0,0,[],Fitzgerald,0.0,603,230,False,None,0,0,a,0,14,1,None,0.0,620,235,0,3318,47,4845,47,0.0,0.0,Fitzgerald,0
0,2007-03-19,0,10,True,True,None,None,0,0.0,2,547037,None,,0,0,-2,2,24.4,385,195,11,9.25,None,,0,3,0.5,0.5,0,0.02,0.02,0.05,0.05,0.03,1.86,1.56,0.03,Jack,0.0,556,187,0,0.0,0,False,4.8,448,201,462,False,18.6,447,198,Jack Fletcher,107,,None,43,608,354,p547037,0,0,None,0,,547037.jpg,1.0,462,202,4,0,241,False,0,0.0,[],Fletcher,0.1,504,180,False,None,0,0.0,a,5,14,1,2024-07-12,5.0,428,209,3,14864,77,12862,210,0.0,0.7,J.Fletcher,0
0,2006-02-03,0,0,False,True,0,0,0,0,0,618873,None,,0,0,-2,2,0.0,648,250,0,0,None,,0,3,0.0,0.0,0,0.00,0,0.00,0,0.00,0.00,0,0,Sékou,0.0,565,194,0,0,0,False,0.0,654,247,463,False,0.0,652,245,,0,has joined Lausanne-Sport on loan for the rest of the season.,2026-02-06T22:52:39.101311Z,43,620,364,p618873,0,0,None,0,,618873.jpg,0.0,662,255,0,0,132,False,0,0,[],Koné,0.1,514,184,False,None,0,0,u,0,14,1,2025-02-15,0.0,625,239,0,9069,0,13201,73,0.0,0.0,Kone,0
0,2005-11-29,0,0,False,True,0,0,0,0,0,559684,None,,0,0,0,0,0.0,717,297,0,0,None,,0,3,0.0,0.0,0,0.00,0,0.00,0,0.00,0.00,0,0,Jack,0.0,649,249,0,0,0,False,0.0,723,297,464,False,0.0,722,296,,0,has joined Leyton Orient on loan for the rest of the season.,2025-09-22T21:21:54.592776Z,45,471,286,p559684,0,0,None,0,,559684.jpg,0.0,725,299,0,0,104,False,0,0,[],Moorhouse,0.0,689,283,False,None,0,0,u,0,14,1,2025-02-15,0.0,702,291,0,723,0,2851,2,0.0,0.0,Moorhouse,0
0,2003-02-04,0,0,False,True,0,0,0,0,0,497894,None,,0,0,-2,2,0.0,812,90,0,0,None,,0,4,0.0,0.0,0,0.00,0,0.00,0,0.00,0.00,0,0,Rasmus,0.0,803,87,0,0,0,False,0.0,812,90,465,False,0.0,812,90,,0,has joined Napoli on loan for the rest of the season.,2025-09-02T13:30:59.575548Z,63,70,22,p497894,0,0,None,0,,497894.jpg,0.0,812,90,0,0,58,False,0,0,[],Højlund,0.3,341,56,False,None,0,0,u,0,14,1,2023-08-05,0.0,812,90,0,5437,0,56622,23,0.0,0.0,Højlund,0
1,2001-05-22,6,122,True,True,100,100,1,0.18,11,458249,None,,0,0,-2,2,143.0,203,21,36,6.53,None,,0,4,1.1,1.1,1,0.30,0.05,2.46,0.44,2.16,6.99,1.27,0.39,Joshua,0.6,319,43,7,1.27,2,False,46.6,256,29,466,False,144.2,307,29,,496,,2026-01-22T13:30:10.394946Z,58,107,30,p458249,0,0,None,0,,458249.jpg,2.1,323,36,17,0,152,False,0,0.0,[],Zirkzee,0.4,273,44,False,None,4,0.73,a,8,14,1,2024-07-17,182.0,147,35,36,107815,262,128651,532,0.1,6.2,Zirkzee,1
0,2007-11-29,0,0,True,True,None,None,0,0,0,596047,None,,0,0,-3,3,0.0,626,63,0,0,None,,0,4,0.5,0.5,0,0.00,0,0.00,0,0.00,0.00,0,0,Chido,0.0,532,52,0,0,0,False,0.0,634,64,467,False,0.0,632,64,,0,,None,42,644,90,p596047,0,0,None,0,,596047.jpg,0.0,641,64,0,0,58,False,0,0,[],Obi,1.6,155,24,False,None,0,0,a,0,14,1,2025-02-15,0.0,601,63,0,271614,352,362821,2754,0.0,0.0,Obi,0
0,2006-01-20,0,0,False,True,0,0,0,0,0,575034,None,,0,0,0,0,0.0,722,76,0,0,None,,0,4,0.0,0.0,0,0.00,0,0.00,0,0.00,0.00,0,0,Ethan,0.0,655,67,0,0,0,False,0.0,728,77,468,False,0.0,727,77,,0,has joined Bradford City on loan for the rest of the season.,2026-02-02T23:17:05.663726Z,45,478,68,p575034,0,0,None,0,,575034.jpg,0.0,730,77,0,0,241,False,0,0,[],Wheatley,0.1,507,71,False,None,0,0,u,0,14,1,2024-04-12,0.0,708,76,0,4530,0,14788,26,0.0,0.0,Wheatley,0
2,2003-05-31,17,300,True,True,100,100,1,0.07,19,485711,None,,1,-1,-2,2,130.2,213,22,52,3.88,None,,2,4,6.7,6.7,8,0.21,0.02,6.77,0.51,6.56,18.18,1.36,0.49,Benjamin,6.2,10,3,24,1.79,8,False,114.0,54,12,681,False,370.2,133,13,,1205,,2025-11-08T18:30:09.316829Z,73,28,11,p485711,0,0,None,0,,485711.jpg,3.8,94,7,28,0,195,False,0,0.0,[],Sesko,4.9,71,14,False,None,12,0.9,a,5,14,1,2025-08-09,646.0,15,10,87,914496,96140,1371972,3675,0.8,11.9,Šeško,1
0,2002-07-07,6,268,True,True,None,None,5,0.23,21,465247,None,,0,0,0,0,0.0,782,91,0,0.0,None,,1,1,4.7,4.7,2,0.00,0.0,0.00,0.0,0.00,23.79,1.08,0.0,Senne,4.2,54,6,27,1.23,0,False,41.1,280,18,733,False,408.8,107,18,,1980,,None,50,262,9,p465247,0,0,None,0,,465247.jpg,3.2,155,16,152,0,21,False,50,2.27,[],Lammens,2.4,124,17,False,None,22,1.0,a,1,14,1,2025-09-01,2.0,454,2,70,510889,10357,289248,5469,0.8,14.0,Lammens,0
0,2007-04-14,0,8,True,True,100,100,0,0.0,0,576628,None,,0,0,0,0,1.5,459,221,1,7.5,None,,0,3,0.5,0.5,0,0.00,0.0,0.07,0.52,0.07,0.11,0.82,0.52,Shea,0.0,658,256,0,0.0,0,False,1.5,472,216,755,False,4.0,477,217,,12,,2026-01-11T22:30:11.118984Z,45,481,293,p576628,0,0,None,0,,576628.jpg,1.0,480,217,0,0,241,False,0,0.0,[],Lacey,0.0,722,301,False,None,0,0.0,a,1,14,1,2025-05-26,11.0,398,198,2,3314,19,2383,82,0.0,0.4,Lacey,0
0,2008-01-25,0,3,True,True,None,None,0,0.0,0,576620,None,,0,0,0,0,11.7,412,204,0,0.0,None,,0,3,0.5,0.5,0,0.01,0.06,0.01,0.06,0.00,0.05,0.3,0.0,Bendito,0.0,657,255,0,0.0,0,False,1.4,474,218,769,False,2.2,487,225,,15,,None,45,480,292,p576620,0,0,None,0,,576620.jpg,1.0,479,216,0,0,241,False,0,0.0,[],Mantato,0.0,785,343,False,None,0,0.0,a,0,14,1,2025-04-30,0.0,710,297,1,431,9,281,13,0.0,0.2,Bendito Mantato,0
0,2007-03-19,0,3,True,True,None,None,0,0.0,0,519913,None,,0,0,-1,1,1.0,466,224,0,0.0,None,,0,3,0.7,0.7,0,0.01,0.9,0.01,0.9,0.00,0.02,1.8,0.0,Tyler,0.2,366,164,0,0.0,0,False,0.1,506,232,771,False,0.4,502,230,Tyler Fletcher,1,,None,44,551,329,p519913,0,0,None,0,,519913.jpg,1.0,467,206,0,0,243,False,0,0.0,[],Fletcher,0.0,729,305,False,None,0,0.0,a,0,14,1,2025-05-26,0.0,642,249,1,2026,53,1050,68,0.0,0.2,Fletcher,0
0,2008-02-06,0,0,True,True,None,None,0,0,0,576637,None,,0,0,0,0,0.0,601,233,0,0,None,,0,2,0.5,0.5,0,0.00,0,0.00,0,0.00,0.00,0,0,Godwill,0.0,500,201,0,0,0,False,0.0,611,233,788,False,0.0,609,233,,0,,None,40,717,194,p576637,0,0,None,0,,576637.jpg,0.0,619,233,0,0,241,False,0,0,[],Kukonki,0.0,744,256,False,None,0,0,a,0,14,1,2024-12-03,0.0,573,230,0,405,10,309,19,0.0,0.0,Kukonki,0
1,2001-05-28,1,171,True,True,100,75,0,0.0,13,232653,None,,0,0,-2,2,192.4,170,117,86,9.12,None,,0,3,3.7,3.2,6,0.84,0.09,1.78,0.19,0.94,15.90,1.69,0.1,Jacob,4.2,57,26,21,2.23,2,False,49.4,248,127,52,False,179.6,276,119,,849,,2026-02-25T08:00:07.432091Z,53,191,119,p232653,0,0,None,0,,232653.jpg,2.0,338,148,52,0,241,False,0,0.0,[],Ramsey,0.2,356,119,False,None,8,0.85,a,21,15,4,2025-08-17,122.0,222,123,36,27515,1027,75167,295,0.8,6.8,J.Ramsey,3
0,1996-09-03,0,57,True,True,100,100,1,0.21,3,216646,None,,0,0,-2,2,35.5,364,47,18,3.85,None,,0,4,0.3,0.8,1,0.53,0.11,2.48,0.53,1.95,7.01,1.5,0.42,Yoane,0.8,305,41,8,1.71,1,False,21.7,358,43,135,False,52.0,407,45,,421,,2026-02-15T00:30:06.766337Z,73,24,9,p216646,0,0,None,0,,216646.jpg,1.6,400,48,13,0,50,False,0,0.0,[],Wissa,0.6,238,34,False,None,4,0.86,a,2,15,4,2025-09-01,137.0,199,42,19,236374,411,449823,1167,0.1,2.6,Wissa,1
1,1992-04-19,3,336,True,True,100,100,7,0.32,32,98747,None,,0,0,1,-1,0.0,793,92,0,0.0,None,,1,1,1.1,1.6,1,0.00,0.0,0.16,0.01,0.16,27.01,1.24,0.01,Nick,1.6,218,16,32,1.46,0,False,54.1,225,12,469,False,505.8,66,14,,1966,,2025-11-30T11:00:09.029807Z,51,223,6,p98747,0,0,None,0,,98747.jpg,3.7,99,11,204,0,241,False,67,3.07,[],Pope,4.6,82,15,False,None,22,1.01,a,1,15,4,2022-06-23,35.0,345,1,82,1498252,747,1533089,5561,0.3,16.1,Pope,1
0,1992-03-27,0,0,True,True,None,None,0,0,0,81441,None,,0,0,-1,1,0.0,520,24,0,0,None,,0,1,-0.5,0.0,0,0.00,0,0.00,0,0.00,0.00,0,0,Mark,0.0,415,31,0,0,0,False,0.0,534,40,471,False,0.0,532,40,,0,,None,39,743,71,p81441,0,0,None,0,,81441.jpg,0.0,542,40,0,0,241,False,0,0,[],Gillespie,0.1,437,65,False,None,0,0,a,0,15,4,2020-07-27,0.0,489,11,0,6628,40,10413,49,0.0,0.0,Gillespie,0
0,1994-04-26,0,0,False,True,0,0,0,0,0,111452,None,,0,0,0,0,0.0,558,51,0,0,None,,0,1,0.0,0.0,0,0.00,0,0.00,0,0.00,0.00,0,0,Odysseas,0.0,452,55,0,0,0,False,0.0,569,64,472,False,0.0,567,64,,0,Has joined Sevilla on loan for the rest of the season.,2025-08-13T15:41:50.078613Z,40,665,44,p111452,0,0,None,0,,111452.jpg,0.0,577,64,0,0,83,False,0,0,[],Vlachodimos,0.0,717,83,False,None,0,0,u,0,15,4,2024-07-01,0.0,528,38,0,0,0,2464,3,0.0,0.0,Odysseas,0
2,2004-09-08,4,257,True,True,100,100,3,0.18,88,487838,2,,0,0,-2,2,266.4,113,29,132,8.03,4,,1,2,1.9,2.4,1,1.88,0.11,2.55,0.15,0.67,23.29,1.42,0.04,Lewis,2.4,155,54,29,1.76,1,False,80.9,125,39,473,False,417.6,101,46,,1479,,2026-01-02T13:00:09.395222Z,53,199,24,p487838,0,0,None,0,,487838.jpg,3.0,195,74,95,0,241,False,0,0.0,[],Hall,2.5,119,47,False,None,16,0.97,a,44,15,4,2024-07-01,125.0,216,53,64,613127,3789,542751,9618,0.5,12.1,Hall,2
0,1991-12-20,0,186,True,True,0,0,4,0.33,101,119471,None,,0,0,-3,3,63.6,316,106,115,9.5,1,,0,2,0.0,0.0,0,0.60,0.05,1.57,0.13,0.97,13.85,1.14,0.08,Fabian,0.0,763,260,13,1.07,0,False,46.4,258,83,474,False,291.2,189,76,,1089,Ankle injury - Expected back 18 Apr,2026-01-09T17:30:12.168949Z,52,204,26,p119471,0,0,None,0,,119471.jpg,3.2,158,59,42,0,207,False,0,0.0,[],Schär,1.2,178,67,False,None,11,0.91,i,14,15,4,2018-07-26,108.0,229,59,51,296823,19,491834,1002,0.0,9.8,Schär,1
1,2000-01-12,4,206,True,True,100,100,4,0.34,96,220237,None,,0,0,-1,1,49.7,340,116,105,8.92,None,,0,2,1.3,1.8,0,0.28,0.02,1.56,0.13,1.28,14.57,1.24,0.11,Sven,1.8,200,73,17,1.44,1,False,50.8,242,79,475,False,325.8,165,69,,1060,,2026-02-15T00:30:07.026642Z,49,313,49,p220237,1,0,None,0,,220237.jpg,3.5,120,43,61,0,152,False,0,0.0,[],Botman,0.4,286,105,False,None,12,1.02,a,9,15,4,2022-06-28,132.0,206,50,53,76712,225,102278,485,0.4,10.8,Botman,1
3,1992-05-09,5,201,True,True,100,100,6,0.33,133,78916,None,,0,0,0,0,87.2,277,88,162,9.01,None,,1,2,0.5,1.0,0,0.32,0.02,0.51,0.03,0.19,20.13,1.12,0.01,Dan,1.0,266,96,27,1.5,0,False,51.2,239,77,476,False,349.8,145,63,,1618,,2025-12-15T01:30:08.656752Z,50,244,37,p78916,0,0,None,0,,78916.jpg,3.6,111,38,56,1,241,False,0,0.0,[],Burn,3.3,103,39,False,None,19,1.06,a,29,15,4,2022-01-31,74.0,280,80,72,1502229,2149,1659184,3638,0.2,14.4,Burn,7
1,2002-11-12,3,218,True,True,0,0,5,0.43,39,441191,None,,0,0,-1,1,178.1,180,44,58,4.98,None,,0,2,0.0,0.0,0,0.57,0.05,0.69,0.06,0.12,11.00,0.94,0.01,Tino,0.0,729,252,10,0.86,0,False,40.5,283,93,477,False,190.8,265,108,,1048,Hamstring injury - Expected back 14 Mar,2026-01-11T18:30:10.919432Z,49,329,54,p441191,0,0,None,0,,441191.jpg,3.8,84,30,68,0,241,False,0,0.0,[],Livramento,1.9,142,55,False,None,11,0.94,i,19,15,4,2023-08-08,36.0,343,113,49,1089588,16,1376790,921,0.0,10.0,Livramento,1
0,1990-09-19,2,179,True,True,100,100,5,0.35,42,77794,4,,0,0,-1,1,413.9,42,3,60,4.15,2,,0,2,0.5,1.0,1,1.79,0.12,1.87,0.13,0.08,17.04,1.18,0.01,Kieran,1.0,264,95,23,1.59,0,False,64.1,193,63,478,False,218.6,247,99,,1302,,2025-11-28T18:30:07.183281Z,49,287,43,p77794,0,0,None,0,,77794.jpg,2.6,253,97,62,0,241,False,0,0.0,[],Trippier,1.4,166,64,False,None,15,1.04,a,18,15,4,2022-01-07,10.0,408,151,42,246305,718,373176,1114,0.2,8.6,Trippier,2
0,1994-08-02,0,-8,True,True,0,0,0,0.0,1,111773,None,,0,0,-2,2,1.2,463,169,1,2.0,None,,0,2,0.0,0.0,0,0.00,0.0,0.00,0.0,0.00,0.25,0.5,0.0,Emil,0.0,538,227,2,4.0,0,False,0.3,495,175,479,False,1.4,491,176,,45,Knee injury - Unknown return date,2025-11-28T19:00:08.647206Z,43,576,124,p111773,0,0,None,0,,111773.jpg,0.0,644,250,0,0,206,False,0,0.0,[],Krafth,0.0,621,221,False,None,1,2.0,i,0,15,4,2019-08-08,0.0,605,249,0,1539,3,5150,18,0.0,0.0,Krafth,0
0,1993-11-11,0,0,False,True,0,0,0,0.0,5,101148,None,,0,0,-2,2,0.0,629,250,5,23.68,None,,0,2,0.0,0.0,0,0.00,0.0,0.04,0.19,0.04,0.55,2.61,0.19,Jamaal,0.0,537,226,2,9.47,0,False,1.7,468,168,480,False,10.2,457,167,,19,has joined Leicester City permanently.,2025-12-19T14:00:09.135296Z,43,574,122,p101148,0,0,None,0,,101148.jpg,0.5,514,178,0,0,241,False,0,0.0,[],Lascelles,0.0,588,210,False,None,0,0.0,u,0,15,4,2014-08-04,7.0,418,158,1,2754,0,9002,13,0.0,0.2,Lascelles,0
0,2004-06-25,0,-1,True,True,None,None,0,0.0,1,545477,None,,0,0,-2,2,0.0,507,193,1,90.0,None,,0,2,-0.3,0.2,0,0.00,0.0,0.00,0.0,0.00,0.27,24.3,0.0,Alex,0.2,351,122,1,90.0,0,False,0.2,500,176,481,False,2.2,485,174,Alex Murphy,1,,None,38,805,253,p545477,0,0,None,0,,545477.jpg,1.0,447,161,0,0,104,False,0,0.0,[],Murphy,0.7,217,82,False,None,0,0.0,a,0,15,4,2023-07-19,0.0,475,186,1,77740,554,100713,659,0.1,0.3,A.Murphy,0
0,2001-11-14,0,0,False,True,0,0,0,0,0,441024,None,,0,0,-1,1,0.0,530,201,0,0,None,,0,2,0.0,0.0,0,0.00,0,0.00,0,0.00,0.00,0,0,Harrison,0.0,426,163,0,0,0,False,0.0,544,201,482,False,0.0,542,201,,0,has joined Bradford City on loan for the rest of the season.,2026-01-15T12:50:45.925899Z,39,758,220,p441024,0,0,None,0,,441024.jpg,0.0,552,201,0,0,243,False,0,0,[],Ashby,0.1,458,167,False,None,0,0,u,0,15,4,2023-01-31,0.0,499,195,0,8541,0,16855,50,0.0,0.0,Ashby,0
0,None,0,0,True,True,None,None,0,0,0,578512,None,,0,0,-2,2,0.0,511,197,0,0,None,,0,2,-0.5,0.0,0,0.00,0,0.00,0,0.00,0.00,0,0,Miodrag,0.0,407,158,0,0,0,False,0.0,526,197,483,False,0.0,524,197,,0,,None,38,811,259,p578512,0,0,None,0,,578512.jpg,0.0,534,197,0,0,None,False,0,0,[],Pivaš,0.4,285,104,False,None,0,0,a,0,15,4,None,0.0,480,191,0,65405,284,48019,428,0.0,0.0,Pivas,0
0,1995-09-18,0,0,False,True,0,0,0,0,0,169359,None,,0,0,0,0,0.0,561,212,0,0,None,,0,2,0.0,0.0,0,0.00,0,0.00,0,0.00,0.00,0,0,Matt,0.0,455,175,0,0,0,False,0.0,572,212,484,False,0.0,570,212,,0,has joined Middlesbrough on loan for the rest of the season.,2025-09-02T12:49:12.555659Z,40,669,165,p169359,0,0,None,0,,169359.jpg,0.0,580,212,0,0,241,False,0,0,[],Targett,0.1,425,157,False,None,0,0,u,0,15,4,2022-07-01,0.0,532,208,0,3759,0,45213,36,0.0,0.0,Targett,0
4,2001-02-24,4,252,True,True,100,100,6,0.37,13,232826,None,,0,0,-3,3,359.7,66,51,69,4.24,None,,1,3,2.5,3.0,2,3.19,0.2,9.02,0.56,5.83,19.26,1.18,0.36,Anthony,3.0,126,59,28,1.72,3,False,103.6,74,46,485,False,269.0,208,88,,1466,,2026-02-05T02:00:09.920717Z,72,32,19,p232826,0,0,1,0,,232826.jpg,3.2,163,71,42,1,241,False,0,0.0,[],Gordon,2.8,111,35,False,None,20,1.23,a,14,15,4,2023-01-29,411.0,39,22,70,1540736,11132,1455809,11852,0.4,9.7,Gordon,3
1,2002-04-27,0,140,True,True,100,100,2,0.17,7,449434,5,,0,0,-5,5,229.3,135,93,42,3.61,None,,0,3,1.1,1.6,1,1.39,0.12,2.67,0.23,1.28,15.52,1.33,0.11,Anthony,1.6,225,98,24,2.06,0,False,49.6,247,126,486,False,115.4,337,152,,1048,,2026-01-15T19:30:10.210181Z,65,52,33,p449434,0,0,None,0,,449434.jpg,1.5,416,185,24,0,206,False,0,0.0,[],Elanga,2.6,116,37,False,None,11,0.94,a,11,15,4,2025-07-11,151.0,180,99,37,557120,679,1182119,1249,0.2,5.7,Elanga,0
0,1997-12-09,8,248,True,True,None,None,4,0.25,15,201666,None,,0,0,-4,4,287.0,95,70,78,4.88,None,,2,3,0.9,1.4,1,2.10,0.13,7.73,0.48,5.63,20.05,1.25,0.35,Harvey,1.4,240,107,22,1.38,5,False,109.9,62,39,487,False,290.2,191,79,,1438,,None,61,82,53,p201666,0,0,None,0,,201666.jpg,2.9,205,87,52,0,241,False,0,0.0,[],Barnes,1.2,177,62,False,None,14,0.88,a,11,15,4,2023-07-23,526.0,25,12,77,722690,1333,654275,7643,0.2,12.6,Barnes,1
6,1997-11-16,19,584,True,True,0,0,6,0.27,43,208706,3,,-1,1,3,-3,634.3,13,13,200,8.92,5,,4,3,0.0,0.0,0,3.62,0.16,8.44,0.37,4.82,26.13,1.16,0.21,Bruno,2.8,137,63,31,1.38,9,False,168.3,12,9,488,False,682.6,13,4,Bruno Guimarães,2019,Hamstring injury - Expected back 11 Apr,2026-02-11T13:00:10.101461Z,68,44,27,p208706,0,0,2,0,,208706.jpg,5.8,6,4,107,0,30,False,0,0.0,[],Guimarães Rodriguez Moura,5.7,65,22,False,None,22,0.98,i,50,15,4,2022-01-30,365.0,54,33,134,4038907,409,3637700,66043,0.4,19.7,Bruno G.,5
1,1995-02-24,2,242,True,True,100,100,6,0.48,13,114243,None,,0,0,-6,6,318.3,81,60,56,4.47,None,,0,3,1.3,1.8,6,2.38,0.19,5.24,0.42,2.86,15.16,1.21,0.23,Jacob,1.8,207,90,13,1.04,3,False,85.8,116,66,489,False,251.8,216,93,Jacob Murphy,1128,,2026-01-14T01:00:09.974413Z,59,91,57,p114243,0,0,None,0,,114243.jpg,2.6,259,111,34,0,241,False,0,0.0,[],Murphy,0.6,231,80,False,None,13,1.04,a,9,15,4,2017-07-19,297.0,79,48,60,160029,769,345316,410,0.3,10.2,J.Murphy,1
1,1996-08-14,2,261,True,True,100,100,5,0.3,56,180974,None,,0,0,-1,1,254.1,118,81,181,10.98,None,,0,3,0.5,1.0,5,1.09,0.07,3.01,0.19,1.92,19.95,1.21,0.12,Joelinton Cássio,1.0,279,126,21,1.27,2,False,83.9,121,69,490,False,282.8,198,81,Joelinton,1484,,2026-01-26T04:00:08.181421Z,59,93,59,p180974,0,0,None,0,,180974.jpg,2.9,204,86,92,0,30,False,0,0.0,[],Apolinário de Lira,0.3,328,109,False,None,18,1.09,a,33,15,4,2019-07-24,302.0,75,44,61,73569,713,103300,332,0.2,10.3,Joelinton,7
2,2000-05-08,2,374,True,True,100,100,7,0.32,55,432422,1,,0,0,-2,2,392.8,53,45,202,9.34,1,,0,3,2.1,2.6,6,1.86,0.09,3.40,0.16,1.54,25.78,1.19,0.07,Sandro,2.6,142,65,30,1.39,0,False,88.3,106,62,491,False,323.8,168,65,,1947,,2025-12-03T12:00:08.874410Z,53,195,121,p432422,0,0,None,0,,432422.jpg,2.5,274,117,118,0,106,False,0,0.0,[],Tonali,1.1,187,67,False,None,24,1.11,a,29,15,4,2023-07-03,164.0,162,91,69,201498,3125,306660,1409,0.5,13.0,Tonali,3
0,2006-11-14,0,0,False,True,0,0,0,0,0,640108,None,,0,0,-1,1,0.0,776,339,0,0,None,,0,3,0.0,0.0,0,0.00,0,0.00,0,0.00,0.00,0,0,Antoñito,0.0,739,314,0,0,0,False,0.0,780,339,492,False,0.0,780,339,,0,has joined Cadiz on loan for the rest of the season.,2025-09-22T21:20:47.006379Z,49,349,217,p640108,0,0,None,0,,640108.jpg,0.0,781,340,0,0,200,False,0,0,[],Cordero Campillo,0.0,675,273,False,None,0,0,u,0,15,4,2025-07-01,0.0,772,337,0,655,0,3572,2,0.0,0.0,Antoñito C.,0
0,1999-08-20,0,78,True,True,100,100,2,0.33,7,200089,None,,0,0,0,0,101.0,254,156,56,9.21,None,,0,3,0.5,1.0,0,0.37,0.06,1.17,0.19,0.80,10.74,1.77,0.13,Joe,1.0,267,119,12,1.97,0,False,24.6,349,167,494,False,57.8,402,178,,547,,2025-08-10T23:30:07.136690Z,50,249,150,p200089,0,0,None,0,,200089.jpg,1.2,438,196,34,0,241,False,0,0.0,[],Willock,0.1,499,179,False,None,6,0.99,a,15,15,4,2021-08-13,89.0,255,140,20,12705,109,12043,232,0.2,4.0,Willock,3
0,1995-03-22,0,0,False,True,0,0,0,0,0,153127,None,,0,0,0,0,0.0,680,268,0,0,None,,0,3,0.0,0.0,0,0.00,0,0.00,0,0.00,0.00,0,0,Isaac,0.0,608,217,0,0,0,False,0.0,688,267,495,False,0.0,686,265,,0,Has departed the club as a free agent.,2025-08-11T01:17:33.103826Z,45,411,251,p153127,0,0,None,0,,153127.jpg,0.0,692,271,0,0,107,False,0,0,[],Hayden,0.0,768,330,False,None,0,0,u,0,15,4,2016-07-11,0.0,661,260,0,0,0,1610,1,0.0,0.0,Hayden,0
0,2004-09-15,0,0,False,True,0,0,0,0,0,564510,None,,0,0,-1,1,0.0,668,261,0,0,None,,0,3,0.0,0.0,0,0.00,0,0.00,0,0.00,0.00,0,0,Garang,0.0,593,208,0,0,0,False,0.0,675,259,496,False,0.0,673,257,,0,has joined Sparta Prague permanently.,2025-09-22T21:20:47.021681Z,44,559,333,p564510,0,0,None,0,,564510.jpg,0.0,681,265,0,0,13,False,0,0,[],Kuol,0.0,630,246,False,None,0,0,u,0,15,4,2023-01-01,0.0,648,252,0,2219,0,7385,6,0.0,0.0,Kuol,0
3,2006-05-01,4,271,True,True,0,0,2,0.16,42,547719,None,,-1,1,-1,1,214.3,149,102,123,9.77,None,,1,3,0.0,0.0,0,2.00,0.16,3.36,0.27,1.36,13.65,1.08,0.11,Lewis,0.0,591,207,16,1.27,1,False,62.1,199,100,497,False,275.0,202,83,,1133,Dead leg - Expected back 14 Mar,2026-02-05T02:00:09.963387Z,44,557,332,p547719,0,0,None,0,,547719.jpg,3.1,169,72,57,0,241,False,0,0.0,[],Miley,2.4,125,40,False,None,11,0.87,i,24,15,4,2023-02-01,132.0,205,114,58,641435,338,638901,11867,0.0,13.2,L.Miley,0
0,2002-10-01,0,0,False,True,0,0,0,0,0,461484,None,,0,0,0,0,0.0,697,278,0,0,None,,0,3,0.0,0.0,0,0.00,0,0.00,0,0.00,0.00,0,0,Joe,0.0,626,228,0,0,0,False,0.0,702,277,498,False,0.0,700,275,,0,has joined Bradford City on loan for the rest of the season.,2026-01-15T12:50:45.940034Z,45,438,262,p461484,0,0,None,0,,461484.jpg,0.0,706,281,0,0,241,False,0,0,[],White,0.0,772,332,False,None,0,0,u,0,15,4,2024-01-29,0.0,680,271,0,117,0,1251,3,0.0,0.0,White,0
1,2003-08-04,0,73,True,True,100,100,1,0.34,1,538207,None,,0,0,-1,1,15.8,402,53,10,3.44,None,,0,4,0.5,1.0,1,0.04,0.01,0.68,0.23,0.64,4.47,1.54,0.22,William,1.0,276,35,6,2.06,1,False,12.6,401,48,500,False,42.4,414,47,,262,,2025-11-06T09:30:08.761577Z,54,182,45,p538207,0,0,None,0,,538207.jpg,1.5,412,49,8,0,58,False,0,0.0,[],Osula,0.2,375,59,False,None,1,0.34,a,1,15,4,2024-08-08,70.0,287,49,23,70548,109,86486,152,0.2,4.3,Osula,0
0,2007-05-27,0,0,True,True,None,None,0,0,0,599303,None,,0,0,-2,2,0.0,646,66,0,0,None,,0,4,-0.5,0.0,0,0.00,0,0.00,0,0.00,0.00,0,0,Sean,0.0,563,57,0,0,0,False,0.0,652,67,501,False,0.0,650,67,,0,,None,43,617,87,p599303,0,0,None,0,,599303.jpg,0.0,660,67,0,0,241,False,0,0,[],Neave,0.3,343,57,False,None,0,0,a,0,15,4,2025-02-07,0.0,623,66,0,25311,189,35289,356,0.0,0.0,Neave,0
0,1998-05-14,0,45,True,True,None,None,0,0.0,5,225321,None,,0,0,-2,2,10.0,425,10,0,0.0,None,,0,1,-0.5,0.0,0,0.00,0.0,0.00,0.0,0.00,7.96,1.3,0.0,Aaron,0.0,704,92,10,1.63,0,False,10.8,412,26,674,False,97.4,356,27,,553,,None,48,363,14,p225321,0,0,None,0,,225321.jpg,1.6,389,30,49,0,241,False,10,1.63,[],Ramsdale,0.7,225,29,False,None,6,0.98,a,0,15,4,2025-08-02,0.0,750,84,11,109138,205,152281,577,0.0,2.3,Ramsdale,0
0,2001-08-08,11,334,True,True,None,None,4,0.17,184,465642,None,,0,0,0,0,102.4,251,74,212,9.01,None,,3,2,2.7,3.2,1,0.86,0.04,3.85,0.17,2.99,32.65,1.39,0.13,Malick,3.2,109,38,39,1.66,4,False,106.9,70,13,684,False,656.2,18,7,,2117,,None,50,263,40,p465642,0,0,None,0,,465642.jpg,4.0,60,24,95,0,80,False,0,0.0,[],Thiaw,4.3,83,27,False,None,24,1.02,a,28,15,4,2025-08-12,313.0,73,6,101,1252554,6079,738217,21209,0.6,20.2,Thiaw,3
0,2007-03-17,0,0,True,True,None,None,0,0,0,623110,None,,0,0,-2,2,0.0,649,251,0,0,None,,0,3,-0.5,0.0,0,0.00,0,0.00,0,0.00,0.00,0,0,Seung-Soo,0.0,566,195,0,0,0,False,0.0,655,248,689,False,0.0,653,246,Park Seung-Soo,0,,None,43,621,365,p623110,0,0,None,0,,623110.jpg,0.0,663,256,0,0,114,False,0,0,[],Park,0.5,255,88,False,None,0,0,a,0,15,4,2025-07-26,0.0,626,240,0,87640,2549,51069,2258,0.0,0.0,Seung soo,0
3,2002-02-14,10,300,True,True,None,None,6,0.35,23,470313,None,,0,0,-2,2,182.7,179,15,79,4.65,None,,1,4,0.5,1.0,1,0.79,0.05,7.04,0.42,6.25,20.13,1.18,0.37,Nick,1.0,281,36,25,1.47,7,False,91.1,98,15,714,False,358.2,139,14,,1530,,None,68,47,17,p470313,1,0,3,0,,470313.jpg,3.4,138,13,38,0,80,False,0,0.0,[],Woltemade,7.4,54,9,False,None,19,1.12,a,18,15,4,2025-08-30,381.0,50,20,86,5427437,2384,4664794,26408,0.1,12.6,Woltemade,0
0,1986-10-24,0,0,True,True,None,None,0,0,0,19236,None,,0,0,0,0,0.0,552,46,0,0,None,,0,1,-0.5,0.0,0,0.00,0,0.00,0,0.00,0.00,0,0,John,0.0,448,52,0,0,0,False,0.0,565,61,753,False,0.0,563,61,,0,,None,40,658,39,p19236,0,0,None,0,,19236.jpg,0.0,573,61,0,0,241,False,0,0,[],Ruddy,0.0,693,81,False,None,0,0,a,0,15,4,2024-07-01,0.0,522,33,0,1532,25,955,25,0.0,0.0,Ruddy,0
0,2007-03-18,0,0,True,True,None,None,0,0,0,553746,None,,0,0,0,0,0.0,598,230,0,0,None,,0,2,-0.5,0.0,0,0.00,0,0.00,0,0.00,0.00,0,0,Leo,0.0,496,197,0,0,0,False,0.0,608,230,765,False,0.0,606,230,,0,,None,40,713,190,p553746,0,0,None,0,,553746.jpg,0.0,616,230,0,0,241,False,0,0,[],Shahar,0.0,657,232,False,None,0,0,a,0,15,4,2024-08-08,0.0,570,227,0,3660,68,2079,91,0.0,0.0,Shahar,0
0,2009-07-09,0,0,True,True,None,None,0,0,0,666607,None,,0,0,0,0,0.0,747,319,0,0,None,,0,3,-0.5,0.0,0,0.00,0,0.00,0,0.00,0.00,0,0,Sam,0.0,684,275,0,0,0,False,0.0,753,319,772,False,0.0,753,319,,0,,None,45,512,315,p666607,0,0,None,0,,666607.jpg,0.0,754,320,0,0,241,False,0,0,[],Alabi,0.0,782,340,False,None,0,0,a,0,15,4,2025-11-24,0.0,734,315,0,464,24,239,20,0.0,0.0,Alabi,0
0,1996-12-15,0,56,False,True,0,0,0,0.0,14,206325,None,,0,0,-1,1,83.4,286,91,24,6.14,None,,0,2,0.0,0.0,0,0.36,0.09,0.43,0.11,0.07,5.02,1.28,0.02,Oleksandr,0.0,717,250,6,1.53,0,False,18.6,373,131,12,False,80.8,377,144,,352,has joined Ajax permanently.,2026-02-04T16:19:07.883535Z,49,305,47,p206325,0,0,None,0,,206325.jpg,1.4,422,152,17,0,225,False,0,0.0,[],Zinchenko,0.2,362,132,False,None,4,1.02,u,10,16,17,2025-09-01,22.0,374,131,7,26902,0,53244,133,0.0,1.4,Zinchenko,0
0,1992-11-06,0,38,True,True,75,None,1,0.33,1,88248,None,,0,0,-3,3,0.0,751,88,0,0.0,None,,0,1,1.3,2.2,0,0.01,0.0,0.01,0.0,0.00,4.65,1.55,0.0,Stefan,2.2,166,14,4,1.33,0,False,6.9,435,29,400,False,68.6,388,29,,270,Calf injury - 75% chance of playing,2026-03-01T22:00:07.672573Z,47,376,15,p88248,0,0,None,0,,88248.jpg,3.7,97,10,8,0,80,False,8,2.67,[],Ortega Moreno,0.2,373,55,False,None,3,1.0,d,0,16,17,2026-02-01,0.0,740,80,11,10917,173,22723,505,0.5,2.3,Ortega Moreno,0
0,2002-10-18,0,27,True,True,None,None,0,0.0,1,432714,None,,0,0,-5,5,45.0,350,186,11,5.82,None,,0,3,-0.3,0.2,0,0.17,0.09,0.19,0.1,0.02,4.20,2.22,0.01,James,0.2,372,166,8,4.24,0,False,7.2,434,195,426,False,16.2,449,200,,170,,None,50,258,157,p432714,0,0,5,0,,432714.jpg,0.9,506,238,6,0,241,False,0,0.0,[],McAtee,0.1,496,178,False,None,1,0.53,a,4,16,17,2025-08-16,10.0,409,201,7,13081,26,26508,79,0.0,1.4,McAtee,1
0,1992-02-26,3,257,True,True,100,0,4,0.2,21,85633,None,,0,0,-4,4,10.0,423,8,0,0.0,None,,0,1,0.1,0.0,2,0.06,0.0,0.06,0.0,0.00,29.60,1.51,0.0,Matz,0.6,311,21,29,1.48,0,False,46.3,259,15,502,False,452.8,80,15,,1767,,2026-02-02T00:30:11.021589Z,46,396,19,p85633,0,0,None,0,,85633.jpg,3.0,188,19,135,0,21,False,60,3.06,[],Sels,4.8,75,13,False,None,20,1.02,a,1,16,17,2024-02-01,0.0,739,79,63,406853,256,2035116,4932,0.1,13.7,Sels,1
0,1998-10-09,0,0,False,True,0,0,0,0,0,475123,None,,0,0,0,0,0.0,578,63,0,0,None,,0,1,0.0,0.0,0,0.00,0,0.00,0,0.00,0.00,0,0,Carlos Miguel,0.0,473,67,0,0,0,False,0.0,588,75,503,False,0.0,586,75,,0,Has joined Palmeiras permanently.,2025-08-20T13:32:34.630338Z,40,688,56,p475123,0,0,None,0,,475123.jpg,0.0,596,75,0,0,30,False,0,0,[],dos Santos Pereira,0.1,547,76,False,None,0,0,u,0,16,17,2024-07-09,0.0,549,50,0,448,0,15618,12,0.0,0.0,C.Miguel,0
0,1994-06-24,0,0,False,True,0,0,0,0,0,224068,None,,0,0,0,0,0.0,565,54,0,0,None,,0,1,0.0,0.0,0,0.00,0,0.00,0,0.00,0.00,0,0,Matt,0.0,459,58,0,0,0,False,0.0,575,66,504,False,0.0,573,66,,0,Has joined Lyon permanently.,2025-08-11T01:18:09.881299Z,40,673,47,p224068,0,0,None,0,,224068.jpg,0.0,583,66,0,0,229,False,0,0,[],Turner,0.1,521,75,False,None,0,0,u,0,16,17,2023-08-09,0.0,536,41,0,0,0,15671,14,0.0,0.0,Turner,0
0,1997-10-12,1,270,True,True,None,None,6,0.21,210,227444,None,,0,0,-4,4,38.5,358,125,230,8.21,None,,0,2,2.5,3.0,1,0.44,0.02,1.25,0.05,0.81,40.59,1.45,0.03,Nikola,3.0,119,41,41,1.46,0,False,64.3,189,62,505,False,501.6,67,30,,2520,,None,51,230,31,p227444,1,0,None,0,,227444.jpg,2.9,201,79,80,0,190,False,0,0.0,[],Milenković,3.2,104,40,False,None,28,1.0,a,20,16,17,2024-07-18,100.0,239,63,81,347932,710,1053748,4196,0.6,15.9,Milenković,5
0,2002-07-04,3,261,True,True,100,100,4,0.21,152,575476,None,,0,0,-3,3,101.0,255,75,182,9.47,2,,1,2,0.5,1.0,1,0.45,0.02,1.03,0.05,0.58,27.64,1.44,0.03,Murillo,1.0,272,97,26,1.35,1,False,63.5,195,64,506,False,460.4,77,34,Murillo,1729,,2026-02-07T01:00:09.218333Z,52,220,29,p575476,1,0,None,0,,575476.jpg,3.4,132,47,88,0,30,False,0,0.0,[],Costa dos Santos,1.9,141,54,False,None,20,1.04,a,30,16,17,2023-08-31,73.0,282,82,67,259142,1254,794923,2541,0.2,12.9,Murillo,3
1,1996-10-08,3,139,True,True,100,100,3,0.26,66,159506,None,,0,0,-3,3,122.7,224,56,79,6.78,None,,1,2,1.9,2.4,1,0.66,0.06,0.94,0.08,0.28,18.94,1.62,0.02,Ola,2.4,150,53,15,1.29,0,False,35.6,303,100,507,False,178.4,277,110,,1049,,2025-09-11T06:30:07.556962Z,47,379,63,p159506,0,0,None,0,,159506.jpg,3.1,173,66,62,0,157,False,0,0.0,[],Aina,2.3,128,48,False,None,12,1.03,a,13,16,17,2023-07-22,54.0,315,99,37,317168,927,1617192,3112,0.5,7.9,Aina,3
1,2001-04-13,9,376,True,True,100,100,6,0.23,110,215136,None,,0,0,-3,3,397.3,51,6,184,7.05,None,,2,2,1.5,2.0,0,2.89,0.11,4.43,0.17,1.54,36.96,1.42,0.06,Neco,2.0,183,65,38,1.46,1,False,122.2,40,3,508,False,567.8,44,18,,2349,,2026-02-02T00:30:11.039075Z,47,384,64,p215136,0,0,None,0,,215136.jpg,3.1,174,67,120,1,244,False,0,0.0,[],Williams,2.8,110,44,False,None,27,1.03,a,74,16,17,2022-07-11,258.0,94,9,83,390448,941,1161471,3552,0.4,17.7,N.Williams,4
0,1999-07-19,0,0,False,True,0,0,0,0,0,451432,None,,0,0,0,0,0.0,693,258,0,0,None,,0,2,0.0,0.0,0,0.00,0,0.00,0,0.00,0.00,0,0,David,0.0,623,243,0,0,0,False,0.0,699,258,509,False,0.0,697,258,,0,has joined Real Oviedo on loan for the rest of the season.,2025-09-02T13:08:17.187888Z,45,434,86,p451432,0,0,None,0,,451432.jpg,0.0,703,258,0,0,6,False,0,0,[],Mota Veiga Teixeira do Carmo,0.0,677,237,False,None,0,0,u,0,16,17,2024-08-25,0.0,676,258,0,427,0,4407,1,0.0,0.0,David Carmo,0
0,2005-03-07,0,13,True,True,None,None,0,0.0,11,575458,None,,0,0,-3,3,0.7,470,172,14,10.16,None,,0,2,-0.3,0.2,1,0.00,0.0,0.14,0.1,0.14,3.33,2.42,0.1,Jair,0.2,361,130,2,1.45,0,False,4.2,451,162,510,False,32.0,426,160,Jair Cunha,124,,None,42,643,153,p575458,0,0,None,0,,575458.jpg,2.0,328,123,2,0,30,False,0,0.0,[],Paula da Cunha Filho,0.1,552,199,False,None,1,0.73,a,3,16,17,2025-07-11,10.0,403,147,4,3315,27,8306,40,0.0,1.0,Jair Cunha,0
0,2001-06-30,1,131,True,True,None,None,2,0.19,74,485047,None,,0,0,-2,2,20.8,391,141,98,9.41,None,,0,2,1.9,2.4,0,0.08,0.01,0.91,0.09,0.83,14.04,1.35,0.08,Felipe,2.4,149,52,17,1.63,0,False,30.5,330,113,511,False,224.8,240,94,Morato,937,,None,43,592,135,p485047,0,0,None,0,,485047.jpg,2.4,284,110,46,0,30,False,0,0.0,[],Rodrigues da Silva,0.1,509,182,False,None,10,0.96,a,24,16,17,2024-08-30,59.0,308,92,34,8994,51,13149,85,0.6,7.9,Morato,4
0,1998-02-15,0,0,False,True,0,0,0,0,0,204822,None,,0,0,0,0,0.0,684,256,0,0,None,,0,2,0.0,0.0,0,0.00,0,0.00,0,0.00,0.00,0,0,Omar,0.0,612,240,0,0,0,False,0.0,691,256,512,False,0.0,689,256,,0,has joined Rio Ave on loan for the rest of the season.,2025-09-02T12:23:02.662537Z,45,419,79,p204822,0,0,None,0,,204822.jpg,0.0,695,256,0,0,241,False,0,0,[],Richards,0.0,681,238,False,None,0,0,u,0,16,17,2022-07-10,0.0,665,255,0,345,0,4121,1,0.0,0.0,O.Richards,0
0,2006-05-13,0,1,True,True,None,None,0,0.0,8,549067,None,,0,0,-2,2,6.3,437,158,10,7.5,None,,0,2,-0.3,0.2,0,0.01,0.01,0.01,0.01,0.00,3.13,2.35,0.0,Zach,0.2,352,123,4,3.0,0,False,3.2,458,166,513,False,25.4,437,163,,120,,None,38,808,256,p549067,0,0,None,0,,549067.jpg,1.0,449,163,8,0,241,False,0,0.0,[],Abbott,0.3,336,122,False,None,1,0.75,a,2,16,17,2022-08-22,0.0,478,189,2,28530,304,28673,298,0.1,0.5,Abbott,0
0,1991-02-03,0,0,True,True,0,0,0,0,0,90585,None,,0,0,-2,2,0.0,493,180,0,0,None,,0,2,0.0,0.0,0,0.00,0,0.00,0,0.00,0.00,0,0,Willy,0.0,388,140,0,0,0,False,0.0,511,183,514,False,0.0,509,183,,0,Knee injury - Unknown return date,2026-02-12T13:30:09.114918Z,38,785,234,p90585,0,0,None,0,,90585.jpg,0.0,520,184,0,0,54,False,0,0,[],Boly,0.4,290,107,False,None,0,0,i,0,16,17,2022-09-01,0.0,461,173,0,42338,123,64610,502,0.0,0.0,Boly,0
2,2000-01-27,10,452,True,True,100,100,7,0.26,39,222531,None,,0,0,-2,2,626.6,14,14,134,5.05,3,,0,3,4.3,4.8,9,2.09,0.08,9.00,0.34,6.91,38.86,1.46,0.26,Morgan,4.8,34,15,37,1.39,7,False,164.7,14,10,515,False,489.4,69,20,,2388,,2025-11-27T10:00:07.108311Z,73,26,16,p222531,0,0,2,0,,222531.jpg,4.1,55,27,81,0,241,False,0,0.0,[],Gibbs-White,3.4,99,32,False,None,27,1.02,a,14,16,17,2022-08-19,533.0,23,10,114,883548,8058,1112302,7886,0.7,15.6,Gibbs-White,1
1,2000-11-07,6,298,True,True,100,100,5,0.28,20,209046,None,,0,0,-3,3,516.9,26,25,94,5.26,None,,1,3,1.7,2.2,2,2.33,0.13,5.02,0.28,2.69,27.27,1.53,0.15,Callum,2.2,171,78,25,1.4,3,False,110.7,61,38,516,False,293.4,187,76,,1607,,2026-02-04T18:30:10.313852Z,57,115,72,p209046,0,0,None,0,,209046.jpg,2.7,239,99,62,0,241,False,0,0.0,[],Hudson-Odoi,0.7,221,76,False,None,18,1.01,a,12,16,17,2023-09-01,300.0,77,46,70,264258,454,334398,1428,0.4,12.3,Hudson-Odoi,0
3,2002-11-06,7,556,True,True,None,None,7,0.25,76,215379,1,,0,0,-1,1,734.5,4,4,391,14.04,1,,0,3,3.9,4.4,1,3.09,0.11,5.44,0.19,2.35,39.39,1.41,0.08,Elliot,4.4,47,21,40,1.44,1,False,156.5,19,15,517,False,612.2,30,7,,2506,,None,54,168,103,p215379,0,0,4,0,,215379.jpg,4.2,50,24,237,0,241,False,0,0.0,[],Anderson,6.3,60,20,False,None,28,1.01,a,78,16,17,2024-07-01,215.0,113,68,119,1320008,12279,1247791,21951,0.8,22.0,Anderson,5
0,1999-08-01,0,6,False,True,0,0,0,0.0,1,510500,None,,0,0,-1,1,0.5,474,229,3,24.55,None,,0,3,0.0,0.0,0,0.00,0.0,0.00,0.0,0.00,0.00,0.0,0.0,João Pedro,0.0,784,344,0,0.0,0,False,1.0,482,223,518,False,5.0,474,215,,11,has joined Besiktas on loan for the rest of the season.,2025-09-12T15:53:40.376767Z,54,179,110,p510500,0,0,None,0,,510500.jpg,1.0,500,234,0,0,173,False,0,0.0,[],Ferreira da Silva,0.0,619,240,False,None,0,0.0,u,2,16,17,2024-08-01,4.0,437,216,1,1029,0,9136,3,0.0,0.2,Jota,0
0,1998-06-28,3,140,True,True,100,100,3,0.33,19,250199,None,,0,0,0,0,141.2,204,132,86,9.4,None,,0,3,0.1,0.6,0,0.39,0.04,1.48,0.16,1.09,15.94,1.74,0.12,Nicolás,0.6,313,143,16,1.75,1,False,43.2,268,134,519,False,172.6,281,122,,823,,2025-12-15T01:30:08.723436Z,50,257,156,p250199,0,0,None,0,,250199.jpg,2.0,334,146,32,0,10,False,0,0.0,[],Domínguez,0.0,628,245,False,None,12,1.31,a,35,16,17,2023-09-01,117.0,224,125,34,5084,15,3611,145,0.1,6.8,Dominguez,2
0,1998-10-14,0,0,False,True,0,0,0,0,0,243345,None,,0,0,0,0,0.0,780,341,0,0,None,,0,3,0.0,0.0,0,0.00,0,0.00,0,0.00,0.00,0,0,Lewis,0.0,743,316,0,0,0,False,0.0,783,341,520,False,0.0,783,341,,0,Has joined Wrexham permanently.,2025-07-25T14:55:12.030109Z,50,255,155,p243345,0,0,None,0,,243345.jpg,0.0,784,342,0,0,241,False,0,0,[],O'Brien,0.0,815,364,False,None,0,0,u,0,16,17,2022-07-20,0.0,777,339,0,0,0,118,1,0.0,0.0,O'Brien,0
2,1997-12-02,2,281,True,True,100,100,6,0.36,62,210462,None,,0,0,-1,1,129.7,215,140,178,10.72,None,,1,3,1.9,2.4,2,1.47,0.09,2.63,0.16,1.16,24.57,1.48,0.07,Ibrahim,2.4,152,68,20,1.2,2,False,56.3,216,106,521,False,316.2,176,69,,1494,,2025-12-13T14:30:11.791163Z,49,309,193,p210462,0,0,None,0,,210462.jpg,3.4,127,57,72,0,54,False,0,0.0,[],Sangaré,0.1,541,198,False,None,18,1.08,a,44,16,17,2023-09-01,116.0,225,126,67,10661,81,12464,140,0.5,13.7,Sangaré,3
1,1997-11-21,0,77,True,True,100,100,0,0.0,17,204968,None,,0,0,-3,3,48.3,344,185,36,8.83,None,,0,3,-0.1,0.4,0,0.19,0.05,0.29,0.07,0.10,3.69,0.9,0.02,Ryan,0.4,339,156,5,1.23,0,False,14.9,387,180,522,False,71.6,387,172,,367,,2025-12-06T20:30:09.569234Z,47,383,239,p204968,0,0,None,0,,204968.jpg,1.3,428,191,11,0,241,False,0,0.0,[],Yates,0.1,548,199,False,None,1,0.25,a,8,16,17,2018-08-01,30.0,357,185,17,9825,26,19115,45,0.1,3.6,Yates,1
0,2006-05-03,0,0,True,True,100,100,0,0,0,569014,None,,0,0,0,0,0.0,719,298,0,0,None,,0,3,-0.5,0.0,0,0.00,0,0.00,0,0.00,0.00,0,0,Eric,0.0,652,251,0,0,0,False,0.0,725,298,523,False,0.0,724,297,,0,,2025-09-02T12:23:02.683095Z,45,474,288,p569014,0,0,None,0,,569014.jpg,0.0,727,300,0,0,80,False,0,0,[],da Silva Moreira,0.1,570,210,False,None,0,0,a,0,16,17,2024-07-01,0.0,705,293,0,2553,49,16721,37,0.0,0.0,Da Silva Moreira,0
0,2002-02-19,0,0,False,True,0,0,0,0,0,495161,None,,0,0,0,0,0.0,702,283,0,0,None,,0,3,0.0,0.0,0,0.00,0,0.00,0,0.00,0.00,0,0,Marko,0.0,632,234,0,0,0,False,0.0,707,282,524,False,0.0,706,281,,0,Has joined Swansea City permanently.,2025-08-20T13:32:34.645399Z,45,451,269,p495161,0,0,None,0,,495161.jpg,0.0,711,286,0,0,154,False,0,0,[],Stamenić,0.0,690,284,False,None,0,0,u,0,16,17,2024-06-27,0.0,686,276,0,245,0,5699,2,0.0,0.0,Stamenic,0
0,1991-12-07,3,85,True,True,0,0,1,0.17,6,60689,None,,0,0,-3,3,49.6,341,42,14,2.34,None,,1,4,0.0,0.0,0,0.11,0.02,2.92,0.49,2.81,7.84,1.31,0.47,Chris,0.0,813,90,8,1.34,2,False,29.8,332,39,525,False,77.6,380,40,,538,Knee injury - Unknown return date,2025-10-24T09:00:08.418318Z,72,29,12,p60689,0,0,1,0,,60689.jpg,3.1,183,19,7,0,154,False,0,0.0,[],Wood,4.6,81,15,False,None,7,1.17,i,1,16,17,2023-07-01,179.0,148,36,25,2133580,23,3388419,1000,0.0,3.5,Wood,0
3,2001-02-25,6,205,True,True,100,100,6,0.34,24,482973,None,,0,0,-2,2,143.5,202,20,78,4.43,None,,0,4,1.7,2.2,5,0.90,0.05,5.15,0.29,4.25,27.37,1.56,0.24,Igor Jesus,2.2,172,23,29,1.65,2,False,78.0,135,18,526,False,188.4,266,25,Igor Jesus,1584,,2026-01-23T16:00:07.578702Z,58,108,31,p482973,0,0,3,0,,482973.jpg,2.4,290,29,37,0,30,False,0,0.0,[],Maciel da Cruz,1.2,179,28,False,None,19,1.08,a,17,16,17,2025-07-05,472.0,28,15,66,418294,1504,387615,5421,0.4,11.4,Igor Jesus,0
0,1997-08-12,1,57,True,True,100,100,0,0.0,4,210156,None,,0,0,-3,3,41.8,352,43,13,5.55,None,,0,4,-0.3,0.2,1,0.39,0.17,1.44,0.62,1.05,3.39,1.45,0.45,Taiwo,0.2,376,48,2,0.85,1,False,19.8,368,44,527,False,52.4,406,44,,211,,2025-11-20T17:00:08.462155Z,52,209,48,p210156,0,0,None,0,,210156.jpg,1.6,393,46,8,0,157,False,0,0.0,[],Awoniyi,0.3,322,54,False,None,1,0.43,a,1,16,17,2022-06-25,105.0,232,44,14,35899,117,92569,321,0.0,2.7,Awoniyi,0
2,2000-10-25,4,168,True,True,100,100,2,0.16,23,456512,4,,0,0,-5,5,216.0,146,99,94,7.61,None,,0,3,0.5,1.0,1,1.51,0.12,2.56,0.21,1.05,15.55,1.26,0.09,Dan,1.0,278,125,17,1.38,1,False,56.1,219,109,669,False,165.0,290,127,,1111,,2025-12-23T00:30:11.580251Z,55,147,92,p456512,0,0,None,0,,456512.jpg,2.2,309,136,49,0,207,False,0,0.0,[],Ndoye,0.7,218,75,False,None,14,1.13,a,22,16,17,2025-07-31,178.0,150,84,47,544734,75,573401,283,0.2,8.5,Ndoye,1
0,1996-01-22,0,4,True,True,100,100,0,0.0,1,107265,None,,0,0,0,0,0.0,557,50,0,0.0,None,,0,1,-0.3,0.2,0,0.00,0.0,0.00,0.0,0.00,0.21,0.42,0.0,Angus,0.2,355,24,0,0.0,0,False,0.1,504,33,675,False,1.2,493,33,,45,,2025-10-31T00:00:09.154875Z,40,663,43,p107265,0,0,None,0,,107265.jpg,1.0,451,33,4,0,243,False,0,0.0,[],Gunn,1.1,180,23,False,None,0,0.0,a,0,16,17,2025-08-06,0.0,527,37,1,30199,82,99837,279,0.0,0.2,Gunn,0
5,2003-10-30,3,237,True,True,None,None,4,0.31,13,503301,2,,0,0,-1,1,401.6,47,41,90,7.03,None,,0,3,1.7,2.2,1,2.99,0.23,4.71,0.36,1.72,17.33,1.35,0.13,Omari,2.2,170,77,17,1.33,1,False,91.9,95,57,693,False,244.8,223,97,,1153,,None,54,178,109,p503301,0,0,None,0,,503301.jpg,2.7,237,98,60,0,241,False,0,0.0,[],Hutchinson,0.1,516,186,False,None,11,0.86,a,17,16,17,2025-08-16,275.0,87,54,60,32362,69,26921,274,0.4,11.1,Hutchinson,0
0,2002-01-20,0,24,False,True,0,0,0,0.0,1,465680,None,,0,0,0,0,17.7,399,52,6,6.07,None,,0,4,0.0,0.0,0,0.02,0.02,0.46,0.46,0.44,1.57,1.59,0.44,Arnaud,0.0,800,86,3,3.03,0,False,6.3,438,56,696,False,6.8,468,56,,89,has joined Eintracht Frankfurt on loan for the rest of the season.,2026-01-08T10:36:01.900811Z,60,90,28,p465680,0,0,None,0,,465680.jpg,1.0,504,61,4,0,73,False,0,0.0,[],Kalimuendo,0.1,447,65,False,None,0,0.0,u,1,16,17,2025-08-18,39.0,338,52,9,15291,0,18238,37,0.0,1.5,Kalimuendo,0
0,1996-02-13,0,32,True,True,0,0,1,0.21,4,221389,None,,0,0,0,0,0.0,563,53,0,0.0,None,,0,1,0.0,0.0,0,0.00,0.0,0.00,0.0,0.00,6.13,1.26,0.0,John Victor,0.0,457,57,8,1.65,0,False,5.7,439,30,715,False,56.4,403,30,John Victor,437,Knee injury - Expected back 01 Jun,2026-01-04T21:30:13.580158Z,40,671,46,p221389,0,0,None,0,,221389.jpg,2.2,301,26,26,0,30,False,6,1.24,[],Maciel Furtado,0.3,300,39,False,None,5,1.03,i,0,16,17,2025-08-31,0.0,534,40,11,66011,41,45777,405,0.0,2.8,John,1
0,2003-03-19,0,131,True,True,0,0,3,0.26,37,500151,None,,0,0,0,0,123.2,223,55,57,5.0,None,,1,2,0.0,0.0,0,0.45,0.04,1.79,0.16,1.34,15.04,1.32,0.12,Nicolò,0.0,634,244,18,1.58,2,False,43.5,266,87,716,False,216.6,248,100,,1025,Knee injury - Unknown return date,2026-01-29T23:00:10.460624Z,45,453,92,p500151,0,0,None,0,,500151.jpg,2.8,215,86,27,0,106,False,0,0.0,[],Savona,0.1,560,201,False,None,11,0.97,i,20,16,17,2025-08-30,94.0,247,68,39,46663,5,43508,184,0.0,8.7,Savona,2
0,2003-02-16,0,0,False,True,0,0,0,0,0,560441,None,,0,0,0,0,0.0,718,259,0,0,None,,0,2,0.0,0.0,0,0.00,0,0.00,0,0.00,0.00,0,0,Luis Eduardo,0.0,651,245,0,0,0,False,0.0,724,259,729,False,0.0,723,259,,0,has joined Vasco de Gama on loan for the rest of the season.,2026-02-08T15:58:23.390743Z,45,473,94,p560441,0,0,None,0,,560441.jpg,0.0,726,259,0,0,30,False,0,0,[],Soares da Silva,0.0,812,265,False,None,0,0,u,0,16,17,2025-09-01,0.0,704,259,0,94,0,110,1,0.0,0.0,Cuiabano,0
1,2002-08-26,0,55,True,True,100,100,0,0.0,3,476887,3,,0,0,-1,1,113.9,233,147,26,6.84,None,,0,3,-0.1,0.4,1,0.68,0.18,1.18,0.31,0.50,6.73,1.77,0.13,Dilane,0.4,348,161,8,2.11,0,False,23.8,351,168,734,False,49.8,408,180,,342,,2025-10-24T09:00:08.676633Z,59,100,65,p476887,0,0,None,0,,476887.jpg,1.4,423,189,21,0,73,False,0,0.0,[],Bakwa,0.0,678,274,False,None,3,0.79,a,2,16,17,2025-09-01,78.0,273,148,14,4417,34,4027,44,0.1,2.4,Bakwa,1
0,2000-09-10,0,34,True,True,None,None,1,0.76,4,469130,None,,0,0,0,0,12.7,408,54,5,3.78,None,,0,4,1.1,1.6,0,0.01,0.01,0.73,0.55,0.72,1.87,1.41,0.54,Lorenzo,1.6,222,28,1,0.76,1,False,7.9,429,55,805,False,37.2,419,49,,119,,None,55,148,36,p469130,0,0,None,0,,469130.jpg,2.7,238,25,1,0,106,False,0,0.0,[],Lucca,0.0,669,86,False,None,1,0.76,a,0,16,17,2026-01-24,31.0,355,53,8,5379,91,2730,422,0.3,1.5,Lucca,0
0,2003-05-15,0,8,True,True,None,None,0,0.0,1,470315,None,,0,0,0,0,1.7,455,166,1,1.88,None,,0,2,0.0,0.5,1,0.36,0.68,0.36,0.68,0.00,0.05,0.09,0.0,Luca,0.5,322,109,0,0.0,0,False,1.1,479,170,814,False,7.8,465,169,,48,,None,45,441,87,p470315,0,0,None,0,,470315.jpg,1.0,473,171,3,0,80,False,0,0.0,[],Netz,0.0,792,263,False,None,0,0.0,a,0,16,17,2026-02-02,2.0,447,168,2,315,24,134,17,0.1,0.4,Netz,0
0,2000-05-10,0,0,False,True,0,0,0,0,0,232571,None,,0,0,-3,3,0.0,622,78,0,0,None,,0,1,0.0,0.0,0,0.00,0,0.00,0,0.00,0.00,0,0,Anthony,0.0,525,82,0,0,0,False,0.0,631,88,528,False,0.0,629,88,,0,has joined Millwall on loan for the rest of the season.,2026-02-02T13:42:27.821481Z,42,632,34,p232571,0,0,None,0,,232571.jpg,0.0,638,88,0,0,241,False,0,0,[],Patterson,0.2,405,60,False,None,0,0,u,0,17,56,2018-10-09,0.0,597,66,0,10565,0,34032,146,0.0,0.0,Patterson,0
0,1990-05-19,0,0,True,True,None,None,0,0,0,74854,None,,0,0,-1,1,0.0,518,22,0,0,None,,0,1,0.0,0.0,0,0.00,0,0.00,0,0.00,0.00,0,0,Simon,0.0,413,29,0,0,0,False,0.0,532,38,529,False,0.0,530,38,,0,,None,39,741,69,p74854,0,0,None,0,,74854.jpg,0.0,540,38,0,0,241,False,0,0,[],Moore,0.4,289,38,False,None,0,0,a,0,17,56,2024-07-01,0.0,487,9,0,18336,101,33457,154,0.0,0.0,Moore,0
0,2001-05-31,0,0,False,True,0,0,0,0,0,490000,None,,0,0,-1,1,0.0,538,39,0,0,None,,0,1,0.0,0.0,0,0.00,0,0.00,0,0.00,0.00,0,0,Blondy,0.0,435,46,0,0,0,False,0.0,552,55,530,False,0.0,550,55,,0,has joined US Boulogne CO permanently.,2026-01-19T15:39:01.997919Z,39,769,86,p490000,0,0,None,0,,490000.jpg,0.0,560,55,0,0,38,False,0,0,[],Nna Noukeu,0.1,455,68,False,None,0,0,u,0,17,56,2024-08-02,0.0,507,26,0,7473,0,13020,87,0.0,0.0,Nna Noukeu,0
2,1999-09-22,8,328,True,True,100,100,5,0.24,198,223827,None,,0,0,1,-1,153.3,193,49,226,10.99,None,,2,2,4.4,4.4,4,0.58,0.03,2.94,0.14,2.36,28.67,1.39,0.11,Daniel,4.4,45,14,27,1.31,2,False,107.2,68,11,531,False,576.6,40,15,,1851,,2025-12-28T21:30:09.047270Z,46,399,68,p223827,0,0,None,0,,223827.jpg,4.4,35,13,56,0,242,False,0,0.0,[],Ballard,3.3,101,37,False,None,20,0.97,a,28,17,56,2022-07-01,341.0,61,2,105,1126738,19559,966347,3209,1.0,22.8,Ballard,3
1,2002-03-18,4,270,True,True,None,None,7,0.27,105,487676,2,,0,0,0,0,268.6,110,28,158,6.16,None,,1,2,2.2,2.2,2,0.98,0.04,2.54,0.1,1.56,37.70,1.47,0.06,Trai,2.2,165,56,31,1.21,0,False,80.8,126,40,532,False,370.6,132,58,,2309,,None,45,443,88,p487676,0,0,None,0,,487676.jpg,2.8,214,85,77,0,242,False,0,0.0,[],Hume,0.3,308,113,False,None,26,1.01,a,53,17,56,2022-01-04,178.0,149,30,77,74963,449,69024,446,0.5,17.1,Hume,7
0,2001-01-17,0,0,False,True,0,0,0,0,0,220684,None,,0,0,0,0,0.0,562,213,0,0,None,,0,2,0.0,0.0,0,0.00,0,0.00,0,0.00,0.00,0,0,Aji,0.0,456,176,0,0,0,False,0.0,573,213,533,False,0.0,571,213,,0,has joined Portsmouth on loan for the rest of the season.,2025-07-21T10:00:05.007315Z,40,670,166,p220684,0,0,None,0,,220684.jpg,0.0,581,213,0,0,241,False,0,0,[],Alese,0.0,788,262,False,None,0,0,u,0,17,56,2022-07-15,0.0,533,209,0,611,0,856,2,0.0,0.0,Alese,0
0,2001-02-06,0,0,False,True,0,0,0,0,0,232820,None,,0,0,-2,2,0.0,497,183,0,0,None,,0,2,0.0,0.0,0,0.00,0,0.00,0,0.00,0.00,0,0,Joe,0.0,392,143,0,0,0,False,0.0,514,185,534,False,0.0,512,185,,0,has joined Barrow FC permanently.,2026-01-19T15:39:02.016630Z,38,790,238,p232820,0,0,None,0,,232820.jpg,0.0,522,185,0,0,241,False,0,0,[],Anderson,0.3,306,112,False,None,0,0,u,0,17,56,2023-01-31,0.0,465,176,0,39413,0,64147,275,0.0,0.0,Anderson,0
0,2002-04-06,0,44,True,True,0,0,1,0.3,18,461195,None,,0,0,0,0,8.7,429,155,26,7.91,None,,0,2,0.0,0.0,0,0.02,0.01,0.02,0.01,0.00,6.04,1.84,0.0,Dennis,0.0,467,181,2,0.61,0,False,6.8,436,157,535,False,58.2,401,153,,296,Hamstring injury - Expected back 21 Mar,2026-02-23T01:30:11.067246Z,40,681,171,p461195,0,0,None,0,,461195.jpg,2.2,302,113,7,0,241,False,0,0.0,[],Cirkin,0.0,581,208,False,None,3,0.91,i,8,17,56,2021-08-11,2.0,439,163,13,7329,9,6292,280,0.0,3.2,Cirkin,1
0,2003-08-26,0,0,False,True,0,0,0,0,0,477547,None,,0,0,0,0,0.0,579,219,0,0,None,,0,2,0.0,0.0,0,0.00,0,0.00,0,0.00,0.00,0,0,Leo Fuhr,0.0,474,183,0,0,0,False,0.0,589,219,536,False,0.0,587,219,,0,has joined Sheffield United on loan for the rest of the season.,2026-02-02T23:16:50.069434Z,40,689,174,p477547,0,0,None,0,,477547.jpg,0.0,597,219,0,0,161,False,0,0,[],Hjelde,0.0,716,250,False,None,0,0,u,0,17,56,2024-01-30,0.0,550,215,0,1255,0,1433,20,0.0,0.0,Hjelde,0
0,2000-12-18,0,0,False,True,0,0,0,0,0,492066,None,,0,0,0,0,0.0,581,220,0,0,None,,0,2,0.0,0.0,0,0.00,0,0.00,0,0.00,0.00,0,0,Niall,0.0,476,184,0,0,0,False,0.0,591,220,537,False,0.0,589,220,,0,has joined Wycombe Wanderers on loan for the rest of the season.,2025-09-02T13:34:00.250364Z,40,691,175,p492066,0,0,None,0,,492066.jpg,0.0,599,220,0,0,244,False,0,0,[],Huggins,0.1,537,191,False,None,0,0,u,0,17,56,2021-08-20,0.0,552,216,0,1038,0,16143,16,0.0,0.0,Huggins,0
0,2004-07-30,0,0,False,True,0,0,0,0,0,514613,None,,0,0,-2,2,0.0,504,190,0,0,None,,0,2,0.0,0.0,0,0.00,0,0.00,0,0.00,0.00,0,0,Zak,0.0,400,151,0,0,0,False,0.0,521,192,538,False,0.0,519,192,,0,has joined York City on loan for the rest of the season.,2026-01-15T12:51:52.939823Z,38,801,249,p514613,0,0,None,0,,514613.jpg,0.0,529,192,0,0,241,False,0,0,[],Johnson,0.2,367,135,False,None,0,0,u,0,17,56,2021-10-12,0.0,472,183,0,23261,0,32714,186,0.0,0.0,Johnson,0
0,1994-11-21,0,6,True,True,100,100,0,0.0,1,167512,None,,0,0,0,0,1.1,464,170,3,12.27,None,,0,2,0.2,0.2,0,0.00,0.0,0.00,0.0,0.00,0.86,3.52,0.0,Luke,0.2,356,125,0,0.0,0,False,0.7,485,171,539,False,6.0,470,171,,22,,2025-12-06T20:30:09.638471Z,40,668,164,p167512,0,0,None,0,,167512.jpg,0.4,515,179,1,1,241,False,0,0.0,[],O'Nien,0.1,549,197,False,None,0,0.0,a,2,17,56,2018-07-30,0.0,531,207,2,7036,61,7365,101,0.0,0.5,O'Nien,0
0,2002-09-09,0,0,False,True,0,0,0,0,0,465702,None,,0,0,-1,1,0.0,533,202,0,0,None,,0,2,0.0,0.0,0,0.00,0,0.00,0,0.00,0.00,0,0,Timothée,0.0,429,164,0,0,0,False,0.0,547,202,540,False,0.0,545,202,,0,has joined Le Havre AC on loan for the rest of the season.,2026-01-07T10:24:08.787432Z,39,762,222,p465702,0,0,None,0,,465702.jpg,0.0,555,202,0,0,73,False,0,0,[],Pembélé,0.3,324,118,False,None,0,0,u,0,17,56,2023-09-01,0.0,502,196,0,47547,0,47321,174,0.0,0.0,Pembele,0
2,1994-01-21,5,181,True,True,0,0,4,0.25,95,434399,None,,0,0,-2,2,94.0,266,80,122,7.69,None,,2,2,0.0,0.0,0,0.46,0.03,0.59,0.04,0.13,19.99,1.26,0.01,Reinildo,2.6,139,46,20,1.26,0,False,41.8,278,92,541,False,285.4,194,77,Reinildo Mandava,1427,Knee injury - Expected back 14 Mar,2026-02-20T16:00:09.473685Z,38,793,241,p434399,0,0,None,0,,434399.jpg,3.0,185,68,67,1,146,False,0,0.0,[],Mandava,3.0,108,43,False,None,17,1.07,i,27,17,56,2025-07-08,37.0,339,112,51,613485,707,1034332,8045,0.7,13.4,Reinildo,6
0,2003-05-23,0,11,False,True,0,0,0,0.0,8,519634,None,,0,0,0,0,2.4,452,165,12,8.12,None,,0,2,0.0,0.0,0,0.01,0.01,0.01,0.01,0.00,1.33,0.9,0.0,Jenson,0.0,492,194,2,1.35,0,False,3.6,454,163,542,False,33.6,424,159,,133,has joined Wolfsburg on loan for the rest of the season.,2025-09-02T13:40:22.421351Z,40,709,187,p519634,0,0,None,0,,519634.jpg,1.0,452,164,6,0,152,False,0,0.0,[],Seelt,0.1,503,180,False,None,1,0.68,u,4,17,56,2023-07-01,0.0,566,224,2,3016,0,25199,33,0.0,0.5,Seelt,0
1,2002-01-01,3,81,False,True,0,0,4,0.55,13,535818,None,,0,0,-6,6,116.8,230,146,45,6.24,None,,0,3,0.0,0.0,0,0.62,0.09,0.97,0.14,0.35,11.30,1.57,0.05,Simon,0.0,735,310,8,1.11,1,False,27.0,344,166,543,False,81.4,376,166,,649,has joined AS Monaco on loan for the rest of the season.,2026-02-02T23:16:50.111189Z,49,343,211,p535818,0,0,None,0,,535818.jpg,2.4,287,125,21,0,54,False,0,0.0,[],Adingra,0.4,293,100,False,None,9,1.25,u,11,17,56,2025-07-10,75.0,279,152,34,90681,0,229842,339,0.0,6.9,Adingra,2
3,2004-01-03,3,114,True,True,100,100,3,0.32,14,547027,None,,0,0,-2,2,65.7,312,176,49,5.28,None,,1,3,4.8,4.8,5,0.41,0.04,1.65,0.17,1.24,11.81,1.27,0.13,Habib,4.8,32,14,9,0.97,1,False,27.2,343,165,544,False,75.0,384,170,,835,,2025-12-20T23:30:08.955091Z,53,202,125,p547027,0,0,1,0,,547027.jpg,3.4,134,62,26,0,189,False,0,0.0,[],Diarra,0.1,522,189,False,None,9,0.97,a,9,17,56,2025-07-01,138.0,197,110,37,13665,970,18418,242,0.9,7.0,Diarra,3
0,1997-02-05,0,4,False,True,0,0,0,0.0,0,124165,None,,0,0,-1,1,7.3,433,210,1,3.33,None,,0,3,0.0,0.0,0,0.02,0.07,0.05,0.17,0.03,0.66,2.2,0.1,Patrick,0.0,775,338,1,3.33,0,False,1.4,476,220,545,False,1.8,490,226,,27,has joined Birmingham City permanently.,2025-09-02T13:33:32.438579Z,54,159,98,p124165,0,0,None,0,,124165.jpg,1.0,499,233,1,0,241,False,0,0.0,[],Roberts,0.0,726,303,False,None,0,0.0,u,0,17,56,2022-01-21,5.0,429,210,1,462,0,4081,2,0.0,0.2,Roberts,0
0,2005-08-30,0,0,True,True,100,100,0,0,0,626844,None,,0,0,-1,1,0.0,775,338,0,0,None,,0,3,0.0,0.0,0,0.00,0,0.00,0,0.00,0.00,0,0,Milan,0.0,738,313,0,0,0,False,0.0,779,338,546,False,0.0,779,338,,0,,2025-09-08T09:11:30.805435Z,49,348,216,p626844,0,0,None,0,,626844.jpg,0.0,780,339,0,0,190,False,0,0,[],Aleksić,0.0,691,285,False,None,0,0,a,0,17,56,2024-08-30,0.0,771,336,0,449,5,3454,15,0.0,0.0,Aleksić,0
4,2000-02-03,8,417,True,True,100,100,7,0.29,61,484420,3,,1,-1,0,0,551.1,20,20,233,9.51,2,,2,3,4.2,4.2,2,2.90,0.12,7.48,0.31,4.58,36.23,1.48,0.19,Enzo,4.2,55,25,31,1.27,4,False,126.8,37,27,547,False,516.4,63,17,,2205,,2025-09-13T21:30:08.349570Z,50,266,162,p484420,0,1,2,0,,484420.jpg,3.8,86,41,110,0,73,False,0,0.0,[],Le Fée,1.4,165,56,False,None,25,1.02,a,62,17,56,2025-07-01,199.0,127,74,102,360072,5364,236202,4220,0.8,20.4,E.Le Fée,5
0,2003-04-24,0,42,True,True,0,0,0,0.0,6,461199,None,,0,0,-1,1,33.6,368,189,33,7.44,None,,0,3,0.0,0.0,0,0.48,0.11,1.35,0.31,0.87,8.54,1.93,0.2,Romaine,0.8,295,135,11,2.48,0,False,12.7,398,183,548,False,29.4,430,189,,399,Hamstring injury - Expected back 22 Mar,2026-02-23T01:30:11.163434Z,49,332,205,p461199,0,0,None,0,,461199.jpg,1.0,490,225,22,0,241,False,0,0.0,[],Mundle,0.0,746,316,False,None,2,0.45,i,5,17,56,2024-02-01,69.0,288,156,14,1109,3,1537,44,0.2,2.9,Mundle,1
0,2001-12-13,0,10,False,True,0,0,0,0.0,2,223336,None,,0,0,-2,2,1.4,461,223,2,13.85,None,,0,3,0.0,0.0,0,0.00,0.0,0.00,0.0,0.00,0.64,4.43,0.0,Dan,0.0,703,289,0,0.0,0,False,0.4,493,227,549,False,3.0,483,222,,13,has joined Ipswich Town on loan for the rest of the season.,2026-01-27T16:48:20.506094Z,48,362,226,p223336,0,0,None,0,,223336.jpg,1.0,488,224,0,0,241,False,0,0.0,[],Neil,0.0,649,260,False,None,0,0.0,u,0,17,56,2018-11-01,0.0,749,323,3,1972,0,4619,14,0.0,0.6,Neil,0
0,2000-02-09,0,0,True,True,None,None,0,0,0,215460,None,,0,0,-2,2,0.0,756,325,0,0,None,,0,3,0.0,0.0,0,0.00,0,0.00,0,0.00,0.00,0,0,Ian,0.0,701,288,0,0,0,False,0.0,761,325,550,False,0.0,761,325,,0,,None,48,359,225,p215460,0,0,None,0,,215460.jpg,0.0,762,326,0,0,48,False,0,0,[],Poveda-Ocampo,0.0,662,267,False,None,0,0,a,0,17,56,2024-07-24,0.0,748,322,0,1040,10,2716,11,0.0,0.0,Poveda,0
0,2007-06-18,0,48,True,True,None,None,2,0.48,7,554197,None,,0,0,-3,3,48.4,343,184,27,6.48,None,,0,3,0.0,0.0,0,0.35,0.08,0.67,0.16,0.32,5.12,1.23,0.08,Chris,0.0,695,283,2,0.48,0,False,8.9,421,189,551,False,20.2,445,197,,375,,None,47,392,245,p554197,0,0,None,0,,554197.jpg,1.5,408,180,14,0,241,False,0,0.0,[],Rigg,0.0,597,226,False,None,6,1.44,a,6,17,56,2022-12-31,21.0,378,191,15,5757,23,9116,53,0.0,3.2,Rigg,0
1,2004-12-17,0,294,True,True,100,100,6,0.27,69,577669,None,,0,0,-1,1,199.9,160,111,178,7.92,None,,0,3,2.0,2.0,1,0.93,0.04,1.30,0.06,0.37,29.19,1.3,0.02,Noah,2.0,187,82,28,1.25,0,False,51.3,238,121,552,False,247.2,220,95,,2024,,2025-12-13T14:30:11.905086Z,49,346,214,p577669,0,0,None,0,,577669.jpg,2.4,288,126,74,0,50,False,0,0.0,[],Sadiki,0.1,565,208,False,None,23,1.02,a,35,17,56,2025-07-04,65.0,294,158,55,10538,110,11785,110,0.4,11.2,Sadiki,6
2,2005-05-09,5,193,True,True,100,100,6,0.47,15,549912,None,,0,0,-1,1,171.7,181,122,71,5.58,None,,0,3,2.6,2.6,2,0.59,0.05,1.92,0.16,1.34,15.56,1.22,0.11,Chemsdine,2.6,141,64,10,0.79,3,False,50.5,244,123,553,False,178.2,278,120,,1146,,2025-12-13T14:30:11.920590Z,49,344,212,p549912,0,0,None,0,,549912.jpg,3.1,177,75,48,0,145,False,0,0.0,[],Talbi,0.2,410,138,False,None,12,0.94,a,8,17,56,2025-07-09,160.0,165,92,65,59914,191,70195,212,0.5,13.3,Talbi,0
0,2003-07-31,0,0,True,True,None,None,0,0,0,477851,None,,0,0,-2,2,0.0,632,238,0,0,None,,0,3,0.0,0.0,0,0.00,0,0.00,0,0.00,0.00,0,0,Abdoullah,0.0,544,179,0,0,0,False,0.0,639,235,554,False,0.0,637,233,,0,,None,43,591,346,p477851,0,0,None,0,,477851.jpg,0.0,647,243,0,0,73,False,0,0,[],Ba,0.3,297,101,False,None,0,0,a,0,17,56,2022-08-31,0.0,608,226,0,81209,162,77471,433,0.0,0.0,Ba,0
0,1995-04-15,0,0,False,True,0,0,0,0,0,171422,None,,0,0,0,0,0.0,681,269,0,0,None,,0,3,0.0,0.0,0,0.00,0,0.00,0,0.00,0.00,0,0,Alan,0.0,609,218,0,0,0,False,0.0,689,268,555,False,0.0,687,266,,0,has joined Middlesbrough on loan for the rest of the season.,2025-09-02T13:31:41.354124Z,45,413,252,p171422,0,0,None,0,,171422.jpg,0.0,693,272,0,0,104,False,0,0,[],Browne,0.0,642,256,False,None,0,0,u,0,17,56,2024-07-11,0.0,662,261,0,1291,0,9834,13,0.0,0.0,Browne,0
0,2002-01-15,0,0,False,True,0,0,0,0,0,458297,None,,0,0,0,0,0.0,695,276,0,0,None,,0,3,0.0,0.0,0,0.00,0,0.00,0,0.00,0.00,0,0,Pierre,0.0,624,226,0,0,0,False,0.0,700,275,556,False,0.0,698,273,,0,Has joined AS Saint-Etienne permanently.,2025-08-14T14:03:00.702056Z,45,436,260,p458297,0,0,None,0,,458297.jpg,0.0,704,279,0,0,73,False,0,0,[],Ekwah Elimby,0.0,774,334,False,None,0,0,u,0,17,56,2023-01-23,0.0,678,269,0,0,0,1801,1,0.0,0.0,Ekwah,0
0,2004-12-25,0,0,True,True,None,None,0,0,0,547410,None,,0,0,-2,2,0.0,641,244,0,0,None,,0,3,0.0,0.0,0,0.00,0,0.00,0,0.00,0.00,0,0,Harrison,0.0,557,188,0,0,0,False,0.0,647,241,557,False,0.0,645,239,Harrison Jones,0,,None,43,609,355,p547410,0,0,None,0,,547410.jpg,0.0,655,249,0,0,241,False,0,0,[],Jones,0.1,535,196,False,None,0,0,a,0,17,56,2024-01-01,0.0,618,233,0,8531,123,10172,116,0.0,0.0,H.Jones,0
0,2001-02-11,0,0,False,True,0,0,0,0,0,493837,None,,0,0,-2,2,0.0,634,240,0,0,None,,0,3,0.0,0.0,0,0.00,0,0.00,0,0.00,0.00,0,0,Jay,0.0,548,182,0,0,0,False,0.0,641,237,558,False,0.0,639,235,,0,has joined MK Dons permanently.,2026-01-15T12:51:24.526300Z,43,598,349,p493837,0,0,None,0,,493837.jpg,0.0,649,245,0,0,241,False,0,0,[],Matete,0.2,396,133,False,None,0,0,u,0,17,56,2022-01-31,0.0,610,228,0,30710,0,44972,189,0.0,0.0,Matete,0
0,2003-05-11,0,0,False,True,0,0,0,0,0,500696,None,,0,0,-1,1,0.0,661,257,0,0,None,,0,3,0.0,0.0,0,0.00,0,0.00,0,0.00,0.00,0,0,Nectarios,0.0,584,202,0,0,0,False,0.0,667,254,559,False,0.0,665,252,,0,has joined Minnesota United permanently.,2025-09-22T21:19:57.157510Z,44,548,326,p500696,0,0,None,0,,500696.jpg,0.0,674,261,0,0,13,False,0,0,[],Triantis,0.0,641,255,False,None,0,0,u,0,17,56,2023-07-01,0.0,639,246,0,2951,0,8621,10,0.0,0.0,Triantis,0
0,2000-08-27,7,183,True,True,100,100,4,0.35,15,437505,None,,0,0,-4,4,23.9,386,50,43,3.79,None,,1,4,1.0,1.0,1,0.17,0.01,3.84,0.33,3.67,17.21,1.52,0.32,Wilson,1.0,271,33,15,1.32,4,False,56.8,214,27,560,False,166.6,287,27,,1022,,2026-01-04T21:30:13.190592Z,51,233,52,p437505,0,0,None,0,,437505.jpg,2.2,307,32,19,0,73,False,0,0.0,[],Isidor,1.4,163,26,False,None,11,0.97,a,9,17,56,2025-02-01,379.0,52,21,56,962214,805,865457,3249,0.2,11.0,Isidor,1
0,2005-05-08,5,120,True,True,None,None,3,0.4,7,564406,None,,0,0,-3,3,53.4,333,38,25,3.3,None,,0,4,2.0,2.0,9,0.22,0.03,2.35,0.31,2.13,12.21,1.61,0.28,Eliezer,2.0,189,25,9,1.19,2,False,35.3,306,36,561,False,115.6,335,34,,682,,None,52,218,50,p564406,0,0,None,0,,564406.jpg,2.2,308,33,13,0,200,False,0,0.0,[],Mayenda Dossou,0.5,256,40,False,None,7,0.92,a,5,17,56,2023-07-28,188.0,143,34,36,266385,1454,304570,290,0.4,6.9,Mayenda,0
0,2004-06-19,0,0,True,True,None,None,0,0,0,611975,None,,0,0,-3,3,0.0,627,64,0,0,None,,0,4,0.0,0.0,0,0.00,0,0.00,0,0.00,0.00,0,0,Ahmed,0.0,534,53,0,0,0,False,0.0,635,65,562,False,0.0,633,65,,0,,None,42,646,91,p611975,0,0,None,0,,611975.jpg,0.0,642,65,0,0,157,False,0,0,[],Abdullahi,0.5,265,42,False,None,0,0,a,0,17,56,2024-08-31,0.0,602,64,0,67332,412,88089,1215,0.0,0.0,Abdullahi,0
0,2003-08-11,0,0,False,True,0,0,0,0,0,551153,None,,0,0,-1,1,0.0,667,71,0,0,None,,0,4,0.0,0.0,0,0.00,0,0.00,0,0.00,0.00,0,0,Luís Hemir,0.0,592,62,0,0,0,False,0.0,674,72,563,False,0.0,672,72,,0,has joined Moreirense on loan for the rest of the season.,2025-09-22T21:17:57.534387Z,44,558,80,p551153,0,0,None,0,,551153.jpg,0.0,680,72,0,0,173,False,0,0,[],Silva Semedo,0.1,511,72,False,None,0,0,u,0,17,56,2023-07-01,0.0,647,71,0,5979,0,20351,14,0.0,0.0,Luís Hemir,0
0,1998-10-25,0,0,False,True,0,0,0,0,0,440955,None,,0,0,-1,1,0.0,656,68,0,0,None,,0,4,0.0,0.0,0,0.00,0,0.00,0,0.00,0.00,0,0,Nazarii,0.0,579,59,0,0,0,False,0.0,662,69,564,False,0.0,660,69,,0,has joined Arka on loan for the rest of the season.,2025-09-05T08:56:38.449926Z,44,539,77,p440955,0,0,None,0,,440955.jpg,0.0,670,69,0,0,225,False,0,0,[],Rusyn,0.1,513,73,False,None,0,0,u,0,17,56,2023-09-01,0.0,634,68,0,3530,0,20160,14,0.0,0.0,Rusyn,0
5,1992-09-27,5,450,True,True,100,100,7,0.31,106,84450,1,,0,0,1,-1,433.1,40,37,253,11.07,1,,0,3,0.6,0.6,2,2.28,0.1,2.87,0.13,0.59,32.95,1.44,0.03,Granit,0.6,315,145,25,1.09,1,False,104.5,72,45,668,False,535.4,52,13,,2056,,2026-01-24T19:00:09.277794Z,51,222,137,p84450,0,0,None,0,,84450.jpg,3.9,78,37,111,0,207,False,0,0.0,[],Xhaka,3.4,97,31,False,None,23,1.01,a,36,17,56,2025-07-30,77.0,276,150,93,1360977,3194,1333125,4249,0.1,18.2,Xhaka,4
0,2003-01-17,9,474,True,True,None,None,8,0.29,33,498016,None,,0,0,4,-4,40.0,353,2,0,0.0,None,,3,1,2.4,2.4,2,0.10,0.0,0.10,0.0,0.00,41.00,1.46,0.0,Robin,2.4,153,12,34,1.21,0,False,74.3,144,2,670,False,704.0,9,2,,2520,,None,49,339,13,p498016,0,0,None,1,,498016.jpg,3.9,77,7,277,0,152,False,85,3.04,[],Roefs,11.4,29,6,False,None,28,1.0,a,0,17,56,2025-08-01,0.0,769,88,110,2159565,7673,906669,18240,0.5,22.4,Roefs,3
0,1993-11-07,0,4,False,True,0,0,0,0.0,6,105717,None,,0,0,-1,1,20.1,392,142,10,7.2,None,,0,2,0.0,0.0,0,0.08,0.06,0.15,0.11,0.07,2.09,1.5,0.05,Arthur,0.0,418,161,2,1.44,0,False,4.9,446,160,678,False,21.8,440,164,,125,has joined RC Lens on loan for the rest of the season.,2026-01-15T20:00:09.716289Z,39,746,214,p105717,0,0,None,0,,105717.jpg,0.3,516,180,3,0,50,False,0,0.0,[],Masuaku,0.5,260,96,False,None,2,1.44,u,4,17,56,2025-08-10,7.0,416,157,1,52353,0,82366,250,0.0,0.3,Masuaku,1
1,1996-12-26,5,313,True,True,100,100,7,0.3,206,201895,None,,0,0,1,-1,118.7,228,59,230,9.94,None,,1,2,2.8,2.8,4,0.82,0.04,2.04,0.09,1.23,34.25,1.48,0.05,Omar,2.8,128,43,29,1.25,1,False,91.1,97,26,683,False,583.2,37,13,,2083,,2025-10-23T13:30:08.702646Z,41,650,156,p201895,0,0,None,0,,201895.jpg,3.9,73,27,74,0,168,False,0,0.0,[],Alderete,6.4,58,20,False,None,23,0.99,a,24,17,56,2025-08-12,205.0,121,21,93,1557565,13441,910198,6313,0.7,22.7,Alderete,4
5,1997-11-01,8,397,True,True,0,0,7,0.29,168,200834,None,,-1,1,5,-5,278.7,102,24,225,9.36,None,,3,2,0.0,0.0,0,2.01,0.08,3.03,0.12,1.02,35.72,1.49,0.04,Nordi,2.6,140,47,28,1.17,1,False,97.9,84,20,694,False,559.0,47,20,,2163,Calf injury - Expected back 14 Mar,2026-02-22T23:00:10.030803Z,45,416,77,p200834,1,0,None,0,,200834.jpg,4.6,25,8,101,0,73,False,0,0.0,[],Mukiele,10.6,31,11,False,None,25,1.04,i,57,17,56,2025-08-17,141.0,194,46,115,2463614,395,1185529,156985,0.6,25.6,Mukiele,4
0,2000-07-18,0,169,True,True,None,None,2,0.15,56,247955,None,,0,0,0,0,104.6,250,73,86,6.58,None,,0,2,1.6,1.6,4,0.69,0.05,1.13,0.08,0.44,25.00,1.91,0.03,Lutsharel,1.6,214,80,19,1.45,0,False,35.7,302,99,724,False,206.4,255,104,,1177,,None,45,425,83,p247955,0,0,None,0,,247955.jpg,1.8,366,139,52,0,152,False,0,0.0,[],Geertruida,0.0,587,209,False,None,11,0.84,a,30,17,56,2025-09-01,46.0,325,105,40,9059,288,6313,86,0.4,8.9,Geertruida,0
1,2002-02-01,8,224,True,True,0,0,4,0.3,12,441264,None,,-1,1,-1,1,95.8,263,25,50,3.77,None,,1,4,0.0,0.0,0,0.41,0.03,3.01,0.23,2.60,21.13,1.59,0.2,Brian,1.2,254,30,17,1.28,5,False,58.2,210,26,730,False,236.4,234,20,,1193,Groin Injury - Expected back 14 Mar,2026-02-23T01:30:11.824581Z,54,173,43,p441264,0,0,None,0,,441264.jpg,2.8,225,24,31,0,152,False,0,0.0,[],Brobbey,0.9,202,31,False,None,13,0.98,i,7,17,56,2025-09-01,264.0,90,27,62,334631,81,235446,20372,0.2,11.5,Brobbey,3
1,1995-09-06,1,115,True,True,100,100,3,0.43,11,110504,None,,0,0,0,0,108.2,241,149,40,5.73,None,,0,3,0.2,0.2,1,0.25,0.04,0.73,0.11,0.48,9.61,1.38,0.07,Bertrand,0.2,378,171,9,1.29,1,False,35.9,300,149,735,False,115.6,336,151,Bertrand Traoré,628,,2026-01-11T22:30:11.088165Z,55,136,84,p110504,0,0,None,0,,110504.jpg,2.6,257,110,18,0,35,False,0,0.0,[],Traoré,0.0,638,252,False,None,9,1.29,a,11,17,56,2025-09-01,135.0,200,111,29,13669,104,12886,26,0.0,5.3,Traoré,1
0,2006-06-26,0,0,True,True,None,None,0,0,0,232356,None,,0,0,0,0,0.0,566,215,0,0,None,,0,2,0.0,0.0,0,0.00,0,0.00,0,0.00,0.00,0,0,Jenson,0.0,460,178,0,0,0,False,0.0,576,215,774,False,0.0,574,215,Jenson Jones,0,,None,40,674,168,p232356,0,0,None,0,,232356.jpg,0.0,584,215,0,0,241,False,0,0,[],Jones,0.0,692,240,False,None,0,0,a,0,17,56,2025-08-24,0.0,537,211,0,1396,63,719,72,0.0,0.0,Jenson Jones,0
0,2005-06-11,0,0,False,True,0,0,0,0,0,604211,None,,0,0,0,0,0.0,733,308,0,0,None,,0,3,0.0,0.0,0,0.00,0,0.00,0,0.00,0.00,0,0,Tymur,0.0,669,264,0,0,0,False,0.0,739,308,775,False,0.0,739,308,,0,has joined Exeter City on loan for the rest of the season.,2026-01-16T15:18:30.390103Z,45,493,302,p604211,0,0,None,0,,604211.jpg,0.0,741,310,0,0,225,False,0,0,[],Tutierov,0.0,817,365,False,None,0,0,u,0,17,56,2024-08-30,0.0,720,304,0,160,0,137,4,0.0,0.0,Tutierov,0
0,2005-02-09,0,4,True,True,0,0,0,0.0,0,699989,1,,0,0,0,0,4.3,443,214,3,7.11,None,,0,3,0.0,0.0,0,0.04,0.09,0.04,0.09,0.00,0.24,0.57,0.0,Djiamgone Jocelin Ta,0.2,374,168,0,0.0,0,False,1.0,481,222,800,False,3.4,479,219,,38,Ankle injury - Expected back 22 Mar,2026-02-22T23:00:10.207310Z,50,285,178,p699989,0,0,None,0,,699989.jpg,1.0,495,229,2,0,54,False,0,0.0,[],Bi,0.0,814,363,False,None,1,2.37,i,1,17,56,2026-01-16,2.0,455,224,1,130,2,82,5,0.0,0.2,Jocelin.T,0
0,2003-05-22,0,0,True,True,None,None,0,0,0,515046,None,,0,0,0,0,0.0,590,68,0,0,None,,0,1,0.0,0.0,0,0.00,0,0.00,0,0.00,0.00,0,0,Melker,0.0,487,72,0,0,0,False,0.0,600,80,812,False,0.0,598,80,,0,,None,40,702,61,p515046,0,0,None,0,,515046.jpg,0.0,608,80,0,0,206,False,0,0,[],Ellborg,0.0,770,89,False,None,0,0,a,0,17,56,2026-02-01,0.0,561,55,0,577,53,184,22,0.0,0.0,Ellborg,0
0,2003-06-19,0,17,True,True,None,None,0,0.0,6,536661,None,,0,0,0,0,27.8,378,193,13,7.01,None,,0,3,1.5,1.5,1,0.07,0.04,0.56,0.3,0.49,4.92,2.65,0.26,Nilson,1.5,230,101,4,2.16,0,False,11.4,410,187,813,False,25.0,438,193,,167,,None,50,276,171,p536661,0,0,None,0,,536661.jpg,1.5,410,182,3,0,62,False,0,0.0,[],Angulo,0.0,765,328,False,None,2,1.08,a,4,17,56,2026-02-02,62.0,301,163,6,769,24,211,57,0.3,1.2,Angulo,0
0,1996-10-07,6,394,True,True,None,None,7,0.25,33,184254,None,,0,0,-3,3,0.1,488,15,0,0.0,None,,0,1,1.4,1.4,1,0.02,0.0,0.02,0.0,0.00,41.25,1.47,0.0,Guglielmo,1.4,235,18,43,1.54,0,False,64.1,192,9,565,False,638.8,21,6,,2520,,None,47,381,16,p184254,0,0,None,0,,184254.jpg,3.0,189,20,227,0,106,False,75,2.68,[],Vicario,5.7,64,10,False,None,28,1.0,a,1,18,6,2023-07-01,0.0,742,81,84,1349929,930,1393225,6355,0.3,17.9,Vicario,1
0,1999-01-08,0,0,True,True,None,None,0,0,0,214572,None,,0,0,-1,1,0.0,527,31,0,0,None,,0,1,0.0,0.0,0,0.00,0,0.00,0,0.00,0.00,0,0,Brandon,0.0,423,38,0,0,0,False,0.0,541,47,566,False,0.0,539,47,,0,,None,39,753,78,p214572,0,0,None,0,,214572.jpg,0.0,549,47,0,0,241,False,0,0,[],Austin,0.3,321,45,False,None,0,0,a,0,18,6,2017-07-22,0.0,496,18,0,20883,62,24189,116,0.0,0.0,Austin,0
0,2003-03-13,0,0,True,True,None,None,0,0,0,485055,None,,0,0,-1,1,0.0,537,38,0,0,None,,0,1,0.0,0.0,0,0.00,0,0.00,0,0.00,0.00,0,0,Antonín,0.0,434,45,0,0,0,False,0.0,551,54,567,False,0.0,549,54,,0,,None,39,768,85,p485055,0,0,None,0,,485055.jpg,0.0,559,54,0,0,57,False,0,0,[],Kinský,1.6,153,19,False,None,0,0,a,0,18,6,2025-01-05,0.0,506,25,0,125729,213,174346,740,0.0,0.0,Kinsky,0
3,1999-09-13,4,348,True,True,100,100,7,0.33,97,441164,2,,0,0,-4,4,541.7,22,1,144,6.79,2,,2,2,0.0,0.0,0,2.89,0.14,3.45,0.17,0.56,27.53,1.3,0.03,Pedro,0.0,760,258,26,1.23,0,False,107.1,69,12,568,False,433.6,89,39,,1910,,2026-01-28T04:30:09.124754Z,51,234,33,p441164,0,0,None,0,,441164.jpg,3.3,147,53,97,0,200,False,0,0.0,[],Porro Sauceda,9.3,40,14,False,None,22,1.04,a,47,18,6,2023-07-01,94.0,248,69,79,1469973,2624,3015032,4116,0.0,15.5,Pedro Porro,6
1,1998-04-27,10,288,True,True,0,0,5,0.26,129,221632,None,,0,0,0,0,110.8,238,66,182,9.58,None,,3,2,0.0,0.0,0,1.20,0.06,2.53,0.13,1.33,25.77,1.36,0.07,Cristian,-0.6,819,266,29,1.53,4,False,86.0,113,33,569,False,543.2,50,23,,1710,Suspended until 15 Mar,2026-02-07T19:00:08.958148Z,50,253,38,p221632,0,0,None,0,,221632.jpg,4.2,47,21,80,2,10,False,0,0.0,[],Romero,3.2,105,41,False,None,20,1.05,s,53,18,6,2022-08-30,206.0,119,20,89,1016438,68,1193883,7299,-0.1,17.8,Romero,8
0,1998-09-19,1,115,True,True,100,100,2,0.27,80,135720,None,,0,0,-3,3,9.2,428,154,93,12.7,None,,0,2,0.2,0.2,1,0.18,0.02,0.21,0.02,0.03,10.71,1.46,0.0,Kevin,0.2,360,129,12,1.64,0,False,21.3,361,125,570,False,194.8,262,106,,659,,2026-02-02T00:30:11.097727Z,42,627,141,p135720,0,0,None,0,,135720.jpg,2.0,325,120,29,0,14,False,0,0.0,[],Danso,0.1,439,162,False,None,8,1.09,a,13,18,6,2025-07-01,8.0,411,153,28,17022,84,30640,62,0.0,6.7,Danso,4
0,1993-04-24,1,29,True,True,0,0,0,0.0,9,115556,None,,0,0,-2,2,22.2,388,139,14,9.26,None,,0,2,0.0,0.0,0,0.07,0.05,0.56,0.37,0.49,1.11,0.73,0.32,Ben,0.0,539,228,3,1.99,1,False,14.2,390,140,571,False,67.4,389,148,,136,Ankle injury - Unknown return date,2026-01-17T18:30:08.916445Z,43,577,125,p115556,0,0,None,0,,115556.jpg,3.3,141,49,5,0,244,False,0,0.0,[],Davies,0.1,540,193,False,None,2,1.32,i,5,18,6,2014-07-23,52.0,320,103,10,4410,5,11913,37,0.0,2.3,Davies,1
0,2002-02-03,0,18,True,True,100,100,0,0.0,54,493125,None,,0,0,0,0,2.7,449,163,57,12.13,None,,0,2,1.8,1.8,3,0.00,0.0,0.31,0.07,0.31,10.24,2.18,0.07,Radu,1.8,196,72,12,2.55,0,False,12.9,396,144,572,False,99.2,352,135,,423,,2025-07-21T10:00:05.088977Z,45,449,90,p493125,0,0,None,0,,493125.jpg,1.6,387,146,11,0,177,False,0,0.0,[],Drăgușin,0.0,674,235,False,None,4,0.85,a,3,18,6,2024-01-11,27.0,360,121,11,3059,148,2255,83,0.4,2.4,Dragusin,0
0,2000-08-09,1,209,True,True,75,100,7,0.37,58,232859,None,,0,0,-3,3,190.1,172,41,89,4.75,None,,0,2,0.0,0.0,0,1.73,0.09,2.55,0.13,0.82,28.15,1.5,0.04,Djed,0.0,526,219,27,1.44,0,False,57.5,213,71,573,False,233.2,235,91,,1686,Knock - 75% chance of playing,2026-03-01T22:00:07.861085Z,42,633,145,p232859,0,0,None,0,,232859.jpg,2.5,265,102,95,0,241,False,0,0.0,[],Spence,1.0,195,75,False,None,19,1.01,d,31,18,6,2022-07-19,153.0,176,41,55,299236,380,355632,1579,0.0,13.1,Spence,4
1,2002-11-28,0,62,True,True,0,0,0,0.0,21,487053,None,,0,0,-2,2,122.3,225,57,40,4.53,None,,0,2,0.0,0.0,0,0.51,0.06,0.67,0.08,0.16,13.98,1.58,0.02,Destiny,0.2,364,132,17,1.93,0,False,34.9,309,104,574,False,144.0,308,117,,794,Hamstring injury - Expected back 15 Mar,2026-02-07T22:00:09.233434Z,43,593,136,p487053,0,0,None,0,,487053.jpg,1.2,436,157,47,0,106,False,0,0.0,[],Udogie,0.3,317,117,False,None,8,0.91,i,19,18,6,2022-08-16,82.0,264,74,15,50359,12,113194,220,0.0,3.5,Udogie,2
1,2001-04-19,10,356,True,True,100,100,7,0.27,144,491279,None,,0,0,0,0,79.6,295,94,174,6.72,None,,3,2,0.8,0.8,0,0.34,0.01,3.13,0.12,2.79,37.13,1.43,0.11,Micky,0.8,287,102,39,1.51,4,False,86.6,110,31,575,False,583.2,38,14,,2329,,2026-01-28T04:30:09.145679Z,45,447,89,p491279,0,0,None,0,,491279.jpg,3.8,83,29,92,0,152,False,0,0.0,[],van de Ven,22.5,17,5,False,None,26,1.0,a,30,18,6,2023-08-08,204.0,122,22,100,3484318,10002,3954607,51304,0.2,22.2,Van de Ven,7
0,2005-06-26,0,0,False,True,0,0,0,0,0,548308,None,,0,0,0,0,0.0,595,228,0,0,None,,0,2,0.0,0.0,0,0.00,0,0.00,0,0.00,0.00,0,0,Ashley,0.0,493,195,0,0,0,False,0.0,605,228,576,False,0.0,603,228,,0,Has joined Stoke City on loan for the rest of the season.,2025-07-25T14:55:41.438809Z,40,710,188,p548308,0,0,None,0,,548308.jpg,0.0,613,228,0,0,241,False,0,0,[],Phillips,0.0,732,254,False,None,0,0,u,0,18,6,2023-08-05,0.0,567,225,0,0,0,1993,1,0.0,0.0,Phillips,0
0,2004-09-04,0,0,False,True,0,0,0,0,0,553299,None,,0,0,0,0,0.0,597,229,0,0,None,,0,2,0.0,0.0,0,0.00,0,0.00,0,0.00,0.00,0,0,Takai,0.0,495,196,0,0,0,False,0.0,607,229,577,False,0.0,605,229,,0,has joined Borussia Mönchengladbach on loan for the rest of the season.,2026-01-02T18:40:16.158468Z,40,712,189,p553299,0,0,None,0,,553299.jpg,0.0,615,229,0,0,108,False,0,0,[],Kōta,0.0,601,214,False,None,0,0,u,0,18,6,2025-07-08,0.0,569,226,0,1005,0,9019,15,0.0,0.0,Takai,0
0,2007-02-24,0,0,False,True,0,0,0,0,0,610799,None,,0,0,-1,1,0.0,551,209,0,0,None,,0,2,0.0,0.0,0,0.00,0,0.00,0,0.00,0.00,0,0,Luka,0.0,447,172,0,0,0,False,0.0,564,209,578,False,0.0,562,209,,0,has joined Hamburger SV on loan for the rest of the season.,2025-09-02T13:17:42.706711Z,39,783,232,p610799,0,0,None,0,,610799.jpg,0.0,572,209,0,0,97,False,0,0,[],Vušković,0.3,310,114,False,None,0,0,u,0,18,6,2025-06-01,0.0,521,204,0,7334,0,91831,76,0.0,0.0,Vuskovic,0
0,1992-07-08,0,0,False,True,0,0,0,0,0,85971,None,,0,0,0,0,0.0,819,367,0,0,None,,0,3,0.0,0.0,0,0.00,0,0.00,0,0.00,0.00,0,0,Son,0.0,816,367,0,0,0,False,0.0,819,367,579,False,0.0,819,367,,0,has joined Los Angeles FC permanently.,2025-08-11T01:22:33.649224Z,85,11,6,p85971,0,0,None,0,,85971.jpg,0.0,819,367,0,0,114,False,0,0,[],Heung-min,0.1,444,152,False,None,0,0,u,0,18,6,2015-08-28,0.0,819,367,0,0,0,25521,10,0.0,0.0,Son,0
0,1996-11-23,0,0,True,True,0,0,0,0,0,172780,None,,0,0,-2,2,0.0,816,364,0,0,None,,0,3,0.0,0.0,0,0.00,0,0.00,0,0.00,0.00,0,0,James,0.0,809,362,0,0,0,False,0.0,816,364,581,False,0.0,816,364,,0,Anterior cruciate ligament - Unknown return date,2025-08-08T13:57:59.638052Z,68,43,26,p172780,0,0,None,0,,172780.jpg,0.0,816,364,0,0,241,False,0,0,[],Maddison,0.1,442,150,False,None,0,0,i,0,18,6,2023-06-28,0.0,816,364,0,1719,12,23766,22,0.0,0.0,Maddison,0
6,2000-08-02,7,257,True,True,0,0,7,0.41,9,460842,3,,0,0,-1,1,413.8,43,39,133,7.8,4,,2,3,0.0,0.0,0,2.41,0.14,4.33,0.25,1.92,22.74,1.33,0.11,Mohammed,0.0,806,361,20,1.17,2,False,104.7,71,44,582,False,333.4,153,55,,1535,Thigh injury - Expected back 11 Apr,2026-01-04T21:30:13.237860Z,64,58,37,p460842,0,0,3,0,,460842.jpg,3.9,80,39,95,0,81,False,0,0.0,[],Kudus,9.5,37,13,False,None,19,1.11,i,29,18,6,2025-07-10,302.0,76,45,75,3263248,21,5195347,4897,0.0,11.7,Kudus,3
0,2000-04-25,0,0,True,True,0,0,0,0,0,445044,None,,0,0,-1,1,0.0,813,363,0,0,None,,0,3,0.0,0.0,0,0.00,0,0.00,0,0.00,0.00,0,0,Dejan,0.0,805,360,0,0,0,False,0.0,813,363,583,False,0.0,813,363,,0,Knee injury - Unknown return date,2025-07-21T10:00:05.109205Z,64,57,36,p445044,0,0,None,0,,445044.jpg,0.0,813,363,0,0,206,False,0,0,[],Kulusevski,0.0,721,300,False,None,0,0,i,0,18,6,2023-07-01,0.0,813,363,0,984,16,2071,11,0.0,0.0,Kulusevski,0
1,2005-04-27,5,160,True,True,None,None,1,0.14,6,511499,4,,0,0,-3,3,170.4,183,123,61,8.31,None,,1,3,1.0,1.0,1,0.82,0.11,2.48,0.34,1.67,10.21,1.39,0.23,Mathys,1.0,280,127,13,1.77,3,False,52.7,232,116,584,False,160.6,294,131,,661,,None,62,78,52,p511499,0,0,None,0,,511499.jpg,2.4,292,128,44,0,73,False,0,0.0,[],Tel,0.1,434,146,False,None,6,0.82,a,11,18,6,2025-07-01,193.0,135,78,50,40003,325,45809,239,0.2,8.1,Tel,0
1,1997-06-25,3,269,True,True,0,0,5,0.32,69,202993,None,,-1,1,-3,3,159.7,189,126,207,13.24,None,,1,3,0.0,0.0,0,0.68,0.04,1.13,0.07,0.45,20.56,1.32,0.03,Rodrigo,0.0,764,330,21,1.34,1,False,51.6,237,120,585,False,268.6,209,89,,1407,Hamstring injury - Unknown return date,2026-01-08T18:30:11.365390Z,52,207,128,p202993,0,0,None,0,,202993.jpg,3.2,159,69,101,0,230,False,0,0.0,[],Bentancur,0.2,403,135,False,None,17,1.09,i,37,18,6,2022-01-31,85.0,261,144,64,56879,1,66342,129,0.0,12.3,Bentancur,5
2,2006-02-02,0,139,True,True,0,0,3,0.34,14,570526,None,,0,0,-3,3,81.4,289,168,68,7.66,None,,1,3,0.0,0.0,0,0.39,0.04,1.35,0.15,0.96,10.21,1.15,0.11,Lucas,0.0,767,333,13,1.46,1,False,35.3,307,150,586,False,137.4,313,142,,799,Ankle injury - Unknown return date,2026-01-21T21:30:07.663440Z,52,219,136,p570526,0,0,None,0,,570526.jpg,2.3,297,130,34,0,206,False,0,0.0,[],Bergvall,0.2,395,132,False,None,10,1.13,i,20,18,6,2024-07-01,133.0,202,113,39,102331,3,111087,72,0.0,7.5,Bergvall,2
0,1996-08-30,0,83,True,True,100,100,0,0.0,23,227127,None,,0,0,-3,3,17.9,398,198,61,13.29,None,,0,3,1.6,1.6,2,0.08,0.02,0.44,0.1,0.36,10.34,2.25,0.08,Yves,1.6,220,96,13,2.83,0,False,11.5,408,186,587,False,74.2,386,171,,413,,2025-08-22T13:47:04.343594Z,52,210,129,p227127,0,0,None,0,,227127.jpg,1.9,350,152,23,0,132,False,0,0.0,[],Bissouma,0.0,580,216,False,None,5,1.09,a,15,18,6,2022-06-17,23.0,368,189,13,3153,77,14478,79,0.3,2.5,Bissouma,2
2,2004-11-28,6,176,True,True,0,0,2,0.19,14,550839,None,,0,0,-2,2,284.3,98,72,77,7.13,None,,0,3,0.0,0.0,0,1.21,0.11,3.13,0.29,1.92,14.24,1.32,0.18,Wilson,0.6,317,147,13,1.2,0,False,67.6,172,90,588,False,158.8,296,133,,972,Knee injury - Unknown return date,2026-02-11T13:00:10.283271Z,53,203,126,p550839,0,0,None,0,,550839.jpg,1.9,352,153,53,0,73,False,0,0.0,[],Odobert,0.0,585,220,False,None,10,0.93,i,10,18,6,2024-08-16,234.0,102,64,46,16358,2,17434,231,0.1,8.7,Odobert,0
0,1999-07-24,0,0,False,True,0,0,0,0,0,235674,None,,0,0,-1,1,0.0,798,352,0,0,None,,0,3,0.0,0.0,0,0.00,0,0.00,0,0.00,0.00,0,0,Manor,0.0,780,341,0,0,0,False,0.0,799,352,589,False,0.0,799,352,,0,has joined Fiorentina on loan for the rest of the season.,2025-09-02T13:17:42.731308Z,54,169,104,p235674,0,0,None,0,,235674.jpg,0.0,800,353,0,0,105,False,0,0,[],Solomon,0.0,761,325,False,None,0,0,u,0,18,6,2023-07-11,0.0,796,351,0,115,0,1476,0,0.0,0.0,Solomon,0
0,2001-02-11,0,0,False,True,0,0,0,0,0,436234,None,,0,0,-1,1,0.0,768,333,0,0,None,,0,3,0.0,0.0,0,0.00,0,0.00,0,0.00,0.00,0,0,Bryan,0.0,727,306,0,0,0,False,0.0,772,333,590,False,0.0,772,333,,0,has joined Girona permanently.,2025-09-22T09:26:56.310666Z,49,327,202,p436234,0,0,None,0,,436234.jpg,0.0,773,334,0,0,200,False,0,0,[],Gil Salvatierra,0.0,658,264,False,None,0,0,u,0,18,6,2021-07-26,0.0,763,331,0,675,0,4479,2,0.0,0.0,Bryan,0
1,2006-03-12,6,181,True,True,100,100,5,0.41,51,547701,None,,0,0,-2,2,95.3,264,160,101,8.21,None,,0,3,4.0,4.0,5,0.69,0.06,1.94,0.16,1.25,18.64,1.52,0.1,Archie,4.0,63,31,20,1.63,2,False,42.1,274,139,591,False,201.0,259,108,,1107,,2025-10-31T09:00:09.658347Z,48,372,233,p547701,0,0,None,0,,547701.jpg,2.7,234,96,41,0,241,False,0,0.0,[],Gray,0.1,419,142,False,None,14,1.14,a,9,18,6,2024-07-02,125.0,215,120,48,19578,596,23196,275,0.8,10.0,Gray,5
0,2007-08-11,0,0,False,True,0,0,0,0,0,499721,None,,0,0,0,0,0.0,787,346,0,0,None,,0,3,0.0,0.0,0,0.00,0,0.00,0,0.00,0.00,0,0,Mikey,0.0,750,322,0,0,0,False,0.0,789,346,592,False,0.0,789,346,,0,Has joined Rangers on loan for the rest of the season.,2025-08-11T01:19:38.328172Z,50,272,167,p499721,0,0,None,0,,499721.jpg,0.0,790,347,0,0,241,False,0,0,[],Moore,0.0,791,348,False,None,0,0,u,0,18,6,2024-05-01,0.0,783,344,0,0,0,686,2,0.0,0.0,Moore,0
3,2002-09-14,2,238,True,True,100,100,3,0.26,60,482442,None,,0,0,-5,5,107.9,243,151,143,12.26,None,,0,3,3.2,3.2,1,0.96,0.08,2.27,0.19,1.31,20.99,1.8,0.11,Pape Matar,3.2,104,46,15,1.29,2,False,51.0,240,122,593,False,273.4,204,84,Pape Matar Sarr,1050,,2025-12-13T14:30:12.000738Z,45,442,265,p482442,0,0,None,0,,482442.jpg,3.1,172,73,57,0,189,False,0,0.0,[],Sarr,1.1,184,64,False,None,10,0.86,a,26,18,6,2021-08-27,127.0,212,118,58,381834,4947,567748,2377,0.7,12.9,P.M.Sarr,1
0,2006-04-16,0,0,False,True,0,0,0,0,0,623095,None,,0,0,0,0,0.0,742,316,0,0,None,,0,3,0.0,0.0,0,0.00,0,0.00,0,0.00,0.00,0,0,Yang,0.0,678,272,0,0,0,False,0.0,748,316,594,False,0.0,748,316,,0,has joined Coventry City on loan for the rest of the season.,2025-08-11T01:24:33.782871Z,45,504,311,p623095,0,0,None,0,,623095.jpg,0.0,749,317,0,0,114,False,0,0,[],Min-hyeok,0.0,733,308,False,None,0,0,u,0,18,6,2025-01-01,0.0,729,312,0,0,0,2822,3,0.0,0.0,Min-hyeok,0
0,2007-03-11,0,0,True,True,None,None,0,0,0,499726,None,,0,0,-2,2,0.0,635,241,0,0,None,,0,3,0.0,0.0,0,0.00,0,0.00,0,0.00,0.00,0,0,Callum,0.0,550,184,0,0,0,False,0.0,642,238,595,False,0.0,640,236,,0,,None,43,600,351,p499726,0,0,None,0,,499726.jpg,0.0,650,246,0,0,241,False,0,0,[],Olusesi,0.2,366,122,False,None,0,0,a,0,18,6,2024-11-06,0.0,612,230,0,24259,174,29774,224,0.0,0.0,Olusesi,0
0,1997-09-14,3,107,True,True,100,100,0,0.0,11,154566,None,,0,0,-3,3,51.2,337,41,37,6.34,None,,1,4,3.8,3.8,2,0.19,0.03,1.41,0.24,1.22,10.85,1.86,0.21,Dominic,3.8,84,12,11,1.89,2,False,32.8,319,38,596,False,119.8,329,32,,525,,2025-09-12T16:30:09.183639Z,72,30,13,p154566,0,0,2,0,,154566.jpg,2.7,245,27,12,0,241,False,0,0.0,[],Solanke-Mitchell,1.2,175,27,False,None,5,0.86,a,14,18,6,2024-08-10,158.0,167,39,24,133765,1397,508178,4523,0.5,3.3,Solanke,1
3,1997-05-10,10,371,True,True,100,100,5,0.34,47,212319,None,,0,0,-2,2,170.8,182,16,101,6.83,None,,1,4,1.2,1.2,5,1.24,0.08,6.56,0.44,5.32,18.99,1.29,0.36,Richarlison,1.2,255,31,20,1.35,8,False,112.6,57,13,597,False,423.2,97,8,Richarlison,1330,,2026-01-11T18:30:11.144475Z,63,65,21,p212319,0,0,5,0,,212319.jpg,3.5,125,11,39,0,30,False,0,0.0,[],de Andrade,5.4,68,13,False,None,13,0.88,a,15,18,6,2022-07-01,533.0,22,13,81,2950639,2317,3042461,1805,0.2,12.9,Richarlison,5
0,2005-04-20,0,0,False,True,0,0,0,0,0,552427,None,,0,0,0,0,0.0,714,75,0,0,None,,0,4,0.0,0.0,0,0.00,0,0.00,0,0.00,0.00,0,0,Will,0.0,646,66,0,0,0,False,0.0,720,76,598,False,0.0,719,76,,0,has joined Oxford United on loan for the rest of the season.,2025-08-11T01:18:54.659436Z,45,468,67,p552427,0,0,None,0,,552427.jpg,0.0,723,76,0,0,241,False,0,0,[],Lankshear,0.0,671,87,False,None,0,0,u,0,18,6,2022-12-08,0.0,699,75,0,0,0,5101,2,0.0,0.0,Lankshear,0
0,2004-03-24,0,5,False,True,0,0,0,0.0,0,490145,None,,0,0,-2,2,4.1,444,59,1,12.86,None,,0,4,0.0,0.0,0,0.01,0.13,0.01,0.13,0.00,0.03,0.39,0.0,Dane,0.0,546,54,0,0.0,0,False,0.7,486,60,599,False,1.0,497,60,,7,has joined Hibernian on loan for the rest of the season.,2026-02-02T13:40:54.997559Z,43,595,84,p490145,0,0,None,0,,490145.jpg,1.0,460,57,1,0,241,False,0,0.0,[],Scarlett,0.6,247,37,False,None,0,0.0,u,0,18,6,2020-08-21,2.0,444,60,2,60820,0,108929,545,0.0,0.5,Scarlett,0
3,1995-07-09,11,384,True,True,100,100,4,0.21,72,154296,None,,0,0,0,0,101.8,253,155,232,12.4,None,,0,3,2.4,2.4,2,0.55,0.03,1.85,0.1,1.30,27.24,1.46,0.07,João Maria,2.4,156,70,29,1.55,3,False,74.7,142,77,673,False,477.8,74,22,João Palhinha,1684,,2026-01-20T00:30:08.833073Z,55,137,85,p154296,0,0,None,0,,154296.jpg,3.6,113,52,67,0,173,False,0,0.0,[],Lobo Alves Palhares Costa Palhinha Gonçalves,0.8,206,72,False,None,18,0.96,a,93,18,6,2025-08-03,165.0,160,89,90,368621,350,358227,1084,0.4,16.4,J.Palhinha,6
4,2003-04-21,5,272,True,True,100,100,3,0.18,22,493362,1,,0,0,-5,5,447.9,36,34,132,7.83,3,,1,3,2.4,2.4,1,3.33,0.2,5.46,0.33,2.13,27.57,1.64,0.13,Xavi,2.4,160,72,33,1.96,1,False,92.0,94,56,717,False,271.0,206,86,,1517,,2025-12-20T23:00:11.931727Z,65,53,34,p493362,0,0,4,0,,493362.jpg,2.8,229,95,81,1,152,False,0,0.0,[],Simons,1.1,181,63,False,None,17,1.01,a,29,18,6,2025-08-29,200.0,125,73,62,811973,1652,733443,3127,0.4,9.5,Xavi,4
0,1998-12-05,1,108,True,True,100,100,3,0.24,15,247693,None,,0,0,-1,1,196.9,165,13,77,6.06,None,,0,4,2.4,2.4,1,1.14,0.09,2.76,0.22,1.62,19.11,1.5,0.13,Randal,2.4,162,22,24,1.89,1,False,50.7,243,28,726,False,117.2,332,33,,1143,,2025-11-14T12:00:08.068318Z,69,38,15,p247693,0,0,None,0,,247693.jpg,1.8,375,45,42,0,73,False,0,0.0,[],Kolo Muani,0.4,284,45,False,None,14,1.1,a,20,18,6,2025-09-01,200.0,126,31,36,124942,1011,113101,1178,0.3,5.2,Kolo Muani,2
0,2008-12-06,0,3,True,True,None,None,0,0.0,0,640419,None,,0,0,0,0,0.5,471,173,0,0.0,None,,0,2,0.2,0.2,0,0.00,0.0,0.00,0.0,0.00,0.00,0.0,0.0,Jun'ai,0.2,358,127,0,0.0,0,False,0.1,505,179,745,False,0.4,501,178,,1,,None,40,733,209,p640419,0,0,None,0,,640419.jpg,1.0,456,168,0,0,241,False,0,0.0,[],Byfield,0.0,625,223,False,None,0,0.0,a,0,18,6,2025-07-25,0.0,586,242,1,1965,23,1875,30,0.0,0.2,Byfield,0
0,2006-07-13,0,0,True,True,None,None,0,0,0,499716,None,,0,0,0,0,0.0,585,223,0,0,None,,0,2,0.0,0.0,0,0.00,0,0.00,0,0.00,0.00,0,0,James,0.0,482,189,0,0,0,False,0.0,595,223,750,False,0.0,593,223,,0,,None,40,697,180,p499716,0,0,None,0,,499716.jpg,0.0,603,223,0,0,241,False,0,0,[],Rowswell,0.0,646,228,False,None,0,0,a,0,18,6,2025-07-25,0.0,556,219,0,1740,40,1483,44,0.0,0.0,Rowswell,0
0,2005-09-05,0,0,False,True,0,0,0,0,0,590035,None,,0,0,0,0,0.0,728,305,0,0,None,,0,3,0.0,0.0,0,0.00,0,0.00,0,0.00,0.00,0,0,Yusuf,0.0,664,261,0,0,0,False,0.0,734,305,751,False,0.0,734,305,,0,has joined Bristol Rovers on loan for the rest of the season.,2026-01-26T15:57:58.935998Z,45,487,298,p590035,0,0,None,0,,590035.jpg,0.0,736,307,0,0,145,False,0,0,[],Akhamrich,0.0,777,337,False,None,0,0,u,0,18,6,2025-07-25,0.0,715,301,0,675,0,616,8,0.0,0.0,Akhamrich,0
0,2008-10-01,0,0,True,True,None,None,0,0,0,611917,None,,0,0,0,0,0.0,738,313,0,0,None,,0,3,0.0,0.0,0,0.00,0,0.00,0,0.00,0.00,0,0,Lucá,0.0,674,269,0,0,0,False,0.0,744,313,790,False,0.0,744,313,,0,,None,45,500,308,p611917,0,0,None,0,,611917.jpg,0.0,745,314,0,0,241,False,0,0,[],Williams-Barnett,0.0,771,331,False,None,0,0,a,0,18,6,2025-07-25,0.0,725,309,0,659,28,292,23,0.0,0.0,Williams-Barnett,0
1,2000-02-06,0,94,True,True,None,None,0,0.0,14,232787,None,,-1,1,-2,2,106.4,246,153,56,9.51,None,,0,3,2.8,2.8,1,0.48,0.08,1.04,0.18,0.56,12.91,2.19,0.1,Conor,2.8,133,61,14,2.38,0,False,27.6,341,164,796,False,83.4,371,164,,530,,None,53,192,120,p232787,0,0,None,0,,232787.jpg,2.6,256,109,32,0,241,False,0,0.0,[],Gallagher,0.1,430,144,False,None,7,1.19,a,10,18,6,2026-01-14,86.0,259,142,18,35953,285,19390,1113,0.5,3.4,Gallagher,0
0,2006-06-16,0,5,True,True,None,None,0,0.0,2,616221,None,,0,0,0,0,20.8,390,140,2,4.0,None,,0,2,0.4,0.4,1,0.03,0.06,0.03,0.06,0.00,1.16,2.32,0.0,João Victor,0.4,329,113,1,2.0,0,False,3.3,457,165,804,False,8.2,463,168,Souza,45,,None,40,730,206,p616221,0,0,None,0,,616221.jpg,1.0,455,167,2,0,30,False,0,0.0,[],de Souza Menezes,0.0,696,242,False,None,0,0.0,a,0,18,6,2026-01-22,4.0,430,160,2,1857,94,631,60,0.1,0.5,Souza,0
0,2005-06-09,0,0,True,True,None,None,0,0,0,536134,None,,0,0,0,0,0.0,710,291,0,0,None,,0,3,0.0,0.0,0,0.00,0,0.00,0,0.00,0.00,0,0,Rio,0.0,641,242,0,0,0,False,0.0,715,290,811,False,0.0,714,289,,0,,None,45,462,279,p536134,0,0,None,0,,536134.jpg,0.0,719,294,0,0,241,False,0,0,[],Kyerematen,0.0,799,353,False,None,0,0,a,0,18,6,2024-05-21,0.0,694,284,0,302,30,101,17,0.0,0.0,Kyerematen,0
0,2007-03-06,0,0,True,True,None,None,0,0,0,613232,None,,0,0,0,0,0.0,739,80,0,0,None,,0,4,0.0,0.0,0,0.00,0,0.00,0,0.00,0.00,0,0,James,0.0,675,71,0,0,0,False,0.0,745,81,818,False,0.0,745,81,,0,,None,45,501,72,p613232,0,0,None,0,,613232.jpg,0.0,746,81,0,0,243,False,0,0,[],Wilson,0.0,736,89,False,None,0,0,a,0,18,6,2026-02-21,0.0,726,80,0,1185,447,227,147,0.0,0.0,Wilson,0
0,1996-01-25,0,64,True,True,None,None,0,0.0,1,159533,None,,0,0,-4,4,63.8,315,177,14,4.41,None,,0,3,0.6,0.1,1,0.55,0.17,0.89,0.28,0.34,6.49,2.04,0.11,Adama,0.6,316,146,10,3.15,0,False,14.4,389,181,326,False,21.8,442,194,,286,,None,51,226,139,p159533,0,0,None,0,,159533.jpg,1.1,443,199,12,0,200,False,0,0.0,[],Traoré Diarra,0.2,407,137,False,None,1,0.31,a,1,19,21,2026-01-28,62.0,302,164,20,16251,159,36251,292,0.1,3.9,Adama,1
1,1993-02-27,2,220,True,True,None,None,0,0.0,30,84182,None,,0,0,-2,2,10.0,420,6,0,0.0,None,,0,1,0.4,-0.1,0,0.00,0.0,0.00,0.0,0.00,35.30,1.76,0.0,Alphonse,0.4,333,22,37,1.85,0,False,57.9,211,11,600,False,570.4,42,11,,1800,,None,43,573,27,p84182,0,0,None,0,,84182.jpg,2.5,267,24,142,0,73,False,77,3.85,[],Areola,2.1,134,18,False,None,20,1.0,a,0,19,21,2022-07-01,0.0,604,68,51,181146,653,444466,2807,0.1,11.9,Areola,0
0,1991-01-14,0,0,False,True,0,0,0,0,0,82143,None,,0,0,0,0,0.0,555,49,0,0,None,,0,1,0.0,0.0,0,0.00,0,0.00,0,0.00,0.00,0,0,Wes,0.0,450,54,0,0,0,False,0.0,567,63,601,False,0.0,565,63,,0,has joined Aris Limassol permanently.,2025-09-11T13:43:36.667461Z,40,661,42,p82143,0,0,None,0,,82143.jpg,0.0,575,63,0,0,241,False,0,0,[],Foderingham,0.2,355,51,False,None,0,0,u,0,19,21,2024-07-01,0.0,525,36,0,3874,0,42488,71,0.0,0.0,Foderingham,0
0,2002-09-24,0,0,False,True,0,0,0,0,0,483364,None,,0,0,-1,1,0.0,536,37,0,0,None,,0,1,0.0,0.0,0,0.00,0,0.00,0,0.00,0.00,0,0,Krisztián,0.0,433,44,0,0,0,False,0.0,550,53,602,False,0.0,548,53,,0,has joined MTK Budapest on loan for the rest of the season.,2026-01-15T12:52:30.178628Z,39,767,84,p483364,0,0,None,0,,483364.jpg,0.0,558,53,0,0,98,False,0,0,[],Hegyi,0.2,365,53,False,None,0,0,u,0,19,21,2022-08-24,0.0,505,24,0,11331,0,19541,143,0.0,0.0,Hegyi,0
6,2004-12-29,3,227,True,True,100,100,5,0.25,124,613804,None,,0,0,-5,5,246.0,123,32,153,7.55,None,,1,2,5.6,5.1,3,1.69,0.08,2.15,0.1,0.46,29.65,1.46,0.02,El Hadji Malick,5.6,14,4,37,1.83,0,False,73.1,148,49,603,False,404.6,111,49,El Hadji Malick Diouf,1823,,2025-12-13T14:30:12.025609Z,40,728,204,p613804,0,0,None,0,,613804.jpg,3.3,140,48,75,0,189,False,0,0.0,[],Diouf,1.9,140,53,False,None,20,0.99,a,29,19,21,2025-07-15,79.0,268,75,73,317052,17395,887973,2021,1.4,18.2,Diouf,4
0,1994-08-03,0,0,False,True,0,0,0,0,0,109533,None,,0,0,-1,1,0.0,651,251,0,0,None,,0,2,0.0,0.0,0,0.00,0,0.00,0,0.00,0.00,0,0,Emerson,0.0,570,231,0,0,0,False,0.0,657,251,604,False,0.0,655,251,,0,has joined Marseille permanently.,2025-09-02T13:30:06.113081Z,44,522,102,p109533,0,0,None,0,,109533.jpg,0.0,665,251,0,0,106,False,0,0,[],Palmieri dos Santos,0.1,579,207,False,None,0,0,u,0,19,21,2022-08-23,0.0,629,250,0,1719,0,20767,7,0.0,0.0,Emerson,0
0,1997-05-23,0,80,True,True,None,None,1,0.06,144,214048,None,,-1,1,-4,4,55.8,330,113,160,9.24,None,,0,2,0.0,-0.5,0,0.25,0.01,0.81,0.04,0.56,33.28,1.92,0.03,Maximilian,0.0,517,216,37,2.14,0,False,50.9,241,78,605,False,392.4,117,52,,1559,,None,41,651,157,p214048,0,0,None,0,,214048.jpg,1.7,376,141,43,0,241,False,0,0.0,[],Kilman,0.1,417,154,False,None,17,0.98,a,16,19,21,2024-07-05,60.0,306,91,36,30032,37,49935,170,0.0,8.8,Kilman,4
0,1997-12-11,0,179,True,True,100,100,3,0.16,177,233963,None,,0,0,-1,1,25.2,382,137,202,10.56,None,,0,2,4.2,3.7,2,0.38,0.02,1.75,0.09,1.37,27.78,1.45,0.07,Konstantinos,4.2,52,15,33,1.73,0,False,61.0,201,67,606,False,430.4,93,43,,1721,,2026-01-11T22:30:10.941940Z,44,534,113,p233963,1,0,None,0,,233963.jpg,2.9,199,78,67,0,83,False,0,0.0,[],Mavropanos,0.1,508,181,False,None,18,0.94,a,25,19,21,2023-08-22,155.0,174,40,61,19611,273,19081,301,1.0,13.9,Mavropanos,2
0,1996-03-30,0,-1,False,True,0,0,0,0.0,14,210494,None,,0,0,-1,1,3.9,446,161,15,7.5,None,,0,2,0.0,0.0,0,0.03,0.02,0.13,0.07,0.10,3.42,1.71,0.05,Nayef,0.0,573,234,8,4.0,0,False,5.1,444,159,607,False,39.0,416,157,,180,has joined Marseille permanently.,2025-09-02T12:20:05.254985Z,44,527,107,p210494,0,0,None,0,,210494.jpg,1.5,404,148,8,0,145,False,0,0.0,[],Aguerd,0.0,609,216,False,None,2,1.0,u,1,19,21,2022-06-21,8.0,412,154,3,1288,0,12317,4,0.0,0.7,N.Aguerd,0
1,2005-12-12,0,86,True,True,100,100,0,0.0,43,536109,5,,0,0,-2,2,71.7,301,99,72,9.91,None,,0,2,0.4,-0.1,0,0.32,0.04,0.50,0.06,0.18,13.28,1.83,0.02,Ollie,0.4,334,116,16,2.2,0,False,23.2,352,120,608,False,138.2,312,118,,654,,2025-12-20T23:30:09.037716Z,43,606,139,p536109,0,0,None,0,,536109.jpg,1.8,362,137,35,0,241,False,0,0.0,[],Scarles,0.0,617,219,False,None,9,1.24,a,29,19,21,2022-10-01,22.0,371,128,21,4935,13,6732,52,0.1,4.9,Scarles,1
1,1999-12-30,0,112,True,True,100,100,0,0.0,105,462116,None,,0,0,-2,2,64.5,314,105,138,8.17,None,,0,2,0.0,-0.5,0,0.29,0.02,0.54,0.03,0.25,28.74,1.7,0.01,Jean-Clair,0.0,542,229,33,1.95,0,False,42.0,276,90,609,False,333.0,154,66,,1521,,2026-01-31T21:30:09.288453Z,43,588,133,p462116,0,0,None,0,,462116.jpg,1.7,377,142,76,1,73,False,0,0.0,[],Todibo,0.1,487,174,False,None,18,1.07,a,33,19,21,2025-07-01,22.0,370,127,31,11636,72,19624,75,0.0,7.2,Todibo,4
3,1997-11-26,0,167,True,True,100,100,2,0.11,118,214590,None,,0,0,-4,4,275.7,108,27,142,7.79,None,,0,2,4.6,4.1,0,0.80,0.04,0.80,0.04,0.00,28.53,1.56,0.0,Aaron,4.6,36,10,36,1.97,0,False,67.7,170,57,610,False,370.0,134,59,,1641,,2025-12-13T14:30:12.044504Z,41,652,158,p214590,0,0,None,0,,214590.jpg,2.8,211,82,53,0,50,False,0,0.0,[],Wan-Bissaka,4.6,80,26,False,None,18,0.99,a,24,19,21,2024-08-13,28.0,358,119,54,256065,4775,2297751,4906,1.1,13.2,Wan-Bissaka,2
0,2004-10-28,0,0,False,True,0,0,0,0,0,518438,None,,0,0,0,0,0.0,593,226,0,0,None,,0,2,0.0,0.0,0,0.00,0,0.00,0,0.00,0.00,0,0,Kaelan,0.0,490,192,0,0,0,False,0.0,603,226,611,False,0.0,601,226,,0,has joined Leyton Orient on loan for the rest of the season.,2025-08-11T01:20:17.436361Z,40,707,185,p518438,0,0,None,0,,518438.jpg,0.0,611,226,0,0,241,False,0,0,[],Casey,0.1,544,195,False,None,0,0,u,0,19,21,2022-11-01,0.0,564,222,0,0,0,13200,22,0.0,0.0,Casey,0
2,1997-08-27,8,291,False,True,0,0,3,0.18,30,224024,None,,0,0,-1,1,397.2,52,44,146,8.68,None,,1,3,0.0,0.0,0,2.00,0.12,4.85,0.29,2.85,24.22,1.44,0.17,Lucas,0.0,796,354,33,1.96,4,False,95.7,90,54,612,False,374.6,127,42,,1513,has joined Flamengo permanently.,2026-01-15T20:30:10.468843Z,59,96,62,p224024,0,0,None,0,,224024.jpg,3.8,89,44,76,1,30,False,0,0.0,[],Tolentino Coelho de Lima,1.1,186,66,False,None,18,1.07,u,40,19,21,2022-08-29,186.0,145,83,69,897173,0,972367,897,0.0,11.7,L.Paquetá,5
2,1995-02-27,6,274,True,True,100,100,3,0.2,74,215439,None,,0,0,-3,3,133.1,209,136,137,9.3,None,,1,3,4.6,4.1,7,0.38,0.03,4.70,0.32,4.32,25.07,1.7,0.29,Tomáš,4.6,41,19,33,2.24,4,False,79.9,129,72,613,False,345.0,147,50,,1326,,2025-09-13T21:30:08.395458Z,57,116,73,p215439,0,0,None,0,,215439.jpg,2.8,227,93,41,1,57,False,0,0.0,[],Souček,0.3,330,111,False,None,14,0.95,a,22,19,21,2020-07-28,320.0,69,40,70,38588,1461,108432,379,0.8,12.3,Souček,2
3,2001-10-30,7,297,True,True,100,100,4,0.2,40,450070,2,,0,0,2,-2,313.9,83,62,154,7.85,None,,1,3,5.0,4.5,1,1.56,0.08,5.96,0.3,4.40,27.37,1.39,0.22,Crysencio,5.0,28,13,34,1.73,4,False,109.4,63,40,615,False,327.2,164,62,,1766,,2025-11-28T19:00:08.821232Z,57,119,74,p450070,0,0,None,0,,450070.jpg,3.5,124,56,84,0,152,False,0,0.0,[],Summerville,3.0,109,34,False,None,21,1.07,a,30,19,21,2024-08-03,453.0,30,15,81,519141,11754,141562,22373,0.9,14.2,Summerville,4
0,1997-10-24,0,0,False,True,0,0,0,0,0,213999,None,,0,0,-1,1,0.0,764,329,0,0,None,,0,3,0.0,0.0,0,0.00,0,0.00,0,0.00,0.00,0,0,Edson,0.0,720,300,0,0,0,False,0.0,768,329,616,False,0.0,768,329,,0,Has joined Fenerbahçe on loan for the rest of the season.,2025-08-26T13:45:35.073930Z,49,311,195,p213999,0,0,None,0,,213999.jpg,0.0,769,330,0,0,139,False,0,0,[],Álvarez Velázquez,0.0,598,227,False,None,0,0,u,0,19,21,2023-08-10,0.0,758,327,0,1147,0,16084,9,0.0,0.0,Álvarez,0
0,1996-09-27,0,0,False,True,0,0,0,0,0,149519,None,,0,0,-1,1,0.0,760,326,0,0,None,,0,3,0.0,0.0,0,0.00,0,0.00,0,0.00,0.00,0,0,Maxwel,0.0,712,295,0,0,0,False,0.0,764,326,617,False,0.0,764,326,,0,has joined Genoa on loan for the rest of the season.,2025-09-02T12:21:17.687537Z,49,290,180,p149519,0,0,None,0,,149519.jpg,0.0,765,327,0,0,54,False,0,0,[],Cornet,0.0,704,293,False,None,0,0,u,0,19,21,2022-08-07,0.0,754,324,0,246,0,3221,3,0.0,0.0,Cornet,0
0,1994-04-12,0,30,False,True,0,0,1,0.51,4,197024,None,,0,0,-2,2,6.0,438,212,15,7.71,None,,0,3,0.0,0.0,0,0.04,0.02,0.07,0.04,0.03,2.59,1.33,0.02,Guido,0.0,698,286,2,1.03,0,False,1.7,469,213,618,False,9.8,458,205,,175,has joined Valencia on loan for the rest of the season.,2026-01-27T16:46:42.877713Z,48,355,222,p197024,0,0,None,0,,197024.jpg,1.3,429,192,10,0,10,False,0,0.0,[],Rodríguez,0.0,610,235,False,None,2,1.03,u,1,19,21,2024-08-06,2.0,451,222,8,2295,0,6106,28,0.0,1.7,G.Rodriguez,1
0,2006-02-09,0,11,False,True,0,0,0,0.0,2,577114,None,,0,0,-1,1,14.5,404,200,11,8.18,None,,0,3,0.0,0.0,0,0.03,0.02,0.10,0.07,0.07,1.82,1.35,0.05,Luis Guilherme,0.0,736,311,2,1.49,0,False,2.5,463,209,619,False,9.2,460,207,,121,has joined Sporting CP permanently.,2026-01-07T10:24:45.612642Z,49,345,213,p577114,0,0,None,0,,577114.jpg,1.0,492,227,8,0,30,False,0,0.0,[],Lira dos Santos,0.0,680,276,False,None,1,0.74,u,1,19,21,2024-06-14,4.0,436,215,5,868,0,3390,5,0.0,1.0,L.Guilherme,0
0,2004-09-05,0,3,False,True,0,0,0,0.0,0,490885,None,,0,0,0,0,1.5,458,220,0,0.0,None,,0,3,0.0,0.0,0,0.01,0.11,0.01,0.11,0.00,0.73,8.21,0.0,George,0.0,630,232,1,11.25,0,False,0.4,492,226,620,False,0.0,704,279,,8,has joined Bristol City on loan for the rest of the season.,2026-01-15T12:52:30.193987Z,45,446,267,p490885,0,0,None,0,,490885.jpg,1.0,474,212,0,0,241,False,0,0.0,[],Earthy,0.0,606,233,False,None,0,0.0,u,0,19,21,2023-07-14,2.0,448,219,1,3770,0,9479,32,0.0,0.2,Earthy,0
0,2000-05-13,0,49,False,True,0,0,0,0.0,2,229384,None,,0,0,-2,2,52.3,335,182,22,12.69,None,,0,3,0.0,0.0,0,0.17,0.1,0.17,0.1,0.00,4.03,2.32,0.0,Andy,0.0,540,177,4,2.31,0,False,8.6,423,190,621,False,31.6,427,187,,156,has joined Sparta Prague permanently.,2026-01-19T15:40:15.184233Z,43,584,344,p229384,0,0,None,0,,229384.jpg,1.3,427,190,14,0,243,False,0,0.0,[],Irving,0.2,359,120,False,None,2,1.15,u,6,19,21,2023-08-31,2.0,443,217,9,43311,0,54774,241,0.0,2.1,Irving,0
0,2006-02-18,0,0,False,True,0,0,0,0,0,518442,None,,0,0,-1,1,0.0,663,259,0,0,None,,0,3,0.0,0.0,0,0.00,0,0.00,0,0.00,0.00,0,0,Lewis,0.0,586,204,0,0,0,False,0.0,669,256,622,False,0.0,667,254,,0,has joined Stevenage on loan for the rest of the season.,2025-09-02T12:14:36.944075Z,44,550,328,p518442,0,0,None,0,,518442.jpg,0.0,676,263,0,0,241,False,0,0,[],Orford,0.1,577,214,False,None,0,0,u,0,19,21,2022-11-01,0.0,641,248,0,1052,0,11927,8,0.0,0.0,Orford,0
1,2003-09-12,0,206,True,True,0,0,1,0.08,47,490142,None,,0,0,-1,1,129.9,214,139,112,9.21,None,,0,3,0.0,0.0,0,1.05,0.09,1.26,0.11,0.21,19.95,1.64,0.02,Freddie,0.8,286,129,23,1.89,0,False,34.7,311,151,623,False,179.6,275,118,,1094,Suspended until 14 Mar,2026-02-14T16:00:06.838115Z,44,546,324,p490142,0,0,None,0,,490142.jpg,1.8,364,157,38,0,241,False,0,0.0,[],Potts,0.6,239,83,False,None,11,0.9,s,27,19,21,2021-12-08,37.0,340,176,34,143004,51,158366,1806,0.2,7.7,Potts,1
5,1996-12-20,21,504,True,True,None,None,4,0.14,49,178186,1,,-1,1,-5,5,436.5,37,1,204,7.32,1,,2,4,5.2,4.7,7,3.56,0.13,9.47,0.34,5.91,44.17,1.58,0.21,Jarrod,5.2,25,7,52,1.87,8,False,172.2,11,3,624,False,609.2,31,3,,2509,,None,75,21,7,p178186,0,0,2,0,,178186.jpg,4.7,24,5,119,0,241,False,0,0.0,[],Bowen,7.8,49,8,False,None,28,1.0,a,36,19,21,2020-01-31,677.0,10,6,131,2298656,13350,3177520,21367,0.7,17.5,Bowen,3
0,1993-02-09,0,28,False,True,0,0,1,0.22,7,91889,None,,0,0,-4,4,85.1,281,28,19,4.2,None,,0,4,0.0,0.0,0,0.21,0.05,1.14,0.26,0.93,8.59,1.9,0.21,Niclas,0.0,791,85,11,2.43,0,False,23.8,350,42,625,False,26.0,435,51,,407,has joined AC Milan on loan for the rest of the season.,2026-01-02T18:40:36.220660Z,56,123,34,p91889,0,0,None,0,,91889.jpg,1.5,413,50,10,0,80,False,0,0.0,[],Füllkrug,0.6,244,36,False,None,5,1.11,u,2,19,21,2024-08-05,130.0,209,43,12,47611,0,392317,105,0.0,2.1,Füllkrug,0
0,2004-11-28,0,0,False,True,0,0,0,0.0,2,565431,None,,0,0,-2,2,0.1,483,61,3,4.66,None,,0,4,0.0,0.0,0,0.00,0.0,0.13,0.2,0.13,1.55,2.41,0.2,Callum,0.0,560,56,2,3.1,0,False,0.8,484,59,626,False,1.2,494,58,,58,has joined VfL Bochum 1848 on loan for the rest of the season.,2026-01-08T10:37:12.178122Z,43,612,86,p565431,0,0,None,0,,565431.jpg,1.0,463,58,1,0,242,False,0,0.0,[],Marshall,0.5,253,39,False,None,0,0.0,u,0,19,21,2023-09-26,7.0,420,59,2,63604,0,105409,311,0.0,0.5,Marshall,0
0,1997-04-13,0,118,True,True,None,None,1,0.09,38,158534,None,,0,0,-3,3,88.2,272,84,72,6.79,None,,0,2,0.4,-0.1,0,0.26,0.02,1.39,0.13,1.13,21.13,1.99,0.11,Kyle,0.4,331,114,22,2.08,1,False,39.0,290,95,659,False,203.2,258,105,,954,,None,42,629,142,p158534,0,0,None,0,,158534.jpg,1.8,360,135,41,0,241,False,0,0.0,[],Walker-Peters,0.2,347,126,False,None,10,0.94,a,34,19,21,2025-07-20,98.0,241,64,32,30632,118,52720,278,0.1,7.6,Walker-Peters,2
2,1992-02-27,7,228,True,True,None,None,1,0.1,7,75115,None,,0,0,-2,2,93.4,268,26,32,3.09,None,,1,4,0.8,0.3,0,0.29,0.03,6.17,0.6,5.88,17.73,1.71,0.57,Callum,0.8,303,40,18,1.74,5,False,69.7,161,21,671,False,226.8,238,21,,933,,None,58,103,29,p75115,0,0,None,0,,75115.jpg,2.7,240,26,22,0,241,False,0,0.0,[],Wilson,0.5,250,38,False,None,9,0.87,a,3,19,21,2025-08-02,385.0,48,19,63,203512,306,212984,1497,0.1,10.9,Wilson,0
0,2000-07-11,6,100,True,True,None,None,3,0.38,14,467189,None,,0,0,-3,3,0.0,623,79,0,0.0,None,,1,1,4.4,3.9,0,0.01,0.0,0.01,0.0,0.00,9.84,1.23,0.0,Mads,4.4,44,4,17,2.12,0,False,17.2,379,23,679,False,172.4,282,23,,720,,None,42,636,35,p467189,0,0,None,0,,467189.jpg,3.9,74,6,77,0,58,False,23,2.88,[],Hermansen,0.3,320,44,False,None,8,1.0,a,0,19,21,2025-08-09,0.0,598,67,31,30516,1673,40127,857,1.0,7.4,Hermansen,0
3,2004-07-10,6,503,True,True,100,100,4,0.17,66,551226,4,,0,0,0,0,469.7,33,31,277,11.74,None,,1,3,4.4,3.9,2,1.98,0.08,3.18,0.13,1.20,34.29,1.45,0.05,Mateus Gonçalo,4.4,49,23,39,1.65,3,False,108.8,65,41,708,False,514.8,64,18,Mateus Fernandes,2123,,2026-01-15T20:30:10.600167Z,55,152,94,p551226,0,0,None,0,,551226.jpg,3.9,79,38,137,0,173,False,0,0.0,[],Espanha Fernandes,0.4,269,95,False,None,25,1.06,a,74,19,21,2025-08-29,102.0,236,131,102,106527,1397,57540,2952,0.8,18.5,M.Fernandes,4
0,2003-10-08,2,171,True,True,None,None,2,0.2,30,564940,None,,0,0,0,0,82.5,287,167,115,11.49,None,,0,3,1.0,0.5,1,0.32,0.03,0.76,0.07,0.44,16.91,1.69,0.04,Soungoutou,1.0,270,122,23,2.3,1,False,29.3,335,162,718,False,166.2,288,126,,901,,None,50,277,172,p564940,0,0,None,0,,564940.jpg,2.2,306,135,49,0,73,False,0,0.0,[],Magassa,0.0,656,263,False,None,11,1.1,a,36,19,21,2025-08-30,44.0,331,173,38,5299,15,4635,30,0.2,7.6,S.Magassa,3
0,1985-04-18,0,0,True,True,25,25,0,0,0,37096,None,,0,0,0,0,0.0,677,83,0,0,None,,0,1,0.0,-0.1,0,0.00,0,0.00,0,0.00,0.00,0,0,Lukasz,0.0,605,87,0,0,0,False,0.0,685,91,738,False,0.0,683,91,,0,Back injury - 25% chance of playing,2026-01-05T18:30:10.223348Z,45,405,20,p37096,0,0,None,0,,37096.jpg,0.0,689,91,0,0,172,False,0,0,[],Fabianski,0.0,631,79,False,None,0,0,d,0,19,21,2025-09-10,0.0,658,73,0,5957,15,5614,67,0.0,0.0,Fabianski,0
0,2007-01-16,0,18,True,True,None,None,0,0.0,5,602903,None,,0,0,0,0,34.9,365,129,5,3.98,None,,0,2,0.2,-0.3,1,0.49,0.39,0.61,0.49,0.12,3.21,2.56,0.1,Ezra,0.2,357,126,3,2.39,0,False,6.6,437,158,747,False,21.8,441,165,,113,,None,40,725,201,p602903,0,0,None,0,,602903.jpg,1.0,454,166,6,0,241,False,0,0.0,[],Mayers,0.0,635,225,False,None,0,0.0,a,0,19,21,2024-11-29,9.0,410,152,6,2502,36,1996,56,0.0,1.5,Mayers,0
0,2007-11-04,0,0,True,True,None,None,0,0,0,643473,None,,0,0,0,0,0.0,615,246,0,0,None,,0,2,0.0,-0.5,0,0.00,0,0.00,0,0.00,0.00,0,0,Airidas,0.0,514,214,0,0,0,False,0.0,625,246,752,False,0.0,623,246,,0,,None,40,736,212,p643473,0,0,None,0,,643473.jpg,0.0,633,246,0,0,241,False,0,0,[],Golambeckis,0.0,653,230,False,None,0,0,a,0,19,21,2025-07-23,0.0,588,244,0,2047,39,1766,78,0.0,0.0,Golambeckis,0
0,2005-09-20,0,20,True,True,None,None,0,0.0,1,630699,None,,0,0,0,0,11.9,411,203,10,39.13,None,,0,3,0.4,-0.1,1,0.02,0.08,0.05,0.2,0.03,0.97,3.8,0.12,Mohamadou,0.4,338,155,0,0.0,0,False,2.4,464,210,758,False,10.4,456,204,,23,,None,45,506,312,p630699,0,0,None,0,,630699.jpg,1.0,483,220,5,0,73,False,0,0.0,[],Kanté,0.0,735,310,False,None,0,0.0,a,4,19,21,2024-08-22,4.0,433,213,5,1763,34,1080,35,0.1,1.1,Mohamadou Kanté,0
0,2004-01-02,0,21,True,True,0,0,0,0.0,5,530335,None,,0,0,0,0,53.4,334,39,25,9.0,None,,0,4,0.0,0.0,0,0.07,0.03,0.41,0.15,0.34,3.74,1.35,0.12,Pablo Felipe,0.6,318,42,4,1.44,0,False,9.4,418,52,785,False,19.6,446,53,Pablo,250,Calf injury - Unknown return date,2026-02-11T13:00:10.463810Z,55,151,38,p530335,0,0,None,0,,530335.jpg,1.6,396,47,11,0,30,False,0,0.0,[],Pereira de Jesus,0.0,738,90,False,None,3,1.08,i,9,19,21,2026-01-02,21.0,380,55,8,4510,11,3669,130,0.1,1.5,Pablo,0
1,1998-10-03,1,91,True,True,None,None,3,0.41,13,247670,None,,0,0,0,0,85.1,280,27,32,4.4,None,,0,4,3.8,3.3,7,0.48,0.07,2.87,0.4,2.39,9.17,1.26,0.33,Valentín,3.8,82,11,11,1.51,2,False,41.1,281,31,791,False,104.0,345,35,,655,,None,55,143,35,p247670,0,0,None,0,,247670.jpg,3.2,161,16,14,0,10,False,0,0.0,[],Castellanos,0.1,456,66,False,None,8,1.1,a,5,19,21,2026-01-05,232.0,103,28,26,27693,972,13952,597,0.7,4.7,Taty,2
0,2003-11-18,0,0,True,True,None,None,0,0,0,572702,None,,0,0,0,0,0.0,790,348,0,0,None,,0,3,0.0,-0.5,0,0.00,0,0.00,0,0.00,0.00,0,0,Keiber,0.0,754,325,0,0,0,False,0.0,792,348,802,False,0.0,792,348,,0,,None,50,280,174,p572702,0,0,None,0,,572702.jpg,0.0,793,349,0,0,233,False,0,0,[],Lamadrid,0.0,787,345,False,None,0,0,a,0,19,21,2026-01-22,0.0,786,346,0,374,9,251,38,0.0,0.0,Lamadrid,0
0,1998-03-11,0,53,True,True,None,None,2,0.5,24,220362,None,,0,0,0,0,12.6,409,149,25,6.25,None,,0,2,3.0,2.5,-2,0.01,0.0,0.70,0.17,0.69,4.40,1.1,0.17,Axel,3.0,115,40,6,1.5,0,False,13.2,395,143,815,False,66.4,393,150,,360,,None,45,420,80,p220362,1,0,None,0,,220362.jpg,3.0,187,70,8,0,73,False,0,0.0,[],Disasi,0.1,497,176,False,None,4,1.0,a,1,19,21,2026-02-02,53.0,317,100,12,14108,371,3571,849,0.7,2.7,Disasi,0
0,1993-03-25,0,117,True,True,None,None,0,0.0,24,101982,None,,0,0,-1,1,0.1,485,14,0,0.0,None,,0,1,-1.0,-0.5,0,0.02,0.0,0.02,0.0,0.00,18.59,1.55,0.0,Sam,0.0,569,86,24,2.0,0,False,30.8,327,21,627,False,308.0,182,21,,1080,,None,44,521,26,p101982,1,0,None,0,,101982.jpg,1.8,363,28,107,0,241,False,39,3.25,"[{'property': 'blank_gw', 'notes': 'This player currently has no Premier League fixture in Gameweek 31.', 'gameweek': 31, 'url': None}]",Johnstone,0.1,426,64,False,None,12,1.0,a,2,20,39,2024-08-30,0.0,628,72,21,19907,127,24164,152,0.0,4.8,Johnstone,0
0,1993-01-17,6,229,True,True,None,None,4,0.24,32,149065,None,,0,0,-3,3,10.0,419,5,0,0.0,None,,2,1,4.0,4.5,8,0.03,0.0,0.03,0.0,0.00,25.01,1.47,0.0,José,5.0,26,2,27,1.59,0,False,38.4,296,19,628,False,371.0,131,19,José Sá,1530,,None,42,628,33,p149065,0,0,None,0,,149065.jpg,3.1,166,17,149,0,173,False,44,2.59,"[{'property': 'blank_gw', 'notes': 'This player currently has no Premier League fixture in Gameweek 31.', 'gameweek': 31, 'url': None}]",Malheiro de Sá,1.2,174,22,False,None,17,1.0,a,0,20,39,2021-07-15,0.0,596,65,53,99694,3236,179684,974,1.2,12.6,José Sá,1
0,1993-07-13,0,0,True,True,100,100,0,0,0,79602,None,,0,0,-1,1,0.0,519,23,0,0,None,,0,1,-1.0,-0.5,0,0.00,0,0.00,0,0.00,0.00,0,0,Daniel,0.0,414,30,0,0,0,False,0.0,533,39,629,False,0.0,531,39,,0,,2026-01-15T19:30:10.431067Z,39,742,70,p79602,0,0,None,0,,79602.jpg,0.0,541,39,0,0,241,False,0,0,"[{'property': 'blank_gw', 'notes': 'This player currently has no Premier League fixture in Gameweek 31.', 'gameweek': 31, 'url': None}]",Bentley,0.5,261,34,False,None,0,0,a,0,20,39,2023-01-25,0.0,488,10,0,19150,379,51083,231,0.0,0.0,Bentley,0
0,1997-06-17,0,86,False,True,0,0,0,0.0,93,516939,None,,0,0,-3,3,76.0,300,98,125,10.23,None,,0,2,0.0,0.0,0,0.40,0.03,0.97,0.08,0.57,18.26,1.49,0.05,Emmanuel,0.0,529,222,29,2.37,0,False,46.4,257,82,631,False,312.2,178,74,,1100,has joined Besiktas permanently.,2026-02-08T15:58:03.693568Z,42,640,151,p516939,0,0,None,0,,516939.jpg,1.6,385,145,65,1,54,False,0,0.0,"[{'property': 'blank_gw', 'notes': 'This player currently has no Premier League fixture in Gameweek 31.', 'gameweek': 31, 'url': None}]",Agbadou,0.1,450,165,False,None,12,0.98,u,32,20,39,2025-01-09,75.0,277,79,23,24605,0,63229,53,0.0,5.5,Agbadou,1
0,1992-01-16,0,43,True,True,100,100,1,0.14,39,87835,None,,0,0,-1,1,50.4,338,115,52,7.27,None,,0,2,-1.0,-0.5,0,0.19,0.03,0.28,0.04,0.09,12.04,1.68,0.01,Matt,0.0,568,230,14,1.96,0,False,18.0,375,132,632,False,110.6,341,128,,644,,2025-10-31T09:00:09.720618Z,44,519,100,p87835,0,0,None,0,,87835.jpg,1.2,437,158,25,0,104,False,0,0.0,"[{'property': 'blank_gw', 'notes': 'This player currently has no Premier League fixture in Gameweek 31.', 'gameweek': 31, 'url': None}]",Doherty,0.1,500,178,False,None,9,1.26,a,13,20,39,2023-07-20,18.0,385,136,11,6430,44,20383,83,0.0,2.5,Doherty,4
2,2002-09-18,4,285,True,True,100,100,4,0.2,87,490721,1,,0,0,-2,2,510.1,28,2,139,6.78,None,,1,2,2.8,3.3,6,2.66,0.13,3.16,0.15,0.50,29.02,1.42,0.02,Hugo,3.8,76,23,30,1.46,1,False,109.2,64,10,633,False,447.4,83,36,Hugo Bueno,1845,,2025-12-19T14:30:09.734923Z,43,596,137,p490721,0,0,None,0,,490721.jpg,2.7,230,90,96,0,200,False,0,0.0,"[{'property': 'blank_gw', 'notes': 'This player currently has no Premier League fixture in Gameweek 31.', 'gameweek': 31, 'url': None}]",Bueno López,0.2,357,130,False,None,20,0.98,a,52,20,39,2021-01-29,132.0,204,49,71,49090,1490,33487,623,0.9,16.5,H.Bueno,1
0,2001-05-02,3,186,True,True,100,100,4,0.23,111,501837,None,,0,0,-2,2,113.8,234,63,158,8.97,None,,1,2,3.6,4.1,9,0.43,0.02,1.96,0.11,1.53,26.69,1.51,0.09,Yerson,4.6,37,11,28,1.59,0,False,62.1,198,65,634,False,317.6,174,72,,1586,,2025-12-29T19:30:09.954306Z,43,602,138,p501837,2,0,None,0,,501837.jpg,2.5,268,103,73,0,48,False,0,0.0,"[{'property': 'suspension_risk', 'notes': 'This player currently has nine yellow cards in the Premier League and will face a two-match suspension should they receive another before Gameweek 33.', 'gameweek': None, 'url': None}, {'property': 'blank_gw', 'notes': 'This player currently has no Premier League fixture in Gameweek 31.', 'gameweek': 31, 'url': None}]",Mosquera Valdelamar,0.1,464,170,False,None,18,1.02,a,47,20,39,2021-06-17,190.0,138,26,49,15082,1262,11627,210,1.1,11.4,Mosquera,10
0,2003-07-07,0,70,True,True,100,100,0,0.0,19,483081,None,,0,0,-1,1,60.1,325,109,34,5.31,None,,0,2,1.0,1.5,7,0.29,0.05,1.67,0.27,1.38,7.78,1.22,0.22,Rodrigo,2.0,180,63,10,1.56,2,False,35.3,305,102,635,False,134.0,316,120,Rodrigo Gomes,576,,2025-10-31T09:00:09.735105Z,44,545,119,p483081,0,0,None,0,,483081.jpg,2.1,320,117,21,0,173,False,0,0.0,"[{'property': 'blank_gw', 'notes': 'This player currently has no Premier League fixture in Gameweek 31.', 'gameweek': 31, 'url': None}]",Martins Gomes,0.1,559,200,False,None,6,0.94,a,15,20,39,2024-07-01,157.0,169,37,27,9998,341,14942,75,0.5,6.1,R.Gomes,0
2,1998-11-09,2,239,True,True,100,100,4,0.21,106,231480,None,,0,0,-1,1,98.1,258,76,146,7.54,None,,1,2,2.6,3.1,6,1.04,0.05,2.67,0.13,1.63,28.39,1.47,0.08,Santiago,3.6,87,28,30,1.55,2,False,65.8,182,60,636,False,416.0,102,47,Santiago Bueno,1742,,2025-12-29T19:30:09.980940Z,44,531,110,p231480,0,0,None,0,,231480.jpg,3.5,117,40,41,0,230,False,0,0.0,"[{'property': 'blank_gw', 'notes': 'This player currently has no Premier League fixture in Gameweek 31.', 'gameweek': 31, 'url': None}]",Ignacio Bueno,0.1,440,163,False,None,19,0.98,a,40,20,39,2023-08-31,145.0,187,43,70,28709,676,23431,346,0.8,15.9,S.Bueno,3
0,1999-01-16,0,102,True,True,100,100,1,0.09,80,510362,None,,0,0,-3,3,78.2,298,97,96,8.32,None,,0,2,0.6,1.1,8,0.21,0.02,0.43,0.04,0.22,18.99,1.64,0.02,Toti,1.6,212,78,25,2.17,0,False,35.3,304,101,637,False,240.4,228,89,Toti Gomes,1039,,2025-12-23T17:30:09.064024Z,42,639,150,p510362,0,0,None,0,,510362.jpg,2.0,326,121,40,1,173,False,0,0.0,"[{'property': 'blank_gw', 'notes': 'This player currently has no Premier League fixture in Gameweek 31.', 'gameweek': 31, 'url': None}]",Gomes,0.1,518,184,False,None,13,1.13,a,16,20,39,2022-01-14,34.0,348,115,28,7185,235,19504,34,0.4,6.7,Toti,1
0,2002-01-18,0,38,False,True,0,0,0,0.0,27,441271,None,,0,0,-2,2,87.8,274,86,40,8.51,None,,0,2,0.0,0.0,0,0.36,0.08,0.38,0.08,0.02,9.36,1.99,0.0,Ki-Jana,0.0,395,146,13,2.77,0,False,20.3,367,127,638,False,101.4,349,134,,423,has joined Sheffield United on loan for the rest of the season.,2026-01-15T12:48:19.136376Z,38,796,244,p441271,0,0,None,0,,441271.jpg,1.2,434,155,16,0,152,False,0,0.0,"[{'property': 'blank_gw', 'notes': 'This player currently has no Premier League fixture in Gameweek 31.', 'gameweek': 31, 'url': None}]",Hoever,1.0,194,74,False,None,6,1.28,u,13,20,39,2020-09-19,13.0,393,141,10,121813,0,258878,1178,0.0,2.6,Hoever,0
0,2006-03-19,0,0,False,True,0,0,0,0,0,560248,None,,0,0,0,0,0.0,599,231,0,0,None,,0,2,0.0,0.0,0,0.00,0,0.00,0,0.00,0.00,0,0,Bastien,0.0,497,198,0,0,0,False,0.0,609,231,639,False,0.0,607,231,,0,On loan to FC Alverca,2025-07-23T18:49:36.204721Z,40,714,191,p560248,0,0,None,0,,560248.jpg,0.0,617,231,0,0,73,False,0,0,"[{'property': 'blank_gw', 'notes': 'This player currently has no Premier League fixture in Gameweek 31.', 'gameweek': 31, 'url': None}]",Meupiyou Menadjou,0.0,762,259,False,None,0,0,u,0,20,39,2024-08-29,0.0,571,228,0,0,0,874,2,0.0,0.0,Meupiyou,0
0,2006-07-01,0,5,True,True,100,100,0,0.0,0,641221,None,,0,0,0,0,0.5,472,174,0,0.0,None,,0,2,-0.8,-0.3,0,0.00,0.0,0.00,0.0,0.00,0.79,23.7,0.0,Pedro,0.2,359,128,1,30.0,0,False,0.2,502,178,640,False,0.2,503,179,Pedro Lima,3,,2025-09-02T13:11:07.466362Z,40,734,210,p641221,0,0,None,0,,641221.jpg,1.0,457,169,1,0,30,False,0,0.0,"[{'property': 'blank_gw', 'notes': 'This player currently has no Premier League fixture in Gameweek 31.', 'gameweek': 31, 'url': None}]",Cardoso de Lima,0.4,287,106,False,None,0,0.0,a,0,20,39,2024-07-02,2.0,441,165,3,9837,104,89078,163,0.0,0.8,Pedro Lima,0
0,2004-03-01,0,0,False,True,0,0,0,0,0,517179,None,,0,0,-1,1,0.0,542,204,0,0,None,,0,2,0.0,0.0,0,0.00,0,0.00,0,0.00,0.00,0,0,Alfie,0.0,438,167,0,0,0,False,0.0,555,204,641,False,0.0,553,204,,0,has joined Crewe Alexandra on loan for the rest of the season.,2026-01-07T20:20:32.671640Z,39,773,226,p517179,0,0,None,0,,517179.jpg,0.0,563,204,0,0,241,False,0,0,"[{'property': 'blank_gw', 'notes': 'This player currently has no Premier League fixture in Gameweek 31.', 'gameweek': 31, 'url': None}]",Pond,1.0,193,73,False,None,0,0,u,0,20,39,2024-09-17,0.0,511,198,0,85684,0,146378,685,0.0,0.0,Pond,0
1,1996-01-26,0,125,True,True,100,25,2,0.16,22,184754,None,,0,0,-4,4,152.8,195,129,68,5.35,1,,0,3,-0.8,-0.1,0,0.92,0.07,3.02,0.24,2.10,17.67,1.39,0.17,Hwang,0.2,380,173,22,1.73,2,False,42.4,272,138,642,False,132.2,318,144,Hwang Hee-Chan,1144,,2026-02-07T22:00:09.311834Z,56,126,78,p184754,0,0,3,0,,184754.jpg,2.2,311,138,38,0,114,False,0,0.0,"[{'property': 'blank_gw', 'notes': 'This player currently has no Premier League fixture in Gameweek 31.', 'gameweek': 31, 'url': None}]",Hee-chan,0.1,468,161,False,None,15,1.18,a,8,20,39,2022-07-01,145.0,188,105,44,48430,35,58831,327,0.0,7.9,Hee Chan,3
0,2001-07-16,1,314,True,True,100,100,2,0.09,68,509291,None,,0,0,-3,3,213.7,150,103,270,12.46,None,,0,3,1.0,1.5,5,0.70,0.03,0.98,0.04,0.28,31.96,1.48,0.01,André,2.0,188,83,36,1.66,0,False,50.3,245,124,643,False,269.0,207,87,André,1950,,2026-02-07T22:00:09.326016Z,52,216,134,p509291,0,0,None,0,,509291.jpg,2.4,289,127,146,0,30,False,0,0.0,"[{'property': 'suspension_risk', 'notes': 'This player currently has nine yellow cards in the Premier League and will face a two-match suspension should they receive another before Gameweek 33.', 'gameweek': None, 'url': None}, {'property': 'blank_gw', 'notes': 'This player currently has no Premier League fixture in Gameweek 31.', 'gameweek': 31, 'url': None}]",Trindade da Costa Neto,0.1,528,191,False,None,21,0.97,a,56,20,39,2024-08-30,21.0,379,192,63,13237,240,17327,109,0.4,12.1,André,9
0,1998-06-27,0,160,True,True,100,100,3,0.28,26,231057,3,,0,0,-4,4,141.1,205,133,81,7.47,2,,0,3,0.4,0.9,2,0.65,0.06,1.68,0.15,1.03,16.93,1.56,0.09,Jean-Ricner,1.4,236,103,23,2.12,1,False,42.5,271,137,644,False,149.8,301,136,,976,,2025-12-09T13:00:10.361407Z,51,231,142,p231057,0,0,None,0,,231057.jpg,1.6,392,171,31,0,92,False,0,0.0,"[{'property': 'blank_gw', 'notes': 'This player currently has no Premier League fixture in Gameweek 31.', 'gameweek': 31, 'url': None}]",Bellegarde,0.0,600,228,False,None,12,1.11,a,24,20,39,2023-09-01,138.0,196,109,33,5445,113,11379,125,0.3,6.5,Bellegarde,4
1,2004-05-24,0,38,False,True,0,0,0,0.0,1,643135,None,,0,0,-4,4,61.0,321,180,12,4.74,None,,0,3,0.0,0.0,0,0.61,0.24,0.77,0.3,0.16,3.98,1.57,0.06,Fer,0.0,762,329,9,3.55,0,False,12.4,404,184,645,False,29.0,431,190,,228,has joined Celta Vigo on loan for the rest of the season.,2026-01-27T16:47:01.662371Z,51,242,147,p643135,0,0,None,0,,643135.jpg,1.3,431,194,10,0,200,False,0,0.0,"[{'property': 'blank_gw', 'notes': 'This player currently has no Premier League fixture in Gameweek 31.', 'gameweek': 31, 'url': None}]",López González,0.0,655,262,False,None,2,0.79,u,1,20,39,2025-06-20,37.0,341,177,12,1383,0,4911,13,0.0,2.4,Fer López,1
1,2001-02-12,4,400,True,True,100,100,4,0.17,71,448089,None,,0,0,-2,2,281.2,100,73,296,12.58,1,,1,3,3.4,3.9,14,1.33,0.06,2.45,0.11,1.12,34.25,1.46,0.05,João Victor,4.4,46,20,40,1.7,1,False,80.3,128,71,646,False,367.6,136,44,João Gomes,2117,,2026-01-05T19:30:09.679999Z,53,197,123,p448089,0,0,None,0,,448089.jpg,3.0,193,82,148,0,30,False,0,0.0,"[{'property': 'blank_gw', 'notes': 'This player currently has no Premier League fixture in Gameweek 31.', 'gameweek': 31, 'url': None}]",Gomes da Silva,0.3,332,113,False,None,24,1.02,a,77,20,39,2023-01-30,149.0,183,102,82,59143,3574,41799,1233,0.8,15.5,J.Gomes,8
0,1996-11-29,0,0,False,True,0,0,0,0,0,181284,None,,0,0,0,0,0.0,804,357,0,0,None,,0,3,0.0,0.0,0,0.00,0,0.00,0,0.00,0.00,0,0,Gonçalo Manuel,0.0,788,348,0,0,0,False,0.0,805,357,647,False,0.0,805,357,,0,Has joined Real Sociedad permanently.,2025-08-11T01:21:19.226169Z,55,139,86,p181284,0,0,None,0,,181284.jpg,0.0,806,358,0,0,173,False,0,0,"[{'property': 'blank_gw', 'notes': 'This player currently has no Premier League fixture in Gameweek 31.', 'gameweek': 31, 'url': None}]",Ganchinho Guedes,0.0,795,350,False,None,0,0,u,0,20,39,2022-08-08,0.0,802,356,0,0,0,796,0,0.0,0.0,Guedes,0
2,1996-06-22,1,131,False,True,0,0,0,0.0,39,433312,None,,0,0,-2,2,61.8,320,179,80,8.26,None,,0,3,0.0,0.0,0,0.38,0.04,2.02,0.21,1.64,13.36,1.38,0.17,Marshall,0.0,771,335,19,1.96,1,False,42.1,275,140,648,False,163.6,291,128,,872,has joined Paris FC on loan for the rest of the season.,2025-12-04T10:30:09.808170Z,53,196,122,p433312,0,0,None,0,,433312.jpg,2.9,202,84,20,0,239,False,0,0.0,"[{'property': 'blank_gw', 'notes': 'This player currently has no Premier League fixture in Gameweek 31.', 'gameweek': 31, 'url': None}]",Munetsi,0.0,623,242,False,None,9,0.93,u,21,20,39,2025-02-03,196.0,129,75,38,19177,0,23069,12,0.0,7.2,Munetsi,2
0,2001-08-20,0,0,False,True,0,0,0,0,0,476502,None,,0,0,0,0,0.0,783,343,0,0,None,,0,3,0.0,0.0,0,0.00,0,0.00,0,0.00,0.00,0,0,Boubacar,0.0,745,318,0,0,0,False,0.0,785,343,649,False,0.0,785,343,,0,Has joined FC Metz on loan for the rest of the season.,2025-07-25T14:53:52.740212Z,50,264,161,p476502,0,0,None,0,,476502.jpg,0.0,786,344,0,0,132,False,0,0,"[{'property': 'blank_gw', 'notes': 'This player currently has no Premier League fixture in Gameweek 31.', 'gameweek': 31, 'url': None}]",Traoré,0.0,813,362,False,None,0,0,u,0,20,39,2023-07-01,0.0,779,341,0,0,0,162,0,0.0,0.0,B.Traore,0
0,2003-10-12,0,4,False,True,0,0,0,0.0,1,497606,None,,0,0,-2,2,0.3,478,232,4,14.4,None,,0,3,0.0,0.0,0,0.00,0.0,0.00,0.0,0.00,0.50,1.8,0.0,Tawanda,0.0,549,183,0,0.0,0,False,0.4,491,225,650,False,3.2,480,220,,25,has joined Barnsley on loan for the rest of the season.,2026-02-02T13:41:26.666899Z,43,599,350,p497606,0,0,None,0,,497606.jpg,1.0,461,201,1,0,239,False,0,0.0,"[{'property': 'blank_gw', 'notes': 'This player currently has no Premier League fixture in Gameweek 31.', 'gameweek': 31, 'url': None}]",Chirewa,0.2,369,123,False,None,0,0.0,u,2,20,39,2023-12-01,0.0,611,229,2,30885,0,47962,165,0.0,0.5,Chirewa,0
0,2006-05-18,0,22,True,True,None,None,0,0.0,0,596054,None,,0,0,-2,2,0.1,484,235,0,0.0,None,,0,3,0.2,0.7,0,0.00,0.0,0.17,2.55,0.17,0.20,3.0,2.55,Tom,1.2,244,109,0,0.0,1,False,5.2,443,199,651,False,34.4,422,186,,6,,None,43,616,361,p596054,0,0,None,0,,596054.jpg,6.0,5,3,0,0,241,False,0,0.0,"[{'property': 'blank_gw', 'notes': 'This player currently has no Premier League fixture in Gameweek 31.', 'gameweek': 31, 'url': None}]",Edozie,0.4,276,97,False,None,0,0.0,a,0,20,39,2024-11-22,17.0,387,194,6,63038,1291,65590,716,0.3,1.4,Edozie,0
0,2005-01-20,0,0,True,True,None,None,0,0,0,593001,None,,0,0,-2,2,0.0,645,248,0,0,None,,0,3,-1.0,-0.5,0,0.00,0,0.00,0,0.00,0.00,0,0,Enso,0.0,562,192,0,0,0,False,0.0,651,245,652,False,0.0,649,243,,0,,None,43,615,360,p593001,0,0,None,0,,593001.jpg,0.0,659,253,0,0,168,False,0,0,"[{'property': 'blank_gw', 'notes': 'This player currently has no Premier League fixture in Gameweek 31.', 'gameweek': 31, 'url': None}]",González Medina,1.3,170,60,False,None,0,0,a,0,20,39,2023-08-31,0.0,622,237,0,196146,920,239159,1582,0.0,0.0,Gonzalez,0
0,None,0,0,False,True,0,0,0,0,0,240299,None,,0,0,0,0,0.0,687,271,0,0,None,,0,3,0.0,0.0,0,0.00,0,0.00,0,0.00,0.00,0,0,Joe,0.0,616,220,0,0,0,False,0.0,694,270,653,False,0.0,692,268,,0,Signed by CD Tondela,2025-07-23T18:50:21.231185Z,45,424,254,p240299,0,0,None,0,,240299.jpg,0.0,698,274,0,0,None,False,0,0,"[{'property': 'blank_gw', 'notes': 'This player currently has no Premier League fixture in Gameweek 31.', 'gameweek': 31, 'url': None}]",Hodge,0.0,660,266,False,None,0,0,u,0,20,39,None,0.0,669,263,0,0,0,5757,11,0.0,0.0,Hodge,0
0,2002-07-19,0,0,False,True,0,0,0,0,0,449988,None,,0,0,-1,1,0.0,771,85,0,0,None,,0,4,0.0,0.0,0,0.00,0,0.00,0,0.00,0.00,0,0,Fábio,0.0,731,78,0,0,0,False,0.0,775,86,655,False,0.0,775,86,,0,has joined Borussia Dortmund permanently.,2025-09-02T13:11:07.488555Z,49,331,61,p449988,0,0,None,0,,449988.jpg,0.0,776,86,0,0,173,False,0,0,"[{'property': 'blank_gw', 'notes': 'This player currently has no Premier League fixture in Gameweek 31.', 'gameweek': 31, 'url': None}]",Soares Silva,0.2,399,62,False,None,0,0,u,0,20,39,2020-09-05,0.0,766,85,0,7178,0,55306,22,0.0,0.0,Fábio Silva,0
0,1997-07-07,0,1,False,True,0,0,0,0.0,1,429414,None,,0,0,-1,1,4.3,442,58,2,12.86,None,,0,4,0.0,0.0,0,0.01,0.06,0.01,0.06,0.00,0.10,0.64,0.0,Saša,0.0,725,77,0,0.0,0,False,0.7,487,61,656,False,1.0,498,61,,14,has joined LASK on loan for the rest of the season.,2025-09-08T09:11:55.060395Z,49,323,59,p429414,0,0,None,0,,429414.jpg,1.0,489,59,1,0,14,False,0,0.0,"[{'property': 'blank_gw', 'notes': 'This player currently has no Premier League fixture in Gameweek 31.', 'gameweek': 31, 'url': None}]",Kalajdžić,0.0,590,80,False,None,0,0.0,u,0,20,39,2022-08-31,2.0,452,61,1,1691,0,10128,4,0.0,0.2,Kalajdžić,0
0,None,0,0,True,True,100,0,0,0,0,589507,None,,0,0,-1,1,0.0,673,73,0,0,None,,0,4,-1.0,0.0,0,0.00,0,0.00,0,0.00,0.00,0,0,Leon,0.0,598,64,0,0,0,False,0.0,680,74,657,False,0.0,678,74,,0,,2025-07-21T10:00:05.148649Z,44,565,82,p589507,0,0,None,0,,589507.jpg,0.0,685,74,0,0,None,False,0,0,"[{'property': 'blank_gw', 'notes': 'This player currently has no Premier League fixture in Gameweek 31.', 'gameweek': 31, 'url': None}]",Chiwome,0.0,650,83,False,None,0,0,a,0,20,39,None,0.0,653,73,0,4889,60,7261,43,0.0,0.0,Chiwome,0
0,None,0,0,True,True,None,None,0,0,0,531363,None,,0,0,-3,3,0.0,625,62,0,0,None,,0,4,-1.0,-0.5,0,0.00,0,0.00,0,0.00,0.00,0,0,Nathan,0.0,530,51,0,0,0,False,0.0,633,63,658,False,0.0,631,63,,0,,None,42,641,89,p531363,0,0,None,0,,531363.jpg,0.0,640,63,0,0,None,False,0,0,"[{'property': 'blank_gw', 'notes': 'This player currently has no Premier League fixture in Gameweek 31.', 'gameweek': 31, 'url': None}]",Fraser,1.9,138,23,False,None,0,0,a,0,20,39,None,0.0,600,62,0,273379,1049,352938,4026,0.0,0.0,Fraser,0
0,1997-09-21,2,175,False,True,0,0,2,0.16,24,230376,None,,0,0,-6,6,204.0,157,109,125,10.07,None,,0,3,0.0,0.0,0,0.62,0.05,4.00,0.32,3.38,16.00,1.29,0.27,Jhon,0.0,722,302,21,1.69,1,False,52.1,234,117,663,False,171.0,283,123,,1117,has joined Palmeiras permanently.,2026-02-08T15:58:03.708628Z,49,319,198,p230376,0,0,None,0,,230376.jpg,2.0,332,144,58,0,48,False,0,0.0,"[{'property': 'blank_gw', 'notes': 'This player currently has no Premier League fixture in Gameweek 31.', 'gameweek': 31, 'url': None}]",Arias,0.1,433,145,False,None,14,1.13,u,43,20,39,2025-07-24,148.0,184,103,45,20148,0,81733,122,0.0,9.2,J.Arias,1
2,2002-04-23,0,50,True,True,None,None,0,0.0,31,497949,None,,0,0,-3,3,110.5,239,67,38,4.49,None,,0,2,-0.6,-0.1,0,1.04,0.12,1.17,0.14,0.13,16.26,1.92,0.02,David,0.4,332,115,20,2.37,0,False,28.9,337,115,682,False,133.0,317,121,,761,,None,42,637,148,p497949,0,0,None,0,,497949.jpg,1.4,417,150,19,0,161,False,0,0.0,"[{'property': 'blank_gw', 'notes': 'This player currently has no Premier League fixture in Gameweek 31.', 'gameweek': 31, 'url': None}]",Møller Wolfe,0.1,545,196,False,None,8,0.95,a,7,20,39,2025-08-02,44.0,329,108,23,4597,37,9255,42,0.1,5.5,Møller Wolfe,1
0,2001-09-14,0,132,True,True,None,None,3,0.18,67,523705,None,,0,0,-1,1,263.2,114,30,92,5.47,None,,0,2,0.8,1.3,6,1.10,0.07,1.36,0.09,0.26,22.16,1.32,0.02,Jackson,1.8,194,70,28,1.66,0,False,55.8,221,74,695,False,253.8,214,83,,1515,,None,44,552,120,p523705,0,0,None,0,,523705.jpg,1.7,378,143,53,0,38,False,0,0.0,"[{'property': 'blank_gw', 'notes': 'This player currently has no Premier League fixture in Gameweek 31.', 'gameweek': 31, 'url': None}]",Tchatchoua,0.0,643,226,False,None,15,0.89,a,25,20,39,2025-08-19,40.0,337,111,45,5969,88,5770,36,0.4,10.2,Tchatchoua,3
1,1999-04-20,0,192,True,True,100,0,3,0.15,132,431248,None,,0,0,0,0,115.0,231,61,153,7.42,None,,0,2,0.8,0.0,0,1.35,0.07,3.32,0.17,1.97,29.52,1.43,0.1,Ladislav,1.8,195,71,35,1.7,2,False,75.4,141,46,709,False,430.8,92,42,,1857,,2026-02-22T23:00:10.072984Z,45,427,84,p431248,1,0,None,0,,431248.jpg,2.5,270,105,60,1,57,False,0,0.0,"[{'property': 'blank_gw', 'notes': 'This player currently has no Premier League fixture in Gameweek 31.', 'gameweek': 31, 'url': None}]",Krejcí,0.1,542,194,False,None,21,1.02,a,21,20,39,2025-08-28,206.0,117,19,55,23749,107,19410,276,0.4,12.2,Krejčí,2
1,2000-11-23,4,154,True,True,None,None,3,0.23,36,488213,None,,0,0,-1,1,149.9,199,19,65,4.94,None,,0,4,1.6,2.1,1,0.33,0.03,4.37,0.34,4.04,19.56,1.49,0.31,Tolu,2.6,143,20,24,1.82,2,False,73.8,145,19,720,False,165.6,289,28,,1185,,None,54,176,44,p488213,0,1,5,0,,488213.jpg,2.0,339,39,23,0,157,False,0,0.0,"[{'property': 'blank_gw', 'notes': 'This player currently has no Premier League fixture in Gameweek 31.', 'gameweek': 31, 'url': None}]",Arokodare,0.2,387,60,False,None,12,0.91,a,6,20,39,2025-09-01,430.0,32,16,50,61355,297,41168,2332,0.5,9.3,Tolu,1
2,2007-09-16,6,204,True,True,None,None,4,0.31,26,647671,2,,0,0,1,-1,222.1,139,11,90,6.95,3,,1,4,1.0,1.5,2,1.60,0.12,2.92,0.22,1.32,20.56,1.59,0.1,Mateus,2.0,182,24,18,1.39,2,False,63.4,196,24,749,False,216.4,249,22,,1166,,None,46,404,66,p647671,0,0,None,0,,647671.jpg,2.8,216,21,48,0,241,False,0,0.0,"[{'property': 'blank_gw', 'notes': 'This player currently has no Premier League fixture in Gameweek 31.', 'gameweek': 31, 'url': None}]",Mané,2.4,120,19,False,None,12,0.93,a,16,20,39,2025-02-24,196.0,128,32,50,529571,3699,226267,18425,0.4,10.9,Mané,0
0,2007-01-07,0,0,True,True,None,None,0,0,0,601956,None,,0,0,0,0,0.0,608,239,0,0,None,,0,2,-1.0,-0.5,0,0.00,0,0.00,0,0.00,0.00,0,0,Saheed,0.0,507,207,0,0,0,False,0.0,618,239,766,False,0.0,616,239,,0,,None,40,724,200,p601956,0,0,None,0,,601956.jpg,0.0,626,239,0,0,241,False,0,0,"[{'property': 'blank_gw', 'notes': 'This player currently has no Premier League fixture in Gameweek 31.', 'gameweek': 31, 'url': None}]",Olagunju,0.0,661,233,False,None,0,0,a,0,20,39,2025-12-19,0.0,580,236,0,2850,127,1440,77,0.0,0.0,Olagunju,0
0,2008-04-04,0,0,True,True,None,None,0,0,0,605319,None,,0,0,0,0,0.0,734,309,0,0,None,,0,3,-1.0,-0.5,0,0.00,0,0.00,0,0.00,0.00,0,0,Luke,0.0,670,265,0,0,0,False,0.0,740,309,767,False,0.0,740,309,,0,,None,45,494,303,p605319,0,0,None,0,,605319.jpg,0.0,742,311,0,0,241,False,0,0,"[{'property': 'blank_gw', 'notes': 'This player currently has no Premier League fixture in Gameweek 31.', 'gameweek': 31, 'url': None}]",Rawlings,0.0,767,329,False,None,0,0,a,0,20,39,2024-07-30,0.0,721,305,0,1033,23,638,25,0.0,0.0,Rawlings,0
0,2005-03-30,0,0,False,True,0,0,0,0,0,514362,None,,0,0,0,0,0.0,705,286,0,0,None,,0,3,0.0,0.0,0,0.00,0,0.00,0,0.00,0.00,0,0,Temple,0.0,636,237,0,0,0,False,0.0,710,285,777,False,0.0,709,284,,0,has joined Shrewsbury Town on loan for the rest of the season.,2026-02-06T22:51:28.266989Z,45,455,272,p514362,0,0,None,0,,514362.jpg,0.0,714,289,0,0,106,False,0,0,"[{'property': 'blank_gw', 'notes': 'This player currently has no Premier League fixture in Gameweek 31.', 'gameweek': 31, 'url': None}]",Ojinnaka,0.0,803,356,False,None,0,0,u,0,20,39,2024-04-19,0.0,689,279,0,415,0,318,10,0.0,0.0,Ojinnaka,0
0,2006-04-25,0,0,True,True,None,None,0,0,0,589121,None,,0,0,0,0,0.0,727,304,0,0,None,,0,3,-1.0,-0.5,0,0.00,0,0.00,0,0.00,0.00,0,0,Ethan,0.0,663,260,0,0,0,False,0.0,733,304,778,False,0.0,733,304,,0,,None,45,486,297,p589121,0,0,None,0,,589121.jpg,0.0,735,306,0,0,243,False,0,0,"[{'property': 'blank_gw', 'notes': 'This player currently has no Premier League fixture in Gameweek 31.', 'gameweek': 31, 'url': None}]",Sutherland,0.0,757,322,False,None,0,0,a,0,20,39,2025-12-29,0.0,714,300,0,1227,32,675,26,0.0,0.0,Sutherland,0
0,2009-09-16,0,0,True,True,None,None,0,0,0,685628,None,,0,0,0,0,0.0,749,321,0,0,None,,0,3,-1.0,-0.5,0,0.00,0,0.00,0,0.00,0.00,0,0,Jerome,0.0,687,278,0,0,0,False,0.0,755,321,809,False,0.0,755,321,,0,,None,45,515,318,p685628,0,0,None,0,,685628.jpg,0.0,756,322,0,0,241,False,0,0,"[{'property': 'blank_gw', 'notes': 'This player currently has no Premier League fixture in Gameweek 31.', 'gameweek': 31, 'url': None}]",Abbey,0.0,760,324,False,None,0,0,a,0,20,39,2026-01-30,0.0,737,318,0,880,84,246,44,0.0,0.0,Abbey,0
0,2000-08-31,0,49,True,True,100,100,1,0.51,4,209041,None,,-1,1,-2,2,38.8,356,187,18,9.1,None,,0,3,0.6,1.1,1,0.08,0.04,0.13,0.07,0.05,7.29,3.69,0.03,Angel,1.6,217,94,4,2.02,0,False,8.4,425,191,816,False,34.8,421,185,,178,,2026-02-19T00:30:09.533929Z,48,357,224,p209041,0,0,None,0,,209041.jpg,1.6,388,168,9,0,241,False,0,0.0,"[{'property': 'blank_gw', 'notes': 'This player currently has no Premier League fixture in Gameweek 31.', 'gameweek': 31, 'url': None}]",Gomes,0.0,688,282,False,None,3,1.52,a,5,20,39,2026-02-02,10.0,406,200,8,4124,54,2005,249,0.3,1.7,Angel,0
2,1997-02-10,0,54,True,True,None,None,3,0.64,6,155511,None,,0,0,-1,1,60.2,324,35,17,3.63,None,,0,4,1.8,2.3,4,0.58,0.12,0.76,0.16,0.18,9.56,2.04,0.04,Adam,2.8,134,17,5,1.07,0,False,12.5,402,49,817,False,53.2,405,43,,422,,None,54,160,40,p155511,0,0,None,0,,155511.jpg,2.8,224,23,9,0,241,False,0,0.0,"[{'property': 'blank_gw', 'notes': 'This player currently has no Premier League fixture in Gameweek 31.', 'gameweek': 31, 'url': None}]",Armstrong,0.1,546,77,False,None,5,1.07,a,2,20,39,2026-02-02,11.0,400,56,14,14717,528,6832,772,0.5,2.6,Armstrong,2
